{"type":"FeatureCollection","features":[{"type":"Feature","id":"BW-CE","properties":{"code":"BW-CE","name":"Central","country":"BW","level":"REGION"},"geometry":{"type":"Polygon","coordinates":[[[26.9621,-23.7468],[26.9644,-23.7367],[26.9667,-23.7337],[26.9666,-23.7298],[26.9705,-23.728],[26.9683,-23.7234],[26.9701,-23.7163],[26.9743,-23.7134],[26.9735,-23.7071],[26.9711,-23.7028],[26.9794,-23.6966],[27.0024,-23.6881],[26.9978,-23.6772],[26.9993,-23.6719],[27.0018,-23.6702],[27.0026,-23.6648],[27.0009,-23.6578],[26.9971,-23.6559],[26.9957,-23.6527],[26.9997,-23.6524],[27.0028,-23.6443],[27.0081,-23.6427],[27.0111,-23.6378],[27.0194,-23.6438],[27.0257,-23.6445],[27.026,-23.651],[27.0213,-23.6552],[27.0274,-23.66],[27.031,-23.6598],[27.0329,-23.6569],[27.0365,-23.6565],[27.035,-23.6677],[27.0311,-23.6757],[27.038,-23.6827],[27.0456,-23.6827],[27.0588,-23.6762],[27.0644,-23.6709],[27.0702,-23.671],[27.0737,-23.6637],[27.0778,-23.6608],[27.0775,-23.6576],[27.0746,-23.6548],[27.0776,-23.6539],[27.0813,-23.6551],[27.0788,-23.6481],[27.0812,-23.6433],[27.0752,-23.6358],[27.0742,-23.6321],[27.0699,-23.6302],[27.0688,-23.6256],[27.0649,-23.6273],[27.063,-23.6256],[27.0594,-23.6126],[27.0726,-23.6094],[27.071,-23.6119],[27.0736,-23.6145],[27.08,-23.6135],[27.085,-23.609],[27.0797,-23.6072],[27.0795,-23.6001],[27.0816,-23.5989],[27.0941,-23.6006],[27.0997,-23.6029],[27.0997,-23.599],[27.1055,-23.5974],[27.1086,-23.5904],[27.1065,-23.5833],[27.1083,-23.5791],[27.108,-23.5674],[27.1101,-23.5704],[27.1133,-23.5705],[27.117,-23.5665],[27.1172,-23.5622],[27.1245,-23.5687],[27.1312,-23.5694],[27.1299,-23.5741],[27.1381,-23.5741],[27.1408,-23.5728],[27.1458,-23.5748],[27.1508,-23.5721],[27.1508,-23.5676],[27.1527,-23.5674],[27.1547,-23.5694],[27.15,-23.5594],[27.1484,-23.5513],[27.14,-23.5533],[27.1346,-23.5436],[27.1348,-23.5336],[27.1395,-23.5288],[27.1376,-23.5269],[27.1333,-23.5286],[27.1357,-23.5232],[27.139,-23.5229],[27.1437,-23.5248],[27.1479,-23.5237],[27.1544,-23.5304],[27.1548,-23.5346],[27.1564,-23.5354],[27.159,-23.5332],[27.1599,-23.5371],[27.1647,-23.5363],[27.1674,-23.5286],[27.1661,-23.5247],[27.1722,-23.5219],[27.1882,-23.533],[27.1918,-23.534],[27.1937,-23.5315],[27.197,-23.5347],[27.201,-23.5343],[27.2019,-23.5287],[27.2048,-23.5268],[27.2104,-23.5274],[27.2109,-23.526],[27.2091,-23.5214],[27.2026,-23.519],[27.1996,-23.5155],[27.194,-23.5146],[27.1924,-23.4981],[27.2072,-23.4921],[27.2093,-23.49],[27.2261,-23.4851],[27.2269,-23.4861],[27.2238,-23.4947],[27.2265,-23.4972],[27.2333,-23.4959],[27.2355,-23.4944],[27.2364,-23.4849],[27.2391,-23.4829],[27.2428,-23.483],[27.2466,-23.4786],[27.2552,-23.4772],[27.2586,-23.4723],[27.2603,-23.4722],[27.2636,-23.4781],[27.2672,-23.4779],[27.2843,-23.4706],[27.2876,-23.4623],[27.2949,-23.4601],[27.3025,-23.463],[27.3057,-23.458],[27.3054,-23.4532],[27.3084,-23.4509],[27.311,-23.4523],[27.3132,-23.4505],[27.3104,-23.4471],[27.3169,-23.4461],[27.313,-23.4407],[27.3156,-23.4352],[27.3118,-23.4336],[27.3127,-23.4309],[27.3164,-23.429],[27.3201,-23.4207],[27.325,-23.4171],[27.3252,-23.4066],[27.3298,-23.4031],[27.337,-23.4004],[27.3488,-23.3975],[27.353,-23.3979],[27.3566,-23.4],[27.357,-23.4024],[27.3555,-23.4037],[27.3564,-23.4106],[27.3525,-23.4137],[27.3505,-23.4202],[27.348,-23.4224],[27.3495,-23.426],[27.3581,-23.4278],[27.3743,-23.4271],[27.3757,-23.4228],[27.3808,-23.4203],[27.3728,-23.41],[27.373,-23.4078],[27.3767,-23.4039],[27.3772,-23.399],[27.3877,-23.39],[27.4084,-23.3891],[27.4105,-23.3912],[27.4102,-23.3996],[27.4012,-23.413],[27.4052,-23.42],[27.41,-23.4243],[27.4218,-23.4265],[27.4283,-23.4247],[27.4306,-23.4164],[27.4333,-23.4129],[27.435,-23.3979],[27.4414,-23.3922],[27.442,-23.3847],[27.4484,-23.3865],[27.4553,-23.3858],[27.4584,-23.3838],[27.4673,-23.3864],[27.4711,-23.3845],[27.474,-23.3866],[27.4806,-23.3861],[27.4828,-23.3847],[27.4932,-23.387],[27.4941,-23.3843],[27.4956,-23.3841],[27.5044,-23.388],[27.5138,-23.3855],[27.5186,-23.3854],[27.523,-23.3873],[27.5286,-23.3853],[27.5286,-23.3828],[27.5323,-23.3778],[27.5366,-23.3758],[27.5385,-23.3658],[27.5417,-23.365],[27.548,-23.3582],[27.5539,-23.3571],[27.5575,-23.3505],[27.5628,-23.3496],[27.5671,-23.3411],[27.5707,-23.326],[27.5602,-23.3149],[27.5638,-23.3058],[27.5683,-23.303],[27.5687,-23.2989],[27.5731,-23.2942],[27.5726,-23.2904],[27.5763,-23.2809],[27.5731,-23.2722],[27.574,-23.2693],[27.5729,-23.2653],[27.5761,-23.2608],[27.5808,-23.2582],[27.5915,-23.2568],[27.6012,-23.2472],[27.6012,-23.244],[27.5961,-23.2329],[27.5979,-23.2197],[27.6025,-23.2162],[27.6048,-23.2159],[27.6131,-23.2197],[27.6213,-23.2181],[27.6244,-23.2206],[27.6295,-23.2212],[27.6318,-23.2236],[27.639,-23.2261],[27.6408,-23.2248],[27.6495,-23.2257],[27.6524,-23.2219],[27.6587,-23.2222],[27.6604,-23.2207],[27.6602,-23.2176],[27.6669,-23.2111],[27.6677,-23.2052],[27.672,-23.2005],[27.6893,-23.1962],[27.6998,-23.2],[27.7037,-23.2037],[27.7113,-23.2201],[27.7118,-23.226],[27.714,-23.2286],[27.7199,-23.2305],[27.7234,-23.2289],[27.7252,-23.2298],[27.7258,-23.2328],[27.7338,-23.2333],[27.7421,-23.23],[27.7521,-23.2193],[27.7508,-23.2057],[27.7541,-23.2038],[27.7561,-23.1989],[27.7596,-23.1959],[27.7596,-23.1906],[27.7684,-23.1846],[27.7696,-23.1805],[27.7809,-23.1769],[27.7851,-23.1708],[27.7856,-23.1647],[27.7833,-23.1577],[27.7711,-23.146],[27.7653,-23.1424],[27.7664,-23.1342],[27.7745,-23.1309],[27.7785,-23.1318],[27.7808,-23.1354],[27.7797,-23.1407],[27.7819,-23.1431],[27.7876,-23.141],[27.7911,-23.1414],[27.7938,-23.1375],[27.807,-23.1356],[27.8098,-23.1343],[27.8121,-23.1304],[27.8184,-23.1281],[27.8195,-23.1248],[27.8189,-23.1196],[27.8133,-23.1151],[27.812,-23.1102],[27.8141,-23.1065],[27.8196,-23.1046],[27.8226,-23.1081],[27.8285,-23.107],[27.8327,-23.1089],[27.8479,-23.1048],[27.854,-23.0998],[27.8818,-23.0902],[27.8949,-23.0828],[27.8997,-23.0781],[27.9102,-23.0752],[27.9159,-23.0699],[27.9201,-23.0683],[27.9276,-23.0574],[27.936,-23.0517],[27.9435,-23.0362],[27.9431,-23.0282],[27.9373,-23.0134],[27.9379,-23.0049],[27.9414,-23.0005],[27.9426,-22.9948],[27.9405,-22.9801],[27.9353,-22.9656],[27.9354,-22.9626],[27.9398,-22.9563],[27.9424,-22.9558],[27.9457,-22.9601],[27.9484,-22.9611],[27.9597,-22.9606],[27.9662,-22.9546],[27.9788,-22.9486],[27.9936,-22.9374],[28.0138,-22.931],[28.0244,-22.92],[28.0371,-22.9128],[28.0436,-22.9037],[28.0456,-22.899],[28.0454,-22.8931],[28.05,-22.8891],[28.0513,-22.8846],[28.05,-22.8797],[28.0445,-22.8719],[28.0474,-22.8606],[28.0392,-22.8425],[28.0414,-22.8331],[28.0468,-22.8296],[28.0562,-22.8278],[28.0643,-22.8289],[28.068,-22.8278],[28.0737,-22.8222],[28.0826,-22.8172],[28.0948,-22.8137],[28.1101,-22.8005],[28.1214,-22.7845],[28.141,-22.7771],[28.151,-22.7696],[28.1564,-22.7609],[28.1624,-22.7559],[28.1642,-22.748],[28.1636,-22.7397],[28.1582,-22.7243],[28.1592,-22.7195],[28.164,-22.7116],[28.1783,-22.6955],[28.1826,-22.6886],[28.1979,-22.6777],[28.2097,-22.6645],[28.2192,-22.6646],[28.2261,-22.6605],[28.2366,-22.6571],[28.2466,-22.6563],[28.2571,-22.6439],[28.262,-22.6425],[28.2672,-22.6388],[28.271,-22.6325],[28.2739,-22.6213],[28.2784,-22.6149],[28.2912,-22.6123],[28.2988,-22.6087],[28.3057,-22.6092],[28.3113,-22.6063],[28.33,-22.5937],[28.3361,-22.5867],[28.3414,-22.5749],[28.3479,-22.5718],[28.3665,-22.573],[28.3833,-22.5693],[28.3928,-22.5705],[28.4061,-22.5696],[28.4231,-22.5731],[28.4428,-22.569],[28.45,-22.5694],[28.4578,-22.5726],[28.4791,-22.5709],[28.4966,-22.5785],[28.5089,-22.5891],[28.5235,-22.5874],[28.5328,-22.5816],[28.5419,-22.5786],[28.5611,-22.5622],[28.5641,-22.561],[28.5755,-22.5598],[28.6174,-22.5625],[28.6413,-22.558],[28.658,-22.5483],[28.6642,-22.5391],[28.6698,-22.5347],[28.6781,-22.5319],[28.6878,-22.5335],[28.7005,-22.5264],[28.7011,-22.5206],[28.7077,-22.516],[28.7223,-22.5119],[28.7375,-22.5045],[28.7602,-22.5031],[28.7691,-22.5004],[28.7762,-22.5007],[28.7901,-22.4964],[28.8311,-22.4883],[28.8332,-22.4849],[28.8337,-22.4798],[28.8289,-22.4707],[28.8297,-22.4646],[28.8325,-22.4618],[28.8561,-22.4512],[28.8689,-22.4477],[28.8799,-22.4477],[28.8867,-22.4505],[28.8993,-22.453],[28.9118,-22.4614],[28.9185,-22.4606],[28.9233,-22.457],[28.9341,-22.4417],[28.9443,-22.432],[28.9445,-22.4262],[28.9512,-22.4155],[28.9524,-22.4041],[28.9677,-22.3842],[28.9714,-22.377],[28.9718,-22.368],[28.969,-22.3574],[28.9635,-22.3472],[28.9641,-22.3376],[28.9627,-22.3288],[28.9666,-22.3075],[28.9761,-22.3005],[28.9779,-22.2963],[28.9776,-22.2913],[28.9821,-22.2852],[28.9965,-22.2805],[29.0028,-22.2747],[29.0049,-22.2626],[29.0137,-22.2569],[29.0128,-22.238],[29.0142,-22.2309],[29.0194,-22.2262],[29.0268,-22.229],[29.0289,-22.2284],[29.0304,-22.2214],[29.0359,-22.2166],[29.0448,-22.2168],[29.049,-22.2192],[29.0711,-22.2182],[29.0813,-22.2211],[29.0864,-22.2206],[29.108,-22.2124],[29.1218,-22.2145],[29.1333,-22.2136],[29.1433,-22.2164],[29.15,-22.2159],[29.1555,-22.2143],[29.1662,-22.2074],[29.1745,-22.2006],[29.1805,-22.1928],[29.1873,-22.1894],[29.1908,-22.1858],[29.1979,-22.1834],[29.2115,-22.182],[29.2189,-22.1781],[29.2383,-22.1818],[29.2577,-22.1934],[29.266,-22.1894],[29.2712,-22.1932],[29.2772,-22.1926],[29.2842,-22.1861],[29.291,-22.1881],[29.2994,-22.186],[29.3092,-22.1883],[29.3206,-22.187],[29.3241,-22.1891],[29.3275,-22.2003],[29.3338,-22.2048],[29.3402,-22.2021],[29.3466,-22.1928],[29.3497,-22.1934],[29.352,-22.1976],[29.3593,-22.1998],[29.3753,-22.1955],[29.3622,-22.1919],[29.3575,-22.1889],[29.3283,-22.154],[29.307,-22.1389],[29.2889,-22.1228],[29.2829,-22.1134],[29.2775,-22.0939],[29.2702,-22.0794],[29.2639,-22.0715],[29.2471,-22.0598],[29.2224,-22.0692],[29.1967,-22.0746],[29.1696,-22.076],[29.1391,-22.0721],[29.1069,-22.0613],[29.0879,-22.0513],[29.0674,-22.0359],[29.0538,-22.0223],[29.0403,-22.0037],[29.0262,-21.9723],[29.0202,-21.9428],[29.0207,-21.9147],[29.0278,-21.8848],[29.0388,-21.8612],[29.0551,-21.8386],[29.077,-21.8178],[29.0695,-21.8081],[29.0626,-21.8027],[29.0456,-21.7998],[29.0233,-21.7918],[29.0075,-21.7892],[29.0038,-21.7838],[28.9995,-21.7711],[28.9855,-21.7688],[28.972,-21.7721],[28.9644,-21.7755],[28.9592,-21.7756],[28.8914,-21.76],[28.8815,-21.7604],[28.869,-21.7551],[28.8623,-21.7557],[28.8547,-21.7515],[28.8424,-21.7405],[28.833,-21.7361],[28.8222,-21.733],[28.8076,-21.7335],[28.7969,-21.7324],[28.7758,-21.7147],[28.7658,-21.7118],[28.7474,-21.7011],[28.7143,-21.6911],[28.6958,-21.6871],[28.6822,-21.681],[28.671,-21.6782],[28.6622,-21.6712],[28.6568,-21.6617],[28.6504,-21.6542],[28.6367,-21.6507],[28.6267,-21.6503],[28.6113,-21.6453],[28.5981,-21.6447],[28.5851,-21.6324],[28.5791,-21.6294],[28.5722,-21.63],[28.5566,-21.644],[28.5397,-21.6423],[28.5208,-21.6619],[28.5116,-21.6671],[28.5028,-21.6689],[28.4964,-21.6674],[28.4811,-21.6604],[28.4669,-21.6579],[28.4582,-21.6547],[28.4536,-21.6514],[28.4451,-21.641],[28.4326,-21.6372],[28.4212,-21.636],[28.4125,-21.6327],[28.407,-21.6283],[28.3954,-21.6239],[28.386,-21.6152],[28.3655,-21.6025],[28.3609,-21.603],[28.3498,-21.6079],[28.3454,-21.6064],[28.3322,-21.5978],[28.3145,-21.5971],[28.3016,-21.5936],[28.294,-21.5894],[28.2852,-21.5931],[28.2542,-21.5942],[28.2426,-21.5972],[28.2178,-21.5992],[28.1991,-21.6033],[28.1856,-21.5982],[28.1712,-21.5952],[28.1459,-21.5935],[28.1302,-21.5863],[28.1189,-21.5863],[28.1,-21.5786],[28.0818,-21.5839],[28.0763,-21.5832],[28.0675,-21.5785],[28.049,-21.5799],[28.0246,-21.5764],[28.0186,-21.5739],[28.0129,-21.5659],[28.0088,-21.5634],[28.0012,-21.5623],[27.9868,-21.5664],[27.9708,-21.5675],[27.9671,-21.5646],[27.9624,-21.555],[27.9533,-21.5526],[27.9462,-21.5558],[27.9438,-21.5556],[27.9411,-21.5527],[27.94,-21.5468],[27.9375,-21.5436],[27.9288,-21.5398],[27.9228,-21.5398],[27.907,-21.5434],[27.8898,-21.5423],[27.88,-21.5451],[27.8771,-21.5436],[27.8706,-21.535],[27.8625,-21.5295],[27.8571,-21.5324],[27.8564,-21.543],[27.8522,-21.5503],[27.8266,-21.5428],[27.7927,-21.5531],[27.7782,-21.5542],[27.7588,-21.5633],[27.7547,-21.5609],[27.7495,-21.5547],[27.746,-21.5535],[27.7086,-21.5476],[27.7029,-21.5482],[27.6644,-21.5398],[27.6566,-21.5364],[27.6431,-21.5373],[27.6256,-21.532],[27.6183,-21.532],[27.6146,-21.5303],[27.6005,-21.5085],[27.5898,-21.504],[27.5871,-21.4983],[27.5885,-21.491],[27.5794,-21.4809],[27.5769,-21.4807],[27.5593,-21.4923],[27.5571,-21.4902],[27.5551,-21.4834],[27.549,-21.4782],[27.5472,-21.4729],[27.5414,-21.4694],[27.5384,-21.4696],[27.5283,-21.4758],[27.5178,-21.4765],[27.5096,-21.4698],[27.5026,-21.4685],[27.4994,-21.4631],[27.4919,-21.4591],[27.4868,-21.4511],[27.4811,-21.433],[27.4622,-21.4218],[27.4624,-21.4086],[27.4585,-21.3994],[27.4585,-21.3929],[27.4418,-21.3762],[27.4292,-21.3696],[27.4286,-21.3647],[27.4201,-21.3509],[27.4052,-21.3338],[27.4049,-21.3196],[27.4094,-21.3051],[27.4034,-21.2977],[27.4069,-21.2878],[27.4055,-21.2833],[27.4021,-21.2797],[27.3921,-21.2589],[27.3933,-21.2512],[27.3895,-21.2348],[27.3945,-21.221],[27.3939,-21.2121],[27.3883,-21.2057],[27.3836,-21.196],[27.3878,-21.1867],[27.379,-21.1765],[27.3697,-21.1739],[27.3647,-21.1694],[27.3592,-21.1678],[27.3585,-21.1621],[27.3537,-21.1577],[27.3488,-21.1453],[27.3502,-21.1371],[27.3472,-21.1311],[27.351,-21.1197],[27.3473,-21.1125],[27.3498,-21.1061],[27.3577,-21.1001],[27.3581,-21.0807],[27.3607,-21.0755],[27.3608,-21.0693],[27.3565,-21.0605],[27.3624,-21.0585],[27.3631,-21.0557],[27.3608,-21.0407],[27.3586,-21.0386],[27.346,-21.0369],[27.3432,-21.0338],[27.3511,-21.0257],[27.3493,-21.021],[27.3496,-21.0116],[27.3456,-21.0013],[27.3493,-20.996],[27.3458,-20.9913],[27.3353,-20.9837],[27.334,-20.9763],[27.3319,-20.9746],[27.3296,-20.968],[27.3301,-20.9592],[27.3274,-20.9559],[27.324,-20.9554],[27.3206,-20.9515],[27.3222,-20.9475],[27.3206,-20.9434],[27.314,-20.9376],[27.3022,-20.9208],[27.2952,-20.9088],[27.2944,-20.9049],[27.2864,-20.8976],[27.2856,-20.8899],[27.2817,-20.8899],[27.2801,-20.8884],[27.2745,-20.8758],[27.2697,-20.8742],[27.2595,-20.8643],[27.239,-20.8614],[27.2383,-20.8595],[27.2306,-20.8603],[27.2273,-20.8582],[27.2286,-20.8512],[27.2271,-20.8423],[27.2296,-20.8354],[27.2262,-20.8294],[27.2222,-20.827],[27.2189,-20.8175],[27.2154,-20.8151],[27.2156,-20.8118],[27.2188,-20.8089],[27.219,-20.8049],[27.2144,-20.7937],[27.2157,-20.7911],[27.2151,-20.7861],[27.2183,-20.7837],[27.2166,-20.7824],[27.2165,-20.7801],[27.2206,-20.7746],[27.2243,-20.7745],[27.2284,-20.7666],[27.2225,-20.7517],[27.2246,-20.7426],[27.2218,-20.7323],[27.227,-20.7229],[27.2256,-20.7147],[27.2291,-20.7103],[27.2353,-20.7094],[27.2361,-20.7071],[27.2411,-20.7048],[27.2412,-20.7016],[27.2448,-20.7],[27.2455,-20.6972],[27.249,-20.6977],[27.2496,-20.6958],[27.2525,-20.6953],[27.2545,-20.6926],[27.2542,-20.6902],[27.2586,-20.6895],[27.2578,-20.6858],[27.2606,-20.6848],[27.261,-20.6801],[27.2582,-20.6802],[27.2584,-20.6764],[27.2626,-20.674],[27.2657,-20.67],[27.269,-20.66],[27.2681,-20.6591],[27.275,-20.658],[27.2767,-20.6557],[27.2757,-20.6542],[27.278,-20.6533],[27.2771,-20.6511],[27.2805,-20.6497],[27.2813,-20.6459],[27.2874,-20.6408],[27.2851,-20.6387],[27.2842,-20.6341],[27.2868,-20.6345],[27.2897,-20.6281],[27.2932,-20.628],[27.2938,-20.6242],[27.2973,-20.6244],[27.3003,-20.6209],[27.3017,-20.6214],[27.3027,-20.6189],[27.3042,-20.6192],[27.3089,-20.6063],[27.3071,-20.6047],[27.3047,-20.6049],[27.3024,-20.6012],[27.3015,-20.5959],[27.3031,-20.5927],[27.3019,-20.5898],[27.2968,-20.589],[27.2972,-20.5868],[27.2946,-20.586],[27.2956,-20.5849],[27.2935,-20.5811],[27.2965,-20.5784],[27.2942,-20.5716],[27.29,-20.5662],[27.2899,-20.5594],[27.2885,-20.5588],[27.2889,-20.5564],[27.2864,-20.5523],[27.2879,-20.5488],[27.2874,-20.5458],[27.2888,-20.5464],[27.289,-20.5451],[27.2924,-20.5438],[27.2945,-20.5394],[27.2963,-20.5395],[27.2999,-20.5319],[27.2993,-20.5254],[27.2963,-20.5215],[27.2985,-20.5063],[27.3003,-20.5034],[27.2995,-20.4944],[27.2887,-20.4989],[27.2856,-20.4855],[27.2984,-20.4259],[27.297,-20.3953],[27.2978,-20.3685],[27.2961,-20.3588],[27.2982,-20.3518],[27.3009,-20.3482],[27.3007,-20.3412],[27.3043,-20.3311],[27.3045,-20.3251],[27.3037,-20.318],[27.2987,-20.3043],[27.3001,-20.2963],[27.2946,-20.2904],[27.2894,-20.2795],[27.292,-20.2673],[27.2883,-20.2588],[27.2883,-20.2487],[27.2848,-20.2322],[27.2785,-20.2232],[27.2733,-20.222],[27.2663,-20.2138],[27.2643,-20.1945],[27.2588,-20.1798],[27.2508,-20.168],[27.2482,-20.1594],[27.2463,-20.1438],[27.2338,-20.1205],[27.224,-20.1115],[27.217,-20.0935],[27.2106,-20.0884],[27.2059,-20.082],[27.183,-20.0763],[27.1696,-20.0771],[27.1547,-20.0809],[27.1433,-20.0796],[27.127,-20.0712],[27.1127,-20.0658],[27.0948,-20.052],[27.0917,-20.0431],[27.0836,-20.0316],[27.0404,-20.0087],[27.0283,-20.0102],[27.0059,-20.0079],[26.9884,-20.0143],[26.9789,-20.0145],[26.9744,-20.0123],[26.9624,-20.0106],[26.9513,-20.0038],[26.9341,-19.9991],[26.9245,-19.9933],[26.9134,-19.9889],[26.9051,-19.9815],[26.8704,-19.971],[26.8515,-19.9616],[26.8339,-19.9602],[26.8285,-19.962],[26.8239,-19.9602],[26.8181,-19.9552],[26.8098,-19.9547],[26.7954,-19.947],[26.7915,-19.947],[26.7816,-19.9434],[26.7769,-19.944],[26.7721,-19.9415],[26.7539,-19.9365],[26.7265,-19.9399],[26.7183,-19.9297],[26.702,-19.8947],[26.7036,-19.8895],[26.7028,-19.8877],[26.6853,-19.8828],[26.6663,-19.8803],[26.643,-19.8729],[26.6321,-19.8756],[26.6221,-19.8829],[26.619,-19.8812],[26.6178,-19.8779],[26.6146,-19.8753],[26.6095,-19.8637],[26.5998,-19.8507],[26.587,-19.8198],[26.5869,-19.8146],[26.5832,-19.8039],[26.5737,-19.7919],[26.5617,-19.7848],[26.5622,-19.7817],[26.5495,-19.7828],[26.5455,-19.7844],[26.536,-19.7779],[26.5356,-19.7712],[26.5334,-19.7699],[26.5115,-19.7672],[26.5059,-19.7615],[26.4942,-19.758],[26.4652,-19.753],[26.4605,-19.754],[26.448,-19.7518],[26.4406,-19.7489],[26.4296,-19.7427],[26.4146,-19.7247],[26.4114,-19.7094],[26.4062,-19.6955],[26.4024,-19.6889],[26.3943,-19.6827],[26.3917,-19.6711],[26.3879,-19.6693],[26.3534,-19.6759],[26.3447,-19.6713],[26.3408,-19.6672],[26.328,-19.6642],[26.3286,-19.6516],[26.3377,-19.6355],[26.3477,-19.622],[26.3586,-19.6149],[26.3571,-19.6127],[26.3454,-19.6082],[26.3239,-19.5925],[26.3123,-19.5761],[26.2513,-19.5841],[26.247,-19.5857],[26.2371,-19.5821],[26.2165,-19.5635],[26.2036,-19.5619],[26.185,-19.5506],[26.1702,-19.5464],[26.1655,-19.5387],[26.1641,-19.5303],[26.1595,-19.5222],[26.16,-19.5158],[26.157,-19.5039],[26.1534,-19.5017],[26.1482,-19.4715],[26.1441,-19.4543],[26.1425,-19.453],[26.1418,-19.4382],[26.1313,-19.4287],[26.1261,-19.4281],[26.1163,-19.3888],[26.1135,-19.386],[26.1086,-19.362],[26.0977,-19.3475],[26.0911,-19.3245],[26.0805,-19.3064],[26.0743,-19.2921],[26.0747,-19.2852],[26.0725,-19.2784],[26.0724,-19.272],[26.0609,-19.262],[26.0553,-19.2511],[26.0437,-19.2366],[26.044,-19.2154],[26.0419,-19.2106],[25.9965,-19.155],[25.9923,-19.1475],[25.9749,-19.1316],[25.9715,-19.1187],[25.9645,-19.1079],[25.9615,-19.0903],[25.9619,-19.0814],[25.9656,-19.0719],[25.9653,-19.0667],[25.9747,-19.0529],[25.9892,-19.0402],[25.9966,-19.0315],[25.9888,-19.0011],[25.4474,-19.0019],[25.0046,-19.0],[24.9991,-19.4842],[24.9992,-19.9969],[25.0607,-20.0288],[25.1182,-20.0436],[25.1354,-20.0559],[25.176,-20.0718],[25.1771,-20.1837],[25.1762,-20.2381],[25.1776,-20.2515],[25.1782,-20.3423],[25.1287,-20.3421],[24.5073,-20.388],[24.503,-20.3862],[24.4927,-20.3918],[24.4831,-20.3903],[24.4775,-20.386],[24.4713,-20.3852],[24.4592,-20.3873],[24.4487,-20.3963],[24.4434,-20.398],[24.4356,-20.3973],[24.4222,-20.3986],[24.4096,-20.4037],[24.403,-20.4007],[24.3904,-20.3917],[24.3835,-20.3921],[24.3821,-20.3873],[24.3706,-20.3781],[24.3613,-20.3739],[24.35,-20.36],[24.3374,-20.3517],[24.3366,-20.3484],[24.3401,-20.343],[24.3359,-20.3371],[24.3361,-20.3309],[24.3261,-20.3212],[24.3212,-20.3203],[24.3174,-20.3222],[24.3128,-20.3187],[24.3059,-20.3168],[24.2901,-20.3186],[24.2845,-20.3155],[24.2815,-20.3098],[24.2791,-20.298],[24.2695,-20.2861],[24.2711,-20.2799],[24.2793,-20.2765],[24.2827,-20.2714],[24.2839,-20.2654],[24.2823,-20.2549],[24.2788,-20.2519],[24.2702,-20.2505],[24.2669,-20.2465],[24.2624,-20.237],[24.2653,-20.23],[24.2646,-20.227],[24.2604,-20.2203],[24.2564,-20.2203],[24.2493,-20.2264],[24.2449,-20.2458],[24.2418,-20.2489],[24.2314,-20.2538],[24.2126,-20.2464],[24.2075,-20.2425],[24.201,-20.2329],[24.1991,-20.227],[24.1997,-20.2205],[24.1972,-20.2163],[24.1941,-20.2142],[24.1834,-20.2138],[24.179,-20.2094],[24.1738,-20.2078],[24.1642,-20.2073],[24.1582,-20.205],[24.1575,-20.2003],[24.1546,-20.1976],[24.1482,-20.2005],[24.1418,-20.1989],[24.1378,-20.2005],[24.1336,-20.207],[24.1267,-20.2122],[24.1258,-20.2157],[24.123,-20.2174],[24.114,-20.2189],[24.1018,-20.2146],[24.0974,-20.2149],[24.0794,-20.2317],[24.0707,-20.2344],[24.0639,-20.2412],[24.0578,-20.2433],[24.0539,-20.2542],[24.0415,-20.2535],[24.0359,-20.2513],[24.0307,-20.2517],[24.0253,-20.2603],[24.0196,-20.2636],[24.0233,-20.2685],[24.0226,-20.2715],[24.0136,-20.276],[24.0105,-20.2763],[24.0066,-20.2824],[24.0004,-20.2845],[23.9972,-20.2887],[23.9944,-20.2962],[23.9947,-20.3025],[23.9998,-20.3082],[23.997,-20.3112],[23.9917,-20.3118],[23.9763,-20.3069],[23.9702,-20.3065],[23.9614,-20.3177],[23.9563,-20.3211],[23.9559,-20.3234],[23.9401,-20.327],[23.906,-20.318],[23.9027,-20.3146],[23.8997,-20.3053],[23.8953,-20.3031],[23.8895,-20.3024],[23.8861,-20.3093],[23.8869,-20.3168],[23.8845,-20.321],[23.8842,-20.3296],[23.8842,-20.6647],[23.8844,-21.0002],[24.2706,-21.4887],[24.659,-21.9751],[25.0555,-22.4669],[25.4466,-22.9473],[25.746,-23.3207],[25.8595,-23.3573],[25.892,-23.3973],[26.0322,-23.5811],[26.3371,-23.7499],[26.722,-23.9623],[26.725,-23.9554],[26.7294,-23.9528],[26.7304,-23.9498],[26.7307,-23.9472],[26.7274,-23.9422],[26.7298,-23.9368],[26.7329,-23.9365],[26.7376,-23.9402],[26.7403,-23.9407],[26.7418,-23.9374],[26.7389,-23.9319],[26.7423,-23.9264],[26.7456,-23.9242],[26.7565,-23.9264],[26.7584,-23.9248],[26.7569,-23.9195],[26.7576,-23.9125],[26.7553,-23.9093],[26.7561,-23.9066],[26.7588,-23.9052],[26.7608,-23.9068],[26.7656,-23.9046],[26.7663,-23.9026],[26.7755,-23.8976],[26.7802,-23.8927],[26.7824,-23.8922],[26.7853,-23.8947],[26.787,-23.8942],[26.798,-23.8751],[26.7971,-23.8677],[26.8005,-23.8628],[26.8059,-23.8596],[26.8207,-23.8645],[26.8241,-23.8627],[26.8368,-23.8626],[26.8388,-23.8606],[26.8406,-23.8617],[26.8436,-23.8612],[26.8458,-23.8577],[26.842,-23.8473],[26.8442,-23.8412],[26.8471,-23.8394],[26.8508,-23.8409],[26.8553,-23.8404],[26.8609,-23.832],[26.8725,-23.8239],[26.8709,-23.8185],[26.8672,-23.8178],[26.8652,-23.8136],[26.8708,-23.8052],[26.8761,-23.8044],[26.8783,-23.801],[26.8874,-23.8014],[26.8899,-23.8032],[26.8965,-23.8027],[26.899,-23.7966],[26.8966,-23.7918],[26.8973,-23.7837],[26.9013,-23.7786],[26.9075,-23.7766],[26.9137,-23.7801],[26.916,-23.7836],[26.9167,-23.7957],[26.9212,-23.7979],[26.9228,-23.7956],[26.9255,-23.7952],[26.9289,-23.7861],[26.9288,-23.7802],[26.927,-23.7759],[26.9311,-23.7672],[26.929,-23.7625],[26.9308,-23.7546],[26.9341,-23.7523],[26.9528,-23.7511],[26.9567,-23.7488],[26.9592,-23.7493],[26.9621,-23.7468]]]}},{"type":"Feature","id":"BW-CH","properties":{"code":"BW-CH","name":"Chobe","country":"BW","level":"REGION"},"geometry":{"type":"Polygon","coordinates":[[[25.9888,-19.0011],[25.9849,-18.9733],[25.9814,-18.9709],[25.9749,-18.9609],[25.9678,-18.9414],[25.9548,-18.9203],[25.9518,-18.9129],[25.947,-18.9077],[25.9384,-18.9005],[25.9237,-18.8992],[25.9189,-18.8946],[25.9064,-18.8878],[25.8688,-18.8587],[25.8607,-18.8548],[25.8543,-18.8544],[25.8503,-18.8491],[25.8379,-18.8454],[25.8255,-18.8373],[25.8216,-18.8286],[25.8217,-18.8191],[25.8198,-18.8084],[25.8062,-18.7899],[25.7993,-18.7644],[25.7991,-18.7593],[25.7955,-18.7509],[25.7903,-18.7199],[25.793,-18.7055],[25.7917,-18.6986],[25.7926,-18.6944],[25.8037,-18.6859],[25.8015,-18.6819],[25.798,-18.6794],[25.7901,-18.6623],[25.7885,-18.6421],[25.7824,-18.6245],[25.778,-18.6223],[25.7754,-18.6175],[25.7632,-18.6112],[25.7615,-18.6073],[25.7569,-18.6043],[25.7498,-18.6009],[25.7401,-18.5993],[25.7353,-18.5954],[25.7256,-18.5924],[25.7216,-18.5932],[25.7175,-18.592],[25.7001,-18.5773],[25.6922,-18.573],[25.6809,-18.5595],[25.6698,-18.5419],[25.6632,-18.5255],[25.6559,-18.5201],[25.6475,-18.4961],[25.6441,-18.4939],[25.6355,-18.4924],[25.6105,-18.4836],[25.6038,-18.4779],[25.5939,-18.466],[25.5701,-18.4302],[25.5562,-18.4183],[25.5452,-18.4053],[25.5236,-18.3839],[25.5194,-18.3769],[25.5175,-18.3647],[25.511,-18.3445],[25.4921,-18.2998],[25.4845,-18.2861],[25.4661,-18.2598],[25.4588,-18.2427],[25.4554,-18.2271],[25.4461,-18.2156],[25.4409,-18.1987],[25.4267,-18.1783],[25.4234,-18.1678],[25.4157,-18.1529],[25.4113,-18.1489],[25.3935,-18.1214],[25.3871,-18.1189],[25.3791,-18.1196],[25.3705,-18.1176],[25.3657,-18.1117],[25.3643,-18.099],[25.3553,-18.0908],[25.3402,-18.0864],[25.3348,-18.0827],[25.319,-18.078],[25.3189,-18.0715],[25.3131,-18.0596],[25.3052,-18.0527],[25.2897,-18.0294],[25.281,-18.0062],[25.282,-17.9907],[25.2655,-17.9485],[25.2599,-17.9468],[25.2528,-17.941],[25.2373,-17.9119],[25.2375,-17.9085],[25.2434,-17.8976],[25.239,-17.89],[25.2383,-17.8777],[25.2397,-17.8725],[25.2431,-17.8654],[25.2464,-17.8512],[25.2529,-17.8415],[25.2647,-17.8169],[25.263,-17.7915],[25.2617,-17.7907],[25.2601,-17.7932],[25.2563,-17.7949],[25.2372,-17.7915],[25.2227,-17.7936],[25.2024,-17.7893],[25.1766,-17.7797],[25.1719,-17.7803],[25.1625,-17.7783],[25.1569,-17.7812],[25.1543,-17.7894],[25.1439,-17.808],[25.1392,-17.8072],[25.1329,-17.8018],[25.129,-17.8019],[25.1267,-17.8043],[25.1251,-17.8123],[25.1162,-17.8258],[25.0996,-17.83],[25.0791,-17.8387],[25.0657,-17.841],[25.0545,-17.8364],[25.0493,-17.8307],[25.0496,-17.8287],[25.0519,-17.8277],[25.0562,-17.8304],[25.0586,-17.8303],[25.0615,-17.8259],[25.0601,-17.8126],[25.0574,-17.8089],[25.0542,-17.8078],[25.044,-17.8116],[25.0359,-17.8212],[25.02,-17.8308],[25.0189,-17.8358],[25.0134,-17.8383],[25.0049,-17.8379],[25.0035,-17.8344],[24.9999,-17.8314],[25.0005,-17.8277],[25.0037,-17.825],[25.0059,-17.825],[25.0074,-17.8269],[25.0095,-17.8258],[25.0094,-17.819],[25.0041,-17.8157],[24.9974,-17.8179],[24.994,-17.8298],[24.9866,-17.8266],[24.9764,-17.8259],[24.9751,-17.8196],[24.9807,-17.816],[24.9808,-17.8133],[24.9753,-17.8101],[24.968,-17.8107],[24.9652,-17.808],[24.9645,-17.8045],[24.9671,-17.801],[24.9805,-17.798],[24.9822,-17.7927],[24.9799,-17.7899],[24.9759,-17.7882],[24.9685,-17.7894],[24.9596,-17.7883],[24.9532,-17.7958],[24.9535,-17.8019],[24.9393,-17.8109],[24.9353,-17.8175],[24.932,-17.8199],[24.93,-17.8192],[24.9336,-17.8167],[24.9301,-17.8151],[24.9307,-17.8115],[24.9288,-17.8088],[24.9263,-17.8093],[24.9282,-17.8123],[24.9276,-17.8139],[24.921,-17.8115],[24.9164,-17.815],[24.9132,-17.8106],[24.9111,-17.8101],[24.9043,-17.8265],[24.9006,-17.8303],[24.8988,-17.8305],[24.8973,-17.8279],[24.8934,-17.8301],[24.8893,-17.8285],[24.8775,-17.838],[24.8739,-17.8384],[24.8663,-17.8443],[24.8536,-17.8507],[24.8491,-17.8502],[24.8497,-17.8471],[24.8447,-17.8485],[24.8426,-17.8468],[24.8367,-17.8492],[24.8355,-17.8473],[24.8305,-17.8504],[24.8315,-17.8474],[24.8272,-17.8485],[24.8235,-17.8459],[24.8218,-17.852],[24.8085,-17.8638],[24.8042,-17.8706],[24.7959,-17.8757],[24.7955,-17.871],[24.7941,-17.8699],[24.79,-17.8737],[24.7872,-17.8732],[24.7782,-17.8766],[24.7738,-17.8725],[24.7708,-17.8722],[24.7707,-17.8748],[24.7749,-17.8794],[24.7747,-17.8823],[24.7708,-17.8816],[24.7698,-17.8872],[24.7679,-17.8886],[24.7655,-17.8868],[24.7641,-17.8905],[24.761,-17.8901],[24.7572,-17.8949],[24.7501,-17.8967],[24.7503,-17.8921],[24.747,-17.8874],[24.7395,-17.8843],[24.7395,-17.8881],[24.7354,-17.8884],[24.7347,-17.8931],[24.7319,-17.8924],[24.7306,-17.8948],[24.7343,-17.8984],[24.7276,-17.8994],[24.724,-17.9039],[24.7241,-17.9058],[24.7267,-17.9081],[24.7266,-17.9121],[24.7244,-17.9159],[24.7218,-17.9146],[24.7187,-17.9158],[24.721,-17.9196],[24.72,-17.9227],[24.7144,-17.9203],[24.7123,-17.9227],[24.7085,-17.9221],[24.7076,-17.924],[24.7089,-17.9275],[24.7068,-17.9328],[24.6992,-17.9429],[24.6959,-17.9446],[24.6933,-17.9424],[24.6964,-17.9389],[24.6943,-17.9369],[24.6893,-17.9428],[24.6812,-17.9453],[24.6811,-17.9486],[24.6766,-17.948],[24.6746,-17.9453],[24.6735,-17.9471],[24.6721,-17.9466],[24.6698,-17.9516],[24.6658,-17.9498],[24.6626,-17.9617],[24.6588,-17.9635],[24.6552,-17.9681],[24.6493,-17.9683],[24.6461,-17.9783],[24.6414,-17.9802],[24.6358,-17.978],[24.634,-17.9793],[24.6345,-17.9845],[24.6322,-17.9818],[24.6277,-17.9837],[24.6285,-17.9955],[24.6268,-17.9956],[24.6246,-17.9928],[24.6245,-17.9961],[24.6226,-17.9952],[24.619,-17.9968],[24.6169,-17.9944],[24.6177,-17.9988],[24.6157,-18.0038],[24.6189,-18.0043],[24.6161,-18.0064],[24.6159,-18.0086],[24.6116,-18.0072],[24.6146,-18.0113],[24.612,-18.0153],[24.6135,-18.0143],[24.6138,-18.0161],[24.6165,-18.0173],[24.6137,-18.0183],[24.6161,-18.0205],[24.6139,-18.0197],[24.611,-18.0238],[24.6074,-18.0237],[24.6104,-18.0268],[24.6082,-18.028],[24.6081,-18.03],[24.6051,-18.0311],[24.6078,-18.0325],[24.6084,-18.035],[24.6061,-18.0363],[24.6021,-18.0346],[24.599,-18.0356],[24.6014,-18.0423],[24.5975,-18.0426],[24.598,-18.0491],[24.5952,-18.0496],[24.5927,-18.0529],[24.5892,-18.0532],[24.5877,-18.0569],[24.5819,-18.0576],[24.5825,-18.0626],[24.5782,-18.065],[24.5792,-18.0698],[24.5754,-18.0739],[24.5722,-18.0689],[24.5688,-18.0688],[24.5666,-18.0717],[24.5641,-18.0684],[24.5613,-18.0684],[24.5594,-18.0663],[24.553,-18.0689],[24.5508,-18.0654],[24.5489,-18.0665],[24.5495,-18.0703],[24.5463,-18.0688],[24.5435,-18.0706],[24.5411,-18.0647],[24.5385,-18.0667],[24.5389,-18.0703],[24.5381,-18.0688],[24.5362,-18.069],[24.5358,-18.0639],[24.5325,-18.0629],[24.5341,-18.0585],[24.5327,-18.0582],[24.5314,-18.0605],[24.5286,-18.0591],[24.5313,-18.0544],[24.5283,-18.0548],[24.5221,-18.0513],[24.5219,-18.0556],[24.5239,-18.0572],[24.5184,-18.0635],[24.5161,-18.0621],[24.5164,-18.0589],[24.5144,-18.0588],[24.5115,-18.0558],[24.5091,-18.0564],[24.512,-18.0631],[24.509,-18.064],[24.5083,-18.0659],[24.5055,-18.0641],[24.5051,-18.0599],[24.4989,-18.0553],[24.4953,-18.0553],[24.499,-18.0527],[24.4991,-18.0427],[24.4966,-18.0414],[24.4963,-18.0427],[24.4944,-18.0426],[24.4948,-18.0441],[24.4886,-18.0456],[24.4925,-18.0427],[24.4915,-18.0412],[24.4882,-18.0435],[24.4903,-18.0383],[24.488,-18.038],[24.4869,-18.0362],[24.4829,-18.0379],[24.4816,-18.0347],[24.4849,-18.0329],[24.4827,-18.0315],[24.4851,-18.0272],[24.4817,-18.0256],[24.4862,-18.0221],[24.4858,-18.0209],[24.4837,-18.0214],[24.4838,-18.0183],[24.4872,-18.0147],[24.4843,-18.0146],[24.482,-18.0105],[24.4794,-18.0101],[24.4794,-18.0075],[24.4709,-18.0062],[24.4713,-17.9943],[24.4668,-17.9965],[24.4657,-17.9891],[24.4544,-17.9849],[24.4548,-17.9834],[24.4596,-17.9818],[24.4593,-17.9796],[24.4584,-17.9804],[24.4562,-17.9775],[24.4572,-17.9634],[24.4537,-17.9631],[24.4501,-17.9658],[24.4496,-17.9681],[24.452,-17.9714],[24.4502,-17.9735],[24.4408,-17.9624],[24.4302,-17.9584],[24.4235,-17.9518],[24.4205,-17.953],[24.4204,-17.9581],[24.4182,-17.96],[24.4153,-17.9586],[24.4132,-17.9538],[24.408,-17.9508],[24.4039,-17.9513],[24.4035,-17.9568],[24.3996,-17.9586],[24.3912,-17.9558],[24.3881,-17.9473],[24.3829,-17.9508],[24.372,-17.9493],[24.3679,-17.952],[24.3658,-17.9559],[24.362,-17.958],[24.3604,-17.9621],[24.3518,-17.9628],[24.3505,-17.9703],[24.348,-17.9703],[24.347,-17.9724],[24.3446,-17.973],[24.3356,-17.9865],[24.331,-17.9881],[24.33,-17.9924],[24.326,-17.9956],[24.3269,-17.9976],[24.3175,-17.9972],[24.315,-17.9999],[24.3102,-18.0008],[24.3066,-18.006],[24.3037,-18.007],[24.3023,-18.0176],[24.2938,-18.0305],[24.296,-18.0355],[24.2947,-18.0366],[24.2856,-18.0308],[24.2828,-18.0252],[24.2833,-18.0219],[24.2802,-18.0197],[24.2795,-18.0167],[24.2757,-18.0154],[24.275,-18.0128],[24.2687,-18.0113],[24.2645,-18.0148],[24.2599,-18.0149],[24.2559,-18.0185],[24.2542,-18.0162],[24.2483,-18.0178],[24.2472,-18.0196],[24.245,-18.0189],[24.246,-18.0222],[24.2441,-18.0246],[24.2421,-18.024],[24.2371,-18.0266],[24.2345,-18.0236],[24.2283,-18.0244],[24.226,-18.0223],[24.2235,-18.0242],[24.219,-18.0199],[24.2155,-18.0206],[24.2155,-18.0193],[24.2136,-18.0205],[24.2105,-18.0166],[24.2086,-18.0182],[24.2034,-18.0189],[24.2003,-18.0177],[24.1974,-18.0231],[24.1958,-18.0183],[24.1925,-18.0198],[24.1914,-18.0222],[24.1948,-18.0236],[24.195,-18.0262],[24.19,-18.0253],[24.1904,-18.029],[24.1876,-18.0316],[24.1873,-18.0345],[24.1845,-18.0357],[24.1799,-18.0409],[24.1772,-18.0371],[24.176,-18.038],[24.1718,-18.0361],[24.1686,-18.0364],[24.1672,-18.0398],[24.1738,-18.0428],[24.1733,-18.048],[24.1708,-18.0486],[24.1703,-18.0463],[24.166,-18.0473],[24.1601,-18.0522],[24.1595,-18.0598],[24.1562,-18.0605],[24.1564,-18.0621],[24.1586,-18.0631],[24.1545,-18.0642],[24.1531,-18.0674],[24.1491,-18.0668],[24.1521,-18.0699],[24.149,-18.0708],[24.1502,-18.0722],[24.1482,-18.0725],[24.1491,-18.075],[24.1467,-18.0788],[24.1454,-18.0794],[24.1459,-18.0768],[24.1433,-18.0755],[24.1418,-18.0804],[24.1374,-18.0808],[24.136,-18.0852],[24.1317,-18.0834],[24.1317,-18.0858],[24.1275,-18.0867],[24.1265,-18.0907],[24.1253,-18.0893],[24.1233,-18.0918],[24.1239,-18.0949],[24.1226,-18.0924],[24.1197,-18.0931],[24.1208,-18.0976],[24.1171,-18.0983],[24.1177,-18.1014],[24.1122,-18.1011],[24.1149,-18.1031],[24.1129,-18.1061],[24.1076,-18.1067],[24.1081,-18.1105],[24.1037,-18.1092],[24.1037,-18.1129],[24.1002,-18.1118],[24.0995,-18.1146],[24.095,-18.1166],[24.0951,-18.1184],[24.0929,-18.1179],[24.0917,-18.1203],[24.0899,-18.1205],[24.0844,-18.1184],[24.0833,-18.1151],[24.0831,-18.1178],[24.0807,-18.1192],[24.0775,-18.1151],[24.0674,-18.1151],[24.0648,-18.1115],[24.0652,-18.1146],[24.063,-18.1165],[24.0632,-18.113],[24.0579,-18.1136],[24.0592,-18.1108],[24.0561,-18.1121],[24.0513,-18.11],[24.0531,-18.113],[24.0567,-18.1142],[24.055,-18.1144],[24.0552,-18.1194],[24.0575,-18.1176],[24.0584,-18.1216],[24.0612,-18.1232],[24.0549,-18.1223],[24.0534,-18.1267],[24.0545,-18.1276],[24.055,-18.1262],[24.0578,-18.1261],[24.0579,-18.128],[24.0548,-18.1285],[24.0567,-18.1299],[24.0528,-18.1347],[24.0481,-18.1345],[24.0485,-18.1384],[24.045,-18.1362],[24.0446,-18.1375],[24.041,-18.1367],[24.0383,-18.1393],[24.0353,-18.1377],[24.0292,-18.1401],[24.0311,-18.1463],[24.0246,-18.1487],[24.0238,-18.1445],[24.0223,-18.1438],[24.0196,-18.1509],[24.0176,-18.15],[24.0187,-18.1464],[24.017,-18.1484],[24.0155,-18.1469],[24.0137,-18.1479],[24.0129,-18.1501],[24.0162,-18.1519],[24.0126,-18.1544],[24.0087,-18.1545],[24.0091,-18.158],[24.0062,-18.1577],[24.0074,-18.1602],[24.0057,-18.1665],[23.9986,-18.1633],[23.9983,-18.1651],[24.0012,-18.1664],[23.9978,-18.1664],[23.9995,-18.1692],[23.9975,-18.1697],[23.9955,-18.1675],[23.9923,-18.1698],[23.991,-18.169],[23.9911,-18.1657],[23.9892,-18.1653],[23.9876,-18.1673],[23.9892,-18.1688],[23.9883,-18.1727],[23.9907,-18.1752],[23.9866,-18.1736],[23.9882,-18.1766],[23.9847,-18.1769],[23.9801,-18.1814],[23.9829,-18.1824],[23.982,-18.1852],[23.9745,-18.1879],[23.9754,-18.1914],[23.9719,-18.1897],[23.9694,-18.1864],[23.9682,-18.1869],[23.9702,-18.1893],[23.9697,-18.1906],[23.9631,-18.1907],[23.9622,-18.1862],[23.9598,-18.184],[23.9562,-18.1865],[23.9596,-18.1878],[23.9584,-18.1901],[23.9548,-18.1896],[23.9549,-18.1924],[23.9489,-18.1954],[23.9467,-18.1998],[23.9428,-18.2002],[23.9416,-18.2051],[23.94,-18.2054],[23.9408,-18.2033],[23.938,-18.2044],[23.9364,-18.2029],[23.9315,-18.2044],[23.9291,-18.2111],[23.9245,-18.2129],[23.9253,-18.2175],[23.9208,-18.2192],[23.923,-18.2208],[23.9219,-18.2236],[23.9191,-18.2245],[23.9282,-18.2288],[23.9311,-18.232],[23.9302,-18.2351],[23.9344,-18.2363],[23.9321,-18.24],[23.9336,-18.2441],[23.9305,-18.2465],[23.9321,-18.2505],[23.9278,-18.2489],[23.9264,-18.2496],[23.9251,-18.2562],[23.9231,-18.2563],[23.9199,-18.2531],[23.9208,-18.2563],[23.9176,-18.2566],[23.9179,-18.2612],[23.9154,-18.2632],[23.9111,-18.2633],[23.9087,-18.265],[23.9093,-18.2615],[23.9077,-18.2598],[23.904,-18.2637],[23.9057,-18.265],[23.9049,-18.2661],[23.9026,-18.2662],[23.8973,-18.2627],[23.8933,-18.265],[23.8918,-18.269],[23.8896,-18.2692],[23.889,-18.2668],[23.8874,-18.2663],[23.8872,-18.2703],[23.8855,-18.2715],[23.8832,-18.27],[23.8839,-18.2722],[23.8819,-18.2756],[23.8823,-18.6234],[23.8822,-19.0004],[25.0046,-19.0],[25.4474,-19.0019],[25.9888,-19.0011]]]}},{"type":"Feature","id":"BW-GH","properties":{"code":"BW-GH","name":"Ghanzi","country":"BW","level":"REGION"},"geometry":{"type":"Polygon","coordinates":[[[23.8844,-21.0002],[23.4923,-21.0006],[23.1452,-20.9992],[23.1388,-20.9993],[23.1336,-21.0019],[23.1154,-21.0032],[22.7499,-21.0003],[22.4492,-20.9996],[22.099,-20.9998],[21.7254,-20.9989],[21.3451,-20.9975],[20.999,-20.9954],[20.9988,-21.7462],[20.9987,-22.0003],[20.5802,-22.0003],[19.9991,-21.9999],[19.9991,-22.2809],[19.9991,-23.3205],[20.5761,-23.3208],[20.6819,-23.3185],[21.1054,-23.3205],[21.4746,-23.3208],[21.8624,-23.3209],[22.2844,-23.321],[22.5335,-23.3223],[23.059,-23.321],[23.5585,-23.3205],[24.08,-23.3208],[24.7896,-23.3209],[25.2387,-23.3211],[25.4466,-22.9473],[25.0555,-22.4669],[24.659,-21.9751],[24.2706,-21.4887],[23.8844,-21.0002]]]}},{"type":"Feature","id":"BW-KG","properties":{"code":"BW-KG","name":"Kgalagadi","country":"BW","level":"REGION"},"geometry":{"type":"Polygon","coordinates":[[[19.9991,-23.3205],[19.9989,-23.8628],[19.9986,-24.0971],[19.9989,-24.434],[19.9991,-24.7638],[20.0001,-24.7677],[20.0045,-24.7722],[20.0293,-24.788],[20.0381,-24.8094],[20.0652,-24.8141],[20.0668,-24.8185],[20.0666,-24.8283],[20.0711,-24.8307],[20.0785,-24.8312],[20.0858,-24.8297],[20.0905,-24.8331],[20.0897,-24.8402],[20.0865,-24.845],[20.0877,-24.8524],[20.0992,-24.8594],[20.1092,-24.8623],[20.1155,-24.8806],[20.1216,-24.885],[20.1305,-24.8807],[20.1502,-24.8795],[20.1581,-24.8836],[20.1603,-24.8886],[20.1714,-24.8981],[20.1818,-24.9118],[20.1895,-24.9104],[20.1945,-24.9039],[20.1975,-24.897],[20.2036,-24.8964],[20.2137,-24.9078],[20.2168,-24.9166],[20.2222,-24.92],[20.2331,-24.9138],[20.2493,-24.9187],[20.2545,-24.9233],[20.2591,-24.9236],[20.2657,-24.9285],[20.2706,-24.9376],[20.2722,-24.9469],[20.2755,-24.9503],[20.2843,-24.9514],[20.287,-24.9548],[20.2882,-24.9598],[20.2861,-24.9696],[20.2965,-24.9806],[20.3172,-24.9866],[20.3225,-24.9913],[20.3267,-24.9986],[20.3282,-25.0058],[20.3361,-25.008],[20.3486,-25.0091],[20.3563,-25.0244],[20.3699,-25.0283],[20.384,-25.0344],[20.3866,-25.0384],[20.3855,-25.0503],[20.3788,-25.0617],[20.3816,-25.0669],[20.3871,-25.0693],[20.3924,-25.077],[20.4124,-25.0823],[20.4158,-25.0892],[20.4103,-25.0991],[20.4109,-25.1033],[20.4146,-25.1052],[20.4196,-25.1044],[20.4294,-25.1163],[20.4301,-25.121],[20.4256,-25.1242],[20.4243,-25.1282],[20.426,-25.1328],[20.4316,-25.1359],[20.4316,-25.1412],[20.4278,-25.1443],[20.4277,-25.1486],[20.4314,-25.1545],[20.4361,-25.1577],[20.4449,-25.1581],[20.4596,-25.1497],[20.4653,-25.1519],[20.4693,-25.1567],[20.4704,-25.1621],[20.4674,-25.1763],[20.4619,-25.1838],[20.4474,-25.1885],[20.4442,-25.1942],[20.4466,-25.1992],[20.4622,-25.2115],[20.4635,-25.2196],[20.4659,-25.2239],[20.4715,-25.2284],[20.4757,-25.2253],[20.4889,-25.2225],[20.4956,-25.2246],[20.4989,-25.2284],[20.4929,-25.2455],[20.4873,-25.2531],[20.4964,-25.269],[20.5059,-25.2755],[20.519,-25.2749],[20.5234,-25.2782],[20.5236,-25.2844],[20.5283,-25.2878],[20.5459,-25.2862],[20.5427,-25.2928],[20.5312,-25.2986],[20.5263,-25.3043],[20.5173,-25.3065],[20.514,-25.3115],[20.5139,-25.3171],[20.5169,-25.3233],[20.5217,-25.3247],[20.532,-25.3228],[20.5367,-25.3189],[20.5419,-25.3181],[20.5479,-25.3205],[20.55,-25.3269],[20.5441,-25.3347],[20.5392,-25.3448],[20.5426,-25.3492],[20.562,-25.3892],[20.5662,-25.3949],[20.5786,-25.3965],[20.592,-25.39],[20.5966,-25.3907],[20.6014,-25.3945],[20.6046,-25.3987],[20.6053,-25.4035],[20.5984,-25.4221],[20.6031,-25.428],[20.6081,-25.4296],[20.6118,-25.4286],[20.6255,-25.4216],[20.6309,-25.4251],[20.6337,-25.4315],[20.6298,-25.4355],[20.6205,-25.441],[20.6171,-25.4461],[20.6223,-25.4619],[20.636,-25.4643],[20.644,-25.4624],[20.6477,-25.4601],[20.6538,-25.4496],[20.66,-25.4457],[20.6663,-25.4455],[20.6714,-25.4477],[20.673,-25.4501],[20.6741,-25.4616],[20.6676,-25.4696],[20.658,-25.4728],[20.6394,-25.4727],[20.6362,-25.4753],[20.6357,-25.4778],[20.643,-25.4985],[20.6415,-25.502],[20.6309,-25.5129],[20.6298,-25.5196],[20.631,-25.526],[20.6342,-25.5289],[20.6511,-25.5326],[20.6691,-25.5493],[20.6857,-25.5751],[20.6976,-25.5891],[20.6984,-25.5924],[20.6962,-25.5987],[20.6902,-25.6032],[20.6675,-25.6044],[20.6638,-25.6065],[20.6521,-25.6276],[20.6509,-25.631],[20.6516,-25.6358],[20.6549,-25.6386],[20.6583,-25.6388],[20.6636,-25.6368],[20.6732,-25.6297],[20.6828,-25.6317],[20.6875,-25.635],[20.6891,-25.6402],[20.6875,-25.6514],[20.6775,-25.6653],[20.676,-25.6699],[20.6771,-25.6864],[20.6845,-25.6937],[20.7039,-25.704],[20.7136,-25.7117],[20.7167,-25.7163],[20.723,-25.7265],[20.7308,-25.7479],[20.731,-25.77],[20.7369,-25.7732],[20.75,-25.7717],[20.7547,-25.7726],[20.763,-25.7806],[20.7644,-25.7863],[20.7626,-25.7904],[20.7445,-25.8046],[20.7402,-25.8137],[20.7397,-25.8229],[20.7446,-25.8259],[20.7531,-25.8253],[20.7583,-25.8214],[20.7669,-25.8089],[20.7764,-25.8023],[20.7835,-25.8004],[20.7886,-25.8031],[20.7896,-25.8103],[20.7861,-25.8185],[20.7892,-25.8346],[20.782,-25.8491],[20.783,-25.8538],[20.7877,-25.86],[20.8018,-25.8611],[20.8083,-25.8634],[20.8128,-25.8683],[20.8137,-25.8718],[20.814,-25.8847],[20.8127,-25.889],[20.8091,-25.8933],[20.7983,-25.9006],[20.8035,-25.9202],[20.8094,-25.9281],[20.8381,-25.9509],[20.8405,-25.9559],[20.8399,-25.9621],[20.8321,-25.9725],[20.8295,-25.9865],[20.8181,-26.0026],[20.8166,-26.0075],[20.8323,-26.0227],[20.8361,-26.0387],[20.8334,-26.0466],[20.8208,-26.055],[20.82,-26.0603],[20.8255,-26.0703],[20.8394,-26.0768],[20.8421,-26.0817],[20.8416,-26.0849],[20.8372,-26.0913],[20.8217,-26.1009],[20.8208,-26.104],[20.8276,-26.1119],[20.8382,-26.1184],[20.8412,-26.1234],[20.8454,-26.1243],[20.8526,-26.122],[20.8578,-26.1239],[20.8624,-26.1286],[20.863,-26.1337],[20.857,-26.1413],[20.8537,-26.15],[20.8462,-26.1594],[20.8357,-26.1694],[20.8257,-26.1739],[20.8193,-26.1823],[20.8151,-26.1935],[20.8162,-26.2143],[20.8071,-26.2307],[20.8051,-26.2445],[20.7917,-26.2597],[20.7894,-26.2717],[20.7712,-26.2824],[20.7625,-26.2843],[20.7588,-26.287],[20.7559,-26.2965],[20.7481,-26.3116],[20.7393,-26.3222],[20.7209,-26.3325],[20.7166,-26.3385],[20.7118,-26.351],[20.6988,-26.3654],[20.6967,-26.3705],[20.6982,-26.3828],[20.6971,-26.3909],[20.6934,-26.3974],[20.6869,-26.3991],[20.6789,-26.397],[20.6768,-26.3979],[20.6606,-26.4162],[20.6514,-26.4316],[20.6461,-26.4351],[20.6258,-26.4349],[20.6176,-26.4436],[20.6165,-26.4682],[20.6115,-26.4866],[20.6112,-26.4993],[20.6046,-26.5143],[20.6041,-26.5208],[20.6096,-26.5415],[20.6082,-26.5534],[20.6098,-26.56],[20.6133,-26.5653],[20.6176,-26.5677],[20.629,-26.5807],[20.6311,-26.584],[20.6324,-26.5922],[20.6334,-26.6193],[20.6303,-26.6268],[20.629,-26.643],[20.6351,-26.6648],[20.6333,-26.6688],[20.6175,-26.6769],[20.6145,-26.6864],[20.6164,-26.7017],[20.6191,-26.7055],[20.621,-26.7134],[20.6255,-26.7192],[20.6347,-26.7257],[20.6325,-26.7288],[20.6325,-26.735],[20.6257,-26.7492],[20.6373,-26.7648],[20.6373,-26.7689],[20.635,-26.7746],[20.622,-26.7865],[20.6258,-26.7905],[20.636,-26.7939],[20.645,-26.8021],[20.6506,-26.8099],[20.6432,-26.8209],[20.6424,-26.8233],[20.6449,-26.8288],[20.6553,-26.8344],[20.6825,-26.84],[20.6852,-26.8474],[20.6806,-26.851],[20.676,-26.8609],[20.6799,-26.8687],[20.6794,-26.8795],[20.6868,-26.8993],[20.6873,-26.9027],[20.6856,-26.9056],[20.6898,-26.9048],[20.698,-26.8987],[20.7053,-26.8846],[20.7082,-26.8754],[20.715,-26.8701],[20.7286,-26.8664],[20.7402,-26.8658],[20.757,-26.8673],[20.7635,-26.8664],[20.7729,-26.8598],[20.7866,-26.8417],[20.7942,-26.8403],[20.813,-26.8434],[20.8163,-26.8417],[20.8189,-26.8378],[20.8178,-26.823],[20.8207,-26.8193],[20.8289,-26.8178],[20.8444,-26.8186],[20.8515,-26.8159],[20.8714,-26.8038],[20.8852,-26.7973],[20.8981,-26.7963],[20.9097,-26.7977],[20.9376,-26.811],[20.9466,-26.8139],[20.9537,-26.8119],[20.962,-26.8069],[20.9718,-26.8072],[20.9778,-26.8115],[20.986,-26.8252],[21.0066,-26.8443],[21.011,-26.8466],[21.0164,-26.8477],[21.0415,-26.8467],[21.0601,-26.8516],[21.0711,-26.8485],[21.078,-26.8485],[21.0976,-26.8565],[21.1153,-26.8594],[21.1255,-26.8701],[21.1337,-26.8737],[21.1548,-26.8671],[21.1691,-26.8685],[21.1772,-26.8663],[21.1926,-26.8529],[21.1988,-26.8499],[21.222,-26.8435],[21.2456,-26.8458],[21.2586,-26.8387],[21.2696,-26.8372],[21.2743,-26.8385],[21.2884,-26.8487],[21.2974,-26.8492],[21.3124,-26.8441],[21.3208,-26.8375],[21.3279,-26.8284],[21.3331,-26.8255],[21.3441,-26.8254],[21.3578,-26.8293],[21.3754,-26.8307],[21.3895,-26.8245],[21.4042,-26.8221],[21.4416,-26.8276],[21.4492,-26.8309],[21.4558,-26.8381],[21.4619,-26.8407],[21.4854,-26.8414],[21.4983,-26.8508],[21.5254,-26.8618],[21.5292,-26.8606],[21.5333,-26.856],[21.5409,-26.8431],[21.549,-26.8441],[21.5566,-26.8493],[21.5615,-26.85],[21.5756,-26.8399],[21.5943,-26.8412],[21.6031,-26.8451],[21.6181,-26.861],[21.6269,-26.8666],[21.6427,-26.8636],[21.663,-26.8646],[21.6695,-26.8612],[21.6743,-26.8551],[21.6775,-26.854],[21.6843,-26.8554],[21.6947,-26.8613],[21.7033,-26.8574],[21.7408,-26.8259],[21.7631,-26.8126],[21.7718,-26.8029],[21.781,-26.8023],[21.7836,-26.7856],[21.792,-26.7755],[21.7934,-26.7707],[21.7847,-26.75],[21.7875,-26.7222],[21.7836,-26.7159],[21.7705,-26.7042],[21.7691,-26.6952],[21.7716,-26.6896],[21.7874,-26.6759],[21.7946,-26.6727],[21.8081,-26.6704],[21.8235,-26.6597],[21.8302,-26.6597],[21.839,-26.6648],[21.8442,-26.6638],[21.8682,-26.669],[21.8833,-26.6705],[21.8939,-26.6688],[21.9027,-26.67],[21.9263,-26.6646],[21.9356,-26.6663],[21.9435,-26.6698],[21.9488,-26.6698],[21.9532,-26.6685],[21.9853,-26.6498],[22.0006,-26.6481],[22.0108,-26.6395],[22.0173,-26.6363],[22.0304,-26.6336],[22.0484,-26.6348],[22.0571,-26.6259],[22.0695,-26.608],[22.0773,-26.5813],[22.0838,-26.5757],[22.0982,-26.5711],[22.1015,-26.5663],[22.104,-26.5537],[22.1079,-26.5494],[22.1132,-26.5464],[22.13,-26.5469],[22.1335,-26.544],[22.1339,-26.5394],[22.1319,-26.5327],[22.133,-26.5264],[22.1358,-26.5229],[22.1446,-26.5178],[22.1589,-26.5123],[22.1635,-26.5086],[22.1658,-26.5039],[22.1653,-26.4988],[22.1596,-26.4927],[22.1581,-26.4879],[22.1602,-26.4829],[22.1674,-26.477],[22.1799,-26.4717],[22.182,-26.4694],[22.1854,-26.4612],[22.1813,-26.4492],[22.1814,-26.4393],[22.1829,-26.4363],[22.196,-26.4301],[22.2002,-26.4248],[22.201,-26.4203],[22.1986,-26.4135],[22.1913,-26.4055],[22.19,-26.4011],[22.1933,-26.395],[22.1987,-26.3916],[22.214,-26.3861],[22.2259,-26.3768],[22.2386,-26.3707],[22.2398,-26.3688],[22.2377,-26.3584],[22.2423,-26.3499],[22.2473,-26.347],[22.2682,-26.3452],[22.2853,-26.34],[22.2889,-26.3399],[22.3013,-26.3441],[22.3069,-26.3441],[22.3127,-26.3412],[22.3203,-26.3249],[22.3259,-26.3223],[22.3392,-26.3204],[22.3518,-26.3274],[22.3586,-26.3276],[22.363,-26.3255],[22.3668,-26.3192],[22.3672,-26.3147],[22.3664,-26.3016],[22.3623,-26.2902],[22.3631,-26.2858],[22.368,-26.2842],[22.3802,-26.2862],[22.3862,-26.285],[22.4029,-26.2727],[22.4059,-26.2682],[22.406,-26.2644],[22.3994,-26.2548],[22.3988,-26.2481],[22.4023,-26.2441],[22.4103,-26.2413],[22.4151,-26.238],[22.4201,-26.2244],[22.4259,-26.2233],[22.4338,-26.2272],[22.4435,-26.2292],[22.4541,-26.2279],[22.4609,-26.2219],[22.4666,-26.205],[22.4734,-26.2],[22.4803,-26.2018],[22.4951,-26.2105],[22.5127,-26.2157],[22.5294,-26.2268],[22.5494,-26.2262],[22.5552,-26.2234],[22.5582,-26.2206],[22.5634,-26.206],[22.5723,-26.1984],[22.5775,-26.1918],[22.5795,-26.1569],[22.576,-26.1474],[22.5782,-26.1421],[22.5816,-26.1401],[22.5878,-26.1416],[22.5922,-26.1476],[22.5991,-26.1518],[22.6049,-26.1492],[22.6064,-26.1439],[22.6048,-26.1352],[22.6091,-26.1273],[22.6181,-26.1238],[22.6281,-26.1233],[22.6354,-26.1181],[22.6367,-26.112],[22.629,-26.1022],[22.6294,-26.0971],[22.6317,-26.0945],[22.6368,-26.0907],[22.6522,-26.0853],[22.6731,-26.0735],[22.6702,-26.0579],[22.672,-26.0446],[22.6679,-26.0321],[22.6638,-26.0254],[22.6657,-26.0179],[22.6688,-26.0143],[22.6726,-26.0132],[22.6788,-26.0131],[22.6955,-26.0182],[22.7087,-26.0202],[22.7209,-26.0186],[22.7247,-26.0152],[22.7255,-25.9926],[22.7296,-25.9764],[22.7288,-25.9701],[22.7232,-25.9579],[22.7239,-25.9501],[22.7286,-25.9389],[22.7359,-25.9306],[22.7486,-25.9223],[22.7492,-25.918],[22.7449,-25.9134],[22.7229,-25.9084],[22.7182,-25.9056],[22.7126,-25.8993],[22.712,-25.893],[22.7134,-25.8899],[22.7173,-25.8875],[22.7378,-25.8821],[22.7415,-25.8756],[22.7347,-25.8618],[22.7357,-25.8567],[22.7378,-25.8551],[22.7592,-25.849],[22.7716,-25.8413],[22.7805,-25.8305],[22.7817,-25.8233],[22.7768,-25.8147],[22.7511,-25.8062],[22.7382,-25.7983],[22.7346,-25.7937],[22.7385,-25.7878],[22.7546,-25.7901],[22.7593,-25.7887],[22.7634,-25.781],[22.7651,-25.7487],[22.7666,-25.7389],[22.7693,-25.7328],[22.7732,-25.7302],[22.7934,-25.7271],[22.7999,-25.7231],[22.8215,-25.6905],[22.8215,-25.6774],[22.8295,-25.6637],[22.8302,-25.6578],[22.8277,-25.655],[22.8161,-25.6552],[22.8083,-25.6509],[22.8011,-25.6394],[22.7995,-25.6352],[22.8004,-25.6328],[22.8044,-25.6299],[22.8306,-25.6209],[22.8478,-25.6214],[22.8534,-25.6152],[22.8535,-25.6116],[22.8474,-25.6056],[22.8377,-25.5994],[22.8264,-25.5895],[22.8182,-25.5862],[22.8141,-25.5824],[22.8148,-25.5788],[22.8235,-25.5751],[22.8271,-25.5717],[22.8401,-25.5447],[22.8527,-25.5355],[22.8535,-25.5335],[22.852,-25.521],[22.8604,-25.507],[22.8573,-25.5028],[22.8477,-25.4966],[22.8464,-25.4902],[22.8515,-25.4841],[22.8637,-25.4796],[22.8825,-25.4839],[22.8941,-25.4887],[22.8969,-25.4888],[22.9004,-25.4869],[22.9007,-25.4813],[22.8881,-25.4771],[22.8857,-25.4684],[22.8986,-25.4551],[22.9099,-25.4223],[22.9191,-25.4122],[22.9309,-25.4064],[22.97,-25.3811],[22.9764,-25.3707],[22.9762,-25.3642],[22.9737,-25.3587],[22.9746,-25.3524],[22.9727,-25.3472],[22.9779,-25.3399],[22.9881,-25.3381],[23.0033,-25.3399],[23.0113,-25.3359],[23.0133,-25.329],[23.0061,-25.3041],[23.0069,-25.2995],[23.0103,-25.2972],[23.0206,-25.3026],[23.0278,-25.3102],[23.0282,-25.3125],[23.0308,-25.3129],[23.0448,-25.3014],[23.0516,-25.2908],[23.0544,-25.2895],[23.0584,-25.2899],[23.0616,-25.2949],[23.062,-25.3034],[23.0561,-25.3119],[23.0544,-25.3186],[23.0598,-25.326],[23.0664,-25.3296],[23.0787,-25.332],[23.0843,-25.3296],[23.0879,-25.325],[23.0884,-25.3136],[23.0978,-25.3112],[23.1074,-25.3042],[23.1136,-25.3036],[23.1285,-25.3164],[23.1345,-25.3174],[23.1388,-25.3148],[23.1426,-25.3082],[23.148,-25.3032],[23.1528,-25.3025],[23.162,-25.3048],[23.1655,-25.3039],[23.1696,-25.2997],[23.1731,-25.2898],[23.1875,-25.279],[23.1944,-25.2769],[23.2066,-25.2762],[23.212,-25.2734],[23.2176,-25.2739],[23.2346,-25.2808],[23.2476,-25.2754],[23.26,-25.2797],[23.2781,-25.2741],[23.2849,-25.2796],[23.2897,-25.2911],[23.295,-25.2941],[23.304,-25.2911],[23.3089,-25.2828],[23.3113,-25.2818],[23.3155,-25.2827],[23.3197,-25.2896],[23.3241,-25.2924],[23.3386,-25.2869],[23.3556,-25.2851],[23.3622,-25.2878],[23.3684,-25.3034],[23.3827,-25.3034],[23.4035,-25.3072],[23.4112,-25.315],[23.4143,-25.3158],[23.4199,-25.3137],[23.4235,-25.3092],[23.4336,-25.2946],[23.4422,-25.277],[23.4483,-25.2749],[23.4658,-25.2767],[23.4681,-25.2802],[23.4584,-25.2931],[23.4581,-25.2977],[23.461,-25.3005],[23.4645,-25.301],[23.4723,-25.2982],[23.4784,-25.2985],[23.4829,-25.3104],[23.4943,-25.3179],[23.5004,-25.3318],[23.4966,-25.3429],[23.4962,-25.3516],[23.4983,-25.3527],[23.5016,-25.352],[23.524,-25.3401],[23.5291,-25.3434],[23.5341,-25.3525],[23.5484,-25.3521],[23.5596,-25.3547],[23.5615,-25.3577],[23.5562,-25.3666],[23.5573,-25.3717],[23.5675,-25.3699],[23.5844,-25.3756],[23.5844,-25.3916],[23.5861,-25.3948],[23.5893,-25.3965],[23.5949,-25.397],[23.5988,-25.3951],[23.6026,-25.3846],[23.6066,-25.3817],[23.616,-25.3839],[23.6192,-25.3864],[23.6203,-25.3899],[23.6182,-25.3937],[23.6107,-25.4005],[23.6115,-25.4035],[23.6178,-25.4062],[23.6285,-25.4074],[23.6327,-25.4109],[23.634,-25.4254],[23.6375,-25.4316],[23.6444,-25.4329],[23.6537,-25.431],[23.6581,-25.4266],[23.658,-25.4178],[23.66,-25.4153],[23.6626,-25.4146],[23.669,-25.4163],[23.6772,-25.4269],[23.6679,-25.4356],[23.6666,-25.4414],[23.6727,-25.4461],[23.6804,-25.4476],[23.686,-25.4443],[23.6952,-25.4446],[23.7007,-25.4482],[23.7026,-25.4517],[23.7017,-25.4608],[23.7034,-25.4627],[23.7093,-25.4604],[23.714,-25.4567],[23.722,-25.4467],[23.7257,-25.4454],[23.7293,-25.4463],[23.7316,-25.4489],[23.7318,-25.4536],[23.7341,-25.4584],[23.754,-25.4647],[23.759,-25.4691],[23.7587,-25.4716],[23.7533,-25.4762],[23.752,-25.481],[23.7525,-25.4828],[23.7605,-25.4859],[23.7642,-25.4896],[23.7617,-25.5005],[23.7629,-25.503],[23.7727,-25.5024],[23.7769,-25.5036],[23.7859,-25.5124],[23.7914,-25.5123],[23.8038,-25.5082],[23.8117,-25.5085],[23.8205,-25.5119],[23.8219,-25.5165],[23.8146,-25.5239],[23.8078,-25.5278],[23.8048,-25.5333],[23.8053,-25.5392],[23.8089,-25.5453],[23.8167,-25.5502],[23.8209,-25.5505],[23.8243,-25.5487],[23.8283,-25.543],[23.8318,-25.5408],[23.8352,-25.5411],[23.8434,-25.552],[23.8422,-25.5573],[23.8381,-25.5617],[23.8376,-25.5643],[23.8397,-25.5679],[23.8445,-25.5708],[23.8562,-25.5728],[23.8678,-25.572],[23.8802,-25.5774],[23.8822,-25.5819],[23.8807,-25.5914],[23.8828,-25.595],[23.8882,-25.5986],[23.9025,-25.602],[23.907,-25.6055],[23.9017,-25.6224],[23.9045,-25.6275],[23.9187,-25.6295],[23.9286,-25.6384],[23.9351,-25.6367],[23.9457,-25.6385],[23.9493,-25.6373],[23.9519,-25.6342],[23.9504,-25.6229],[23.9535,-25.6212],[23.959,-25.6235],[23.962,-25.623],[23.966,-25.6153],[23.9726,-25.6149],[23.9774,-25.6161],[23.9838,-25.6216],[24.0037,-25.6202],[24.012,-25.6245],[24.0123,-25.6287],[24.0042,-25.6327],[24.003,-25.6346],[24.0029,-25.6484],[24.0052,-25.6513],[24.009,-25.6508],[24.0171,-25.6457],[24.0258,-25.6447],[24.0274,-25.6423],[24.0267,-25.6364],[24.0299,-25.6343],[24.0357,-25.6369],[24.0423,-25.645],[24.0514,-25.651],[24.0586,-25.6519],[24.0657,-25.6504],[24.0672,-25.6484],[24.0677,-25.6443],[24.0643,-25.6352],[24.0677,-25.631],[24.0738,-25.6297],[24.0776,-25.6308],[24.0808,-25.641],[24.0858,-25.6434],[24.0929,-25.6352],[24.1043,-25.6304],[24.115,-25.6317],[24.1264,-25.6278],[24.1386,-25.6281],[24.1407,-25.6252],[24.1391,-25.6164],[24.1406,-25.6142],[24.1527,-25.6085],[24.1571,-25.6082],[24.1606,-25.6106],[24.1631,-25.6152],[24.1623,-25.6183],[24.1569,-25.6254],[24.1594,-25.6301],[24.1678,-25.6318],[24.1708,-25.6311],[24.1795,-25.6268],[24.1845,-25.6212],[24.1918,-25.6204],[24.1951,-25.6218],[24.2001,-25.6292],[24.2074,-25.6322],[24.2151,-25.6442],[24.2268,-25.644],[24.2278,-25.6474],[24.2263,-25.6554],[24.2338,-25.6626],[24.2366,-25.67],[24.242,-25.6731],[24.2474,-25.6721],[24.2516,-25.6746],[24.2473,-25.6848],[24.2546,-25.6876],[24.2607,-25.6919],[24.259,-25.7026],[24.2609,-25.7073],[24.2659,-25.7082],[24.2724,-25.7057],[24.2787,-25.6967],[24.2847,-25.6932],[24.2884,-25.6943],[24.2907,-25.6985],[24.291,-25.7068],[24.2832,-25.7094],[24.2783,-25.7143],[24.2793,-25.7187],[24.2857,-25.7267],[24.2884,-25.7262],[24.3008,-25.7142],[24.3149,-25.714],[24.3224,-25.7106],[24.3264,-25.7109],[24.3279,-25.7144],[24.3237,-25.7197],[24.3224,-25.7247],[24.3242,-25.7317],[24.3335,-25.7379],[24.3394,-25.7456],[24.3502,-25.75],[24.3539,-25.7563],[24.3564,-25.7579],[24.3645,-25.7592],[24.3739,-25.7637],[24.3808,-25.7649],[24.3867,-25.7577],[24.3924,-25.7549],[24.3973,-25.7619],[24.4013,-25.7625],[24.4038,-25.7603],[24.4054,-25.7471],[24.4109,-25.7458],[24.4206,-25.7504],[24.426,-25.7515],[24.4324,-25.7458],[24.4329,-25.734],[24.4354,-25.7342],[24.4414,-25.7409],[24.4439,-25.7393],[24.4443,-25.7345],[24.4467,-25.7336],[24.4587,-25.7431],[24.463,-25.7427],[24.4647,-25.7382],[24.4674,-25.7375],[24.4705,-25.7397],[24.4706,-25.746],[24.4719,-25.7472],[24.4847,-25.7491],[24.5082,-25.7583],[24.4992,-25.6565],[24.4109,-25.6565],[24.25,-25.5114],[24.25,-24.9988],[24.0954,-24.8537],[23.4846,-24.8534],[23.0591,-24.8535],[23.0591,-24.4271],[23.059,-24.0051],[23.0591,-23.6007],[22.9645,-23.6007],[22.9645,-23.4567],[22.9645,-23.4409],[23.059,-23.4409],[23.059,-23.321],[22.5335,-23.3223],[22.2844,-23.321],[21.8624,-23.3209],[21.4746,-23.3208],[21.1054,-23.3205],[20.6819,-23.3185],[20.5761,-23.3208],[19.9991,-23.3205]]]}},{"type":"Feature","id":"BW-KL","properties":{"code":"BW-KL","name":"Kgatleng","country":"BW","level":"REGION"},"geometry":{"type":"Polygon","coordinates":[[[26.1886,-24.6868],[26.3934,-24.6367],[26.4087,-24.6456],[26.4214,-24.634],[26.4222,-24.6251],[26.4263,-24.6178],[26.4282,-24.6195],[26.4331,-24.6185],[26.4394,-24.6152],[26.4415,-24.612],[26.4474,-24.6131],[26.4518,-24.6106],[26.4616,-24.5963],[26.4711,-24.589],[26.4821,-24.5669],[26.4806,-24.5621],[26.4812,-24.5571],[26.4877,-24.5511],[26.4897,-24.5386],[26.4927,-24.536],[26.4925,-24.5344],[26.4965,-24.53],[26.5002,-24.5228],[26.5011,-24.5138],[26.5028,-24.5106],[26.5011,-24.51],[26.5015,-24.5084],[26.5029,-24.5064],[26.506,-24.5069],[26.5065,-24.5049],[26.5102,-24.5027],[26.511,-24.4995],[26.5096,-24.4946],[26.5117,-24.4952],[26.5103,-24.488],[26.5157,-24.4847],[26.5193,-24.4842],[26.5266,-24.4785],[26.5292,-24.479],[26.53,-24.4776],[26.5282,-24.4776],[26.5282,-24.4763],[26.5331,-24.4766],[26.5363,-24.4751],[26.536,-24.4727],[26.5386,-24.4697],[26.538,-24.4662],[26.5407,-24.4634],[26.5467,-24.4654],[26.5502,-24.461],[26.5509,-24.4544],[26.5526,-24.4518],[26.5597,-24.4536],[26.5624,-24.4478],[26.566,-24.4445],[26.566,-24.4392],[26.5682,-24.4381],[26.5677,-24.4364],[26.5656,-24.4361],[26.5713,-24.4336],[26.5746,-24.4346],[26.5762,-24.4332],[26.5737,-24.4329],[26.5752,-24.431],[26.5789,-24.4286],[26.5814,-24.429],[26.5841,-24.4264],[26.5818,-24.4263],[26.5816,-24.4229],[26.5853,-24.4223],[26.5861,-24.4208],[26.5882,-24.4127],[26.5898,-24.4123],[26.5875,-24.4107],[26.5902,-24.4092],[26.5946,-24.4102],[26.5959,-24.4086],[26.5974,-24.4102],[26.6001,-24.409],[26.6031,-24.4103],[26.6086,-24.4071],[26.6131,-24.4066],[26.6139,-24.4025],[26.6171,-24.3984],[26.6191,-24.3995],[26.6256,-24.3937],[26.6327,-24.3956],[26.6346,-24.392],[26.6361,-24.392],[26.6354,-24.3899],[26.6373,-24.3902],[26.6356,-24.3875],[26.6444,-24.3845],[26.6441,-24.383],[26.6466,-24.3818],[26.6551,-24.3859],[26.6587,-24.385],[26.6576,-24.3816],[26.6637,-24.3812],[26.6629,-24.3795],[26.6657,-24.3787],[26.6661,-24.3776],[26.6647,-24.3775],[26.6671,-24.3744],[26.6652,-24.3737],[26.667,-24.3719],[26.6689,-24.3727],[26.6701,-24.3675],[26.6681,-24.3669],[26.6657,-24.362],[26.6641,-24.362],[26.6672,-24.3605],[26.6677,-24.3576],[26.6666,-24.3573],[26.6682,-24.3564],[26.6678,-24.3551],[26.6702,-24.3559],[26.6686,-24.3536],[26.671,-24.3546],[26.6724,-24.3512],[26.674,-24.3518],[26.6742,-24.3502],[26.6757,-24.3512],[26.6748,-24.3487],[26.6766,-24.3485],[26.6776,-24.3463],[26.6766,-24.345],[26.6755,-24.3461],[26.6757,-24.344],[26.6841,-24.342],[26.6852,-24.3381],[26.689,-24.3367],[26.6904,-24.3381],[26.6937,-24.3377],[26.697,-24.3392],[26.6969,-24.3357],[26.7026,-24.3347],[26.7005,-24.333],[26.7025,-24.3322],[26.7008,-24.3306],[26.7021,-24.3255],[26.7052,-24.3248],[26.704,-24.3218],[26.7064,-24.3202],[26.709,-24.3216],[26.7076,-24.3202],[26.7096,-24.32],[26.7099,-24.3182],[26.7116,-24.3192],[26.7113,-24.3209],[26.7156,-24.3206],[26.7165,-24.3189],[26.7201,-24.3198],[26.7201,-24.3167],[26.7228,-24.3165],[26.7264,-24.3136],[26.7279,-24.315],[26.7277,-24.3128],[26.7296,-24.3125],[26.7286,-24.3115],[26.731,-24.3111],[26.729,-24.3089],[26.7311,-24.3085],[26.7334,-24.3041],[26.7392,-24.3043],[26.7412,-24.3067],[26.742,-24.3044],[26.7471,-24.3065],[26.7462,-24.3115],[26.7519,-24.3132],[26.755,-24.3126],[26.7545,-24.3112],[26.7625,-24.3104],[26.7635,-24.3057],[26.7653,-24.3044],[26.7668,-24.3058],[26.7733,-24.3051],[26.7765,-24.3022],[26.7757,-24.3007],[26.7807,-24.3003],[26.7816,-24.299],[26.7839,-24.3054],[26.7858,-24.3066],[26.7897,-24.3013],[26.7979,-24.3009],[26.7975,-24.2986],[26.8006,-24.3],[26.803,-24.2964],[26.8019,-24.2944],[26.8033,-24.2919],[26.8013,-24.2881],[26.8046,-24.2888],[26.8054,-24.2877],[26.8084,-24.2894],[26.8077,-24.2876],[26.8099,-24.2883],[26.8108,-24.2855],[26.8156,-24.2866],[26.8144,-24.2852],[26.8194,-24.2819],[26.8188,-24.2793],[26.8224,-24.2783],[26.8224,-24.2797],[26.8236,-24.2792],[26.8257,-24.2722],[26.8288,-24.2732],[26.8277,-24.2713],[26.8288,-24.2708],[26.8328,-24.2742],[26.8342,-24.2701],[26.8355,-24.2734],[26.8385,-24.2726],[26.8389,-24.2709],[26.8408,-24.2747],[26.8424,-24.2745],[26.8457,-24.2692],[26.8473,-24.2696],[26.8495,-24.2663],[26.8514,-24.2675],[26.85,-24.265],[26.8517,-24.2643],[26.8513,-24.263],[26.8537,-24.2622],[26.8541,-24.2637],[26.8557,-24.2635],[26.8561,-24.2604],[26.8548,-24.2597],[26.8575,-24.2549],[26.8591,-24.2554],[26.8595,-24.2531],[26.8659,-24.251],[26.8644,-24.2495],[26.8664,-24.248],[26.8653,-24.2457],[26.8691,-24.2445],[26.8668,-24.2427],[26.866,-24.2392],[26.8626,-24.238],[26.8625,-24.2362],[26.8646,-24.2351],[26.8639,-24.2306],[26.8618,-24.2315],[26.8604,-24.2298],[26.8594,-24.223],[26.8626,-24.2197],[26.8621,-24.2163],[26.871,-24.2152],[26.873,-24.2069],[26.8794,-24.201],[26.8786,-24.1962],[26.8809,-24.1965],[26.8801,-24.1929],[26.8833,-24.1902],[26.8812,-24.1877],[26.8798,-24.1914],[26.8756,-24.1895],[26.8718,-24.1912],[26.8681,-24.1901],[26.8675,-24.1821],[26.8645,-24.1791],[26.8655,-24.172],[26.8714,-24.1714],[26.8759,-24.1691],[26.8787,-24.1656],[26.8791,-24.1601],[26.8744,-24.147],[26.8665,-24.1437],[26.8617,-24.1385],[26.8676,-24.1239],[26.8642,-24.1124],[26.8602,-24.1066],[26.8632,-24.0997],[26.8817,-24.0941],[26.8848,-24.0895],[26.8889,-24.0742],[26.8892,-24.0548],[26.8942,-24.0446],[26.9038,-24.0327],[26.9093,-24.0284],[26.9124,-24.012],[26.9101,-24.004],[26.9106,-23.9995],[26.9128,-23.9962],[26.9111,-23.9889],[26.9146,-23.9714],[26.9214,-23.9637],[26.9268,-23.9613],[26.9322,-23.9554],[26.9317,-23.9368],[26.9278,-23.9224],[26.9425,-23.9034],[26.9413,-23.894],[26.9434,-23.89],[26.9428,-23.8867],[26.9486,-23.8804],[26.9527,-23.8784],[26.9552,-23.874],[26.9539,-23.8671],[26.951,-23.8627],[26.9474,-23.8598],[26.9432,-23.8595],[26.937,-23.8564],[26.9339,-23.8568],[26.9323,-23.8515],[26.9398,-23.8439],[26.9509,-23.8415],[26.9587,-23.8308],[26.9545,-23.8261],[26.9488,-23.8235],[26.9491,-23.8139],[26.9534,-23.8055],[26.9519,-23.794],[26.9575,-23.784],[26.964,-23.7771],[26.9638,-23.7714],[26.9655,-23.7689],[26.9628,-23.7635],[26.9654,-23.7545],[26.9621,-23.7468],[26.9592,-23.7493],[26.9567,-23.7488],[26.9528,-23.7511],[26.9341,-23.7523],[26.9308,-23.7546],[26.929,-23.7625],[26.9311,-23.7672],[26.927,-23.7759],[26.9288,-23.7802],[26.9289,-23.7861],[26.9255,-23.7952],[26.9228,-23.7956],[26.9212,-23.7979],[26.9167,-23.7957],[26.916,-23.7836],[26.9137,-23.7801],[26.9075,-23.7766],[26.9013,-23.7786],[26.8973,-23.7837],[26.8966,-23.7918],[26.899,-23.7966],[26.8965,-23.8027],[26.8899,-23.8032],[26.8874,-23.8014],[26.8783,-23.801],[26.8761,-23.8044],[26.8708,-23.8052],[26.8652,-23.8136],[26.8672,-23.8178],[26.8709,-23.8185],[26.8725,-23.8239],[26.8609,-23.832],[26.8553,-23.8404],[26.8508,-23.8409],[26.8471,-23.8394],[26.8442,-23.8412],[26.842,-23.8473],[26.8458,-23.8577],[26.8436,-23.8612],[26.8406,-23.8617],[26.8388,-23.8606],[26.8368,-23.8626],[26.8241,-23.8627],[26.8207,-23.8645],[26.8059,-23.8596],[26.8005,-23.8628],[26.7971,-23.8677],[26.798,-23.8751],[26.787,-23.8942],[26.7853,-23.8947],[26.7824,-23.8922],[26.7802,-23.8927],[26.7755,-23.8976],[26.7663,-23.9026],[26.7656,-23.9046],[26.7608,-23.9068],[26.7588,-23.9052],[26.7561,-23.9066],[26.7553,-23.9093],[26.7576,-23.9125],[26.7569,-23.9195],[26.7584,-23.9248],[26.7565,-23.9264],[26.7456,-23.9242],[26.7423,-23.9264],[26.7389,-23.9319],[26.7418,-23.9374],[26.7403,-23.9407],[26.7376,-23.9402],[26.7329,-23.9365],[26.7298,-23.9368],[26.7274,-23.9422],[26.7307,-23.9472],[26.7304,-23.9498],[26.7294,-23.9528],[26.725,-23.9554],[26.722,-23.9623],[26.3371,-23.7499],[26.0322,-23.5811],[25.9942,-23.9305],[25.9556,-24.2853],[25.9678,-24.286],[25.9506,-24.3027],[25.9502,-24.3073],[25.9472,-24.3116],[25.9485,-24.321],[25.9449,-24.3309],[25.9062,-24.3858],[25.8937,-24.3902],[25.8839,-24.3984],[25.8863,-24.4047],[25.8898,-24.4084],[25.8897,-24.4144],[25.8928,-24.4177],[25.8946,-24.429],[25.8976,-24.4356],[25.8958,-24.4408],[25.8976,-24.4416],[25.8958,-24.4428],[25.8946,-24.4482],[25.8909,-24.4509],[25.8884,-24.4505],[25.8862,-24.4552],[25.8888,-24.4578],[25.8957,-24.4591],[25.9019,-24.4679],[25.9034,-24.4734],[25.9083,-24.4767],[25.9271,-24.4782],[25.9361,-24.4715],[25.9728,-24.5126],[26.033,-24.5796],[26.1506,-24.6467],[26.1886,-24.6868]]]}},{"type":"Feature","id":"BW-KW","properties":{"code":"BW-KW","name":"Kweneng","country":"BW","level":"REGION"},"geometry":{"type":"Polygon","coordinates":[[[25.9728,-24.5126],[25.9361,-24.4715],[25.9271,-24.4782],[25.9083,-24.4767],[25.9034,-24.4734],[25.9019,-24.4679],[25.8957,-24.4591],[25.8888,-24.4578],[25.8862,-24.4552],[25.8884,-24.4505],[25.8909,-24.4509],[25.8946,-24.4482],[25.8958,-24.4428],[25.8976,-24.4416],[25.8958,-24.4408],[25.8976,-24.4356],[25.8946,-24.429],[25.8928,-24.4177],[25.8897,-24.4144],[25.8898,-24.4084],[25.8863,-24.4047],[25.8839,-24.3984],[25.8937,-24.3902],[25.9062,-24.3858],[25.9449,-24.3309],[25.9485,-24.321],[25.9472,-24.3116],[25.9502,-24.3073],[25.9506,-24.3027],[25.9678,-24.286],[25.9556,-24.2853],[25.9942,-23.9305],[26.0322,-23.5811],[25.892,-23.3973],[25.8595,-23.3573],[25.746,-23.3207],[25.4466,-22.9473],[25.2387,-23.3211],[24.7896,-23.3209],[24.08,-23.3208],[23.5585,-23.3205],[23.059,-23.321],[23.059,-23.4409],[22.9645,-23.4409],[22.9645,-23.4567],[22.9645,-23.6007],[23.0591,-23.6007],[23.059,-24.0051],[23.4858,-24.1289],[23.87,-24.2383],[24.3586,-24.381],[24.7772,-24.5011],[24.7981,-24.5057],[25.2919,-24.6381],[25.319,-24.6482],[25.3317,-24.66],[25.3312,-24.6628],[25.3339,-24.6667],[25.3358,-24.676],[25.3376,-24.6775],[25.3414,-24.6766],[25.3441,-24.6802],[25.3465,-24.6799],[25.3592,-24.6845],[25.3624,-24.6808],[25.369,-24.6797],[25.373,-24.6814],[25.3753,-24.6793],[25.3752,-24.6813],[25.3811,-24.6855],[25.3836,-24.684],[25.384,-24.6814],[25.3913,-24.6817],[25.3935,-24.6785],[25.3936,-24.6824],[25.3985,-24.6846],[25.4001,-24.6876],[25.4017,-24.6867],[25.4038,-24.6903],[25.406,-24.6904],[25.4073,-24.6924],[25.4127,-24.6932],[25.4188,-24.6921],[25.4204,-24.6904],[25.4234,-24.6933],[25.4278,-24.6929],[25.428,-24.6907],[25.4326,-24.6872],[25.4338,-24.6846],[25.4404,-24.6831],[25.4417,-24.6856],[25.6796,-24.7811],[25.7156,-24.7873],[25.7891,-24.7328],[25.9027,-24.5984],[25.8979,-24.595],[25.8958,-24.5849],[25.8736,-24.5822],[25.903,-24.5677],[25.8994,-24.5667],[25.8912,-24.5708],[25.8884,-24.566],[25.896,-24.5623],[25.897,-24.5569],[25.9006,-24.5551],[25.9052,-24.5577],[25.95,-24.5356],[25.9518,-24.5385],[25.9728,-24.5126]]]}},{"type":"Feature","id":"BW-NE","properties":{"code":"BW-NE","name":"North-East","country":"BW","level":"REGION"},"geometry":{"type":"Polygon","coordinates":[[[27.2995,-20.4944],[27.3003,-20.5034],[27.2985,-20.5063],[27.2963,-20.5215],[27.2993,-20.5254],[27.2999,-20.5319],[27.2963,-20.5395],[27.2945,-20.5394],[27.2924,-20.5438],[27.289,-20.5451],[27.2888,-20.5464],[27.2874,-20.5458],[27.2879,-20.5488],[27.2864,-20.5523],[27.2889,-20.5564],[27.2885,-20.5588],[27.2899,-20.5594],[27.29,-20.5662],[27.2942,-20.5716],[27.2965,-20.5784],[27.2935,-20.5811],[27.2956,-20.5849],[27.2946,-20.586],[27.2972,-20.5868],[27.2968,-20.589],[27.3019,-20.5898],[27.3031,-20.5927],[27.3015,-20.5959],[27.3024,-20.6012],[27.3047,-20.6049],[27.3071,-20.6047],[27.3089,-20.6063],[27.3042,-20.6192],[27.3027,-20.6189],[27.3017,-20.6214],[27.3003,-20.6209],[27.2973,-20.6244],[27.2938,-20.6242],[27.2932,-20.628],[27.2897,-20.6281],[27.2868,-20.6345],[27.2842,-20.6341],[27.2851,-20.6387],[27.2874,-20.6408],[27.2813,-20.6459],[27.2805,-20.6497],[27.2771,-20.6511],[27.278,-20.6533],[27.2757,-20.6542],[27.2767,-20.6557],[27.275,-20.658],[27.2681,-20.6591],[27.269,-20.66],[27.2657,-20.67],[27.2626,-20.674],[27.2584,-20.6764],[27.2582,-20.6802],[27.261,-20.6801],[27.2606,-20.6848],[27.2578,-20.6858],[27.2586,-20.6895],[27.2542,-20.6902],[27.2545,-20.6926],[27.2525,-20.6953],[27.2496,-20.6958],[27.249,-20.6977],[27.2455,-20.6972],[27.2448,-20.7],[27.2412,-20.7016],[27.2411,-20.7048],[27.2361,-20.7071],[27.2353,-20.7094],[27.2291,-20.7103],[27.2256,-20.7147],[27.227,-20.7229],[27.2218,-20.7323],[27.2246,-20.7426],[27.2225,-20.7517],[27.2284,-20.7666],[27.2243,-20.7745],[27.2206,-20.7746],[27.2165,-20.7801],[27.2166,-20.7824],[27.2183,-20.7837],[27.2151,-20.7861],[27.2157,-20.7911],[27.2144,-20.7937],[27.219,-20.8049],[27.2188,-20.8089],[27.2156,-20.8118],[27.2154,-20.8151],[27.2189,-20.8175],[27.2222,-20.827],[27.2262,-20.8294],[27.2296,-20.8354],[27.2271,-20.8423],[27.2286,-20.8512],[27.2273,-20.8582],[27.2306,-20.8603],[27.2383,-20.8595],[27.239,-20.8614],[27.2595,-20.8643],[27.2697,-20.8742],[27.2745,-20.8758],[27.2801,-20.8884],[27.2817,-20.8899],[27.2856,-20.8899],[27.2864,-20.8976],[27.2944,-20.9049],[27.2952,-20.9088],[27.3022,-20.9208],[27.314,-20.9376],[27.3206,-20.9434],[27.3222,-20.9475],[27.3206,-20.9515],[27.324,-20.9554],[27.3274,-20.9559],[27.3301,-20.9592],[27.3296,-20.968],[27.3319,-20.9746],[27.334,-20.9763],[27.3353,-20.9837],[27.3458,-20.9913],[27.3493,-20.996],[27.3456,-21.0013],[27.3496,-21.0116],[27.3493,-21.021],[27.3511,-21.0257],[27.3432,-21.0338],[27.346,-21.0369],[27.3586,-21.0386],[27.3608,-21.0407],[27.3631,-21.0557],[27.3624,-21.0585],[27.3565,-21.0605],[27.3608,-21.0693],[27.3607,-21.0755],[27.3581,-21.0807],[27.3577,-21.1001],[27.3498,-21.1061],[27.3473,-21.1125],[27.351,-21.1197],[27.3472,-21.1311],[27.3502,-21.1371],[27.3488,-21.1453],[27.3537,-21.1577],[27.3585,-21.1621],[27.3592,-21.1678],[27.3647,-21.1694],[27.3697,-21.1739],[27.379,-21.1765],[27.3878,-21.1867],[27.3836,-21.196],[27.3883,-21.2057],[27.3939,-21.2121],[27.3945,-21.221],[27.3895,-21.2348],[27.3933,-21.2512],[27.3921,-21.2589],[27.4021,-21.2797],[27.4055,-21.2833],[27.4069,-21.2878],[27.4034,-21.2977],[27.4094,-21.3051],[27.4049,-21.3196],[27.4052,-21.3338],[27.4201,-21.3509],[27.4286,-21.3647],[27.4292,-21.3696],[27.4418,-21.3762],[27.4585,-21.3929],[27.4585,-21.3994],[27.4624,-21.4086],[27.4622,-21.4218],[27.4811,-21.433],[27.4868,-21.4511],[27.4919,-21.4591],[27.4994,-21.4631],[27.5026,-21.4685],[27.5096,-21.4698],[27.5178,-21.4765],[27.5283,-21.4758],[27.5384,-21.4696],[27.5414,-21.4694],[27.5472,-21.4729],[27.549,-21.4782],[27.5551,-21.4834],[27.5571,-21.4902],[27.5593,-21.4923],[27.5769,-21.4807],[27.5794,-21.4809],[27.5885,-21.491],[27.5871,-21.4983],[27.5898,-21.504],[27.6005,-21.5085],[27.6146,-21.5303],[27.6183,-21.532],[27.6256,-21.532],[27.6431,-21.5373],[27.6566,-21.5364],[27.6644,-21.5398],[27.7029,-21.5482],[27.7086,-21.5476],[27.746,-21.5535],[27.7495,-21.5547],[27.7547,-21.5609],[27.7588,-21.5633],[27.7782,-21.5542],[27.7927,-21.5531],[27.8266,-21.5428],[27.8522,-21.5503],[27.8564,-21.543],[27.8571,-21.5324],[27.8625,-21.5295],[27.8706,-21.535],[27.8771,-21.5436],[27.88,-21.5451],[27.8898,-21.5423],[27.907,-21.5434],[27.9228,-21.5398],[27.9288,-21.5398],[27.9375,-21.5436],[27.94,-21.5468],[27.9411,-21.5527],[27.9438,-21.5556],[27.9462,-21.5558],[27.9533,-21.5526],[27.9624,-21.555],[27.9671,-21.5646],[27.9708,-21.5675],[27.9868,-21.5664],[28.0012,-21.5623],[28.0088,-21.5634],[28.0129,-21.5659],[28.0071,-21.5564],[28.008,-21.5511],[28.006,-21.5442],[27.9959,-21.5329],[27.9943,-21.5286],[27.9956,-21.5234],[28.0026,-21.5193],[28.0022,-21.5163],[27.9998,-21.5151],[27.9908,-21.5168],[27.9838,-21.5158],[27.9779,-21.5239],[27.9702,-21.5175],[27.9749,-21.505],[27.9733,-21.5004],[27.9738,-21.4965],[27.9752,-21.4941],[27.9825,-21.49],[27.9837,-21.4849],[27.982,-21.4829],[27.9701,-21.4787],[27.9608,-21.4775],[27.9573,-21.4728],[27.9632,-21.4621],[27.9754,-21.4618],[27.9776,-21.4603],[27.9777,-21.457],[27.9691,-21.4497],[27.9658,-21.4398],[27.9542,-21.4341],[27.9517,-21.4309],[27.9513,-21.4254],[27.9574,-21.4162],[27.9574,-21.4131],[27.9474,-21.396],[27.9442,-21.3877],[27.9297,-21.3756],[27.9206,-21.362],[27.918,-21.343],[27.9209,-21.3315],[27.9046,-21.3027],[27.8999,-21.2982],[27.8842,-21.2902],[27.8834,-21.2805],[27.8683,-21.2697],[27.8603,-21.2508],[27.8536,-21.2395],[27.8421,-21.2303],[27.835,-21.2217],[27.8298,-21.214],[27.8269,-21.2052],[27.8218,-21.2014],[27.8136,-21.1985],[27.8136,-21.196],[27.8171,-21.1913],[27.8053,-21.1754],[27.8012,-21.1751],[27.7939,-21.1784],[27.7884,-21.1776],[27.7842,-21.1733],[27.7805,-21.1658],[27.7794,-21.1597],[27.7678,-21.155],[27.7586,-21.1558],[27.7504,-21.1531],[27.7464,-21.1422],[27.7369,-21.1359],[27.7285,-21.1279],[27.7251,-21.1171],[27.7171,-21.1139],[27.716,-21.108],[27.7135,-21.1048],[27.7027,-21.1016],[27.6984,-21.0963],[27.6994,-21.0909],[27.693,-21.0869],[27.6951,-21.0734],[27.6896,-21.0676],[27.6887,-21.0603],[27.6853,-21.0518],[27.6868,-21.05],[27.6989,-21.0467],[27.7047,-21.038],[27.7018,-21.0313],[27.7026,-21.024],[27.6982,-21.0164],[27.7005,-21.0132],[27.6955,-21.0059],[27.6997,-21.0026],[27.704,-21.0026],[27.7072,-21.0004],[27.7069,-20.997],[27.7014,-20.9906],[27.7008,-20.9807],[27.7098,-20.966],[27.7103,-20.9578],[27.7093,-20.9557],[27.7034,-20.9531],[27.7022,-20.9496],[27.6982,-20.9474],[27.6948,-20.939],[27.6908,-20.937],[27.6894,-20.9343],[27.6955,-20.9253],[27.6975,-20.9097],[27.7019,-20.9057],[27.6998,-20.8983],[27.7002,-20.8932],[27.6926,-20.882],[27.6933,-20.8662],[27.6976,-20.8593],[27.7034,-20.8564],[27.7075,-20.8488],[27.711,-20.8496],[27.7143,-20.8407],[27.7176,-20.8383],[27.7123,-20.8302],[27.7147,-20.8278],[27.7148,-20.8233],[27.7169,-20.8199],[27.7168,-20.8111],[27.7198,-20.8072],[27.7172,-20.7997],[27.719,-20.796],[27.7273,-20.7972],[27.7306,-20.7952],[27.7307,-20.7903],[27.7277,-20.7844],[27.7284,-20.7809],[27.7258,-20.7785],[27.7289,-20.7756],[27.7279,-20.7681],[27.7308,-20.7666],[27.7326,-20.7604],[27.731,-20.7555],[27.733,-20.7518],[27.7297,-20.7464],[27.7334,-20.7412],[27.7313,-20.7379],[27.7323,-20.7333],[27.7305,-20.7337],[27.7284,-20.7311],[27.7287,-20.7237],[27.727,-20.7208],[27.7332,-20.7148],[27.7291,-20.7135],[27.7306,-20.7098],[27.73,-20.7067],[27.7323,-20.7061],[27.7333,-20.7038],[27.7306,-20.7031],[27.7295,-20.6997],[27.7233,-20.6948],[27.7257,-20.6935],[27.7257,-20.6915],[27.7202,-20.6882],[27.7164,-20.6834],[27.7161,-20.679],[27.7129,-20.6796],[27.7131,-20.6757],[27.7048,-20.666],[27.7066,-20.6652],[27.7026,-20.6528],[27.7064,-20.6471],[27.704,-20.6457],[27.7029,-20.6402],[27.7069,-20.6335],[27.706,-20.6303],[27.7087,-20.6256],[27.7052,-20.6234],[27.7041,-20.619],[27.7034,-20.6027],[27.7078,-20.5961],[27.7111,-20.5965],[27.7104,-20.5953],[27.7138,-20.5915],[27.7137,-20.5863],[27.7201,-20.5839],[27.7221,-20.5779],[27.7188,-20.5742],[27.7186,-20.572],[27.7249,-20.5658],[27.7256,-20.56],[27.729,-20.557],[27.7292,-20.5553],[27.7264,-20.5526],[27.7271,-20.5471],[27.7305,-20.5442],[27.7295,-20.5387],[27.7269,-20.5343],[27.7298,-20.5287],[27.7291,-20.5213],[27.7236,-20.5133],[27.6952,-20.4902],[27.6833,-20.4867],[27.6753,-20.4938],[27.6467,-20.4987],[27.6219,-20.4792],[27.6031,-20.4801],[27.5766,-20.4942],[27.5449,-20.4826],[27.5113,-20.4767],[27.4714,-20.4675],[27.4338,-20.4821],[27.3787,-20.4777],[27.3623,-20.4682],[27.2995,-20.4944]]]}},{"type":"Feature","id":"BW-NW","properties":{"code":"BW-NW","name":"North-West","country":"BW","level":"REGION"},"geometry":{"type":"Polygon","coordinates":[[[25.0046,-19.0],[23.8822,-19.0004],[23.8823,-18.6234],[23.8819,-18.2756],[23.8792,-18.2732],[23.8769,-18.2734],[23.8774,-18.2774],[23.8741,-18.2775],[23.8719,-18.2823],[23.8689,-18.2819],[23.8712,-18.2848],[23.8702,-18.2883],[23.8733,-18.2892],[23.8679,-18.2903],[23.8685,-18.2927],[23.8657,-18.2953],[23.8616,-18.2956],[23.8648,-18.3029],[23.8641,-18.3052],[23.8606,-18.3008],[23.8599,-18.3037],[23.856,-18.3013],[23.8532,-18.304],[23.8533,-18.3015],[23.8513,-18.3018],[23.8516,-18.3068],[23.8491,-18.31],[23.8517,-18.3108],[23.8494,-18.3182],[23.846,-18.3193],[23.8452,-18.3231],[23.8426,-18.3224],[23.8409,-18.3236],[23.8446,-18.3268],[23.841,-18.3279],[23.8392,-18.3241],[23.8378,-18.3256],[23.8385,-18.3275],[23.8358,-18.3285],[23.8365,-18.3262],[23.8339,-18.323],[23.832,-18.328],[23.8332,-18.3293],[23.8273,-18.3345],[23.8265,-18.3326],[23.8207,-18.3305],[23.821,-18.3332],[23.819,-18.3316],[23.8184,-18.3335],[23.8123,-18.3353],[23.8105,-18.3382],[23.8065,-18.338],[23.8029,-18.34],[23.806,-18.3418],[23.8045,-18.3449],[23.8082,-18.3461],[23.8048,-18.3486],[23.8079,-18.3501],[23.8085,-18.3535],[23.8041,-18.3514],[23.8066,-18.3551],[23.8007,-18.3576],[23.8031,-18.3602],[23.7997,-18.3605],[23.7959,-18.3656],[23.793,-18.3655],[23.7959,-18.374],[23.7902,-18.3787],[23.7895,-18.3821],[23.787,-18.3845],[23.7828,-18.3849],[23.7797,-18.3868],[23.779,-18.389],[23.775,-18.3875],[23.7732,-18.3914],[23.7695,-18.3935],[23.7694,-18.3975],[23.7647,-18.3982],[23.7615,-18.4065],[23.7556,-18.4038],[23.7501,-18.4093],[23.7454,-18.4113],[23.7468,-18.4148],[23.7437,-18.414],[23.7399,-18.421],[23.7374,-18.4222],[23.7377,-18.4251],[23.735,-18.4233],[23.7307,-18.4289],[23.7241,-18.4287],[23.7202,-18.4351],[23.7166,-18.4337],[23.7143,-18.4363],[23.7093,-18.4359],[23.7085,-18.434],[23.7062,-18.4346],[23.7056,-18.4325],[23.7022,-18.4305],[23.6995,-18.4325],[23.6988,-18.4306],[23.6963,-18.4321],[23.6963,-18.4341],[23.6939,-18.4333],[23.693,-18.4346],[23.6887,-18.4338],[23.687,-18.4308],[23.6865,-18.434],[23.6826,-18.4354],[23.6839,-18.4373],[23.6826,-18.4388],[23.6834,-18.4417],[23.6789,-18.4458],[23.679,-18.452],[23.675,-18.4528],[23.6732,-18.4583],[23.6692,-18.4617],[23.6709,-18.4644],[23.6665,-18.4665],[23.6648,-18.4719],[23.6632,-18.4719],[23.6634,-18.4733],[23.6602,-18.4751],[23.659,-18.4775],[23.6532,-18.4798],[23.6518,-18.4779],[23.6489,-18.4799],[23.647,-18.4783],[23.6429,-18.4826],[23.6388,-18.4836],[23.6376,-18.4867],[23.6324,-18.4877],[23.63,-18.49],[23.6317,-18.4909],[23.6292,-18.4939],[23.6258,-18.4937],[23.6253,-18.4965],[23.6218,-18.497],[23.6217,-18.4986],[23.6161,-18.5023],[23.6147,-18.5009],[23.6059,-18.5001],[23.6039,-18.498],[23.601,-18.4987],[23.5961,-18.4943],[23.5932,-18.4963],[23.5904,-18.4937],[23.5908,-18.4921],[23.5893,-18.4913],[23.5881,-18.4923],[23.5864,-18.4894],[23.5833,-18.4911],[23.5821,-18.4877],[23.5785,-18.4865],[23.5787,-18.4845],[23.5676,-18.4807],[23.5673,-18.4782],[23.5701,-18.4774],[23.5669,-18.4729],[23.5686,-18.4717],[23.5706,-18.4725],[23.5732,-18.4676],[23.5687,-18.4605],[23.5711,-18.4601],[23.5723,-18.4575],[23.5716,-18.4545],[23.569,-18.4544],[23.5644,-18.4505],[23.5618,-18.4504],[23.5605,-18.4441],[23.5548,-18.4402],[23.5559,-18.4352],[23.5536,-18.4333],[23.5585,-18.4262],[23.5572,-18.4217],[23.5595,-18.42],[23.5593,-18.4176],[23.5643,-18.4134],[23.5606,-18.4022],[23.5606,-18.3916],[23.5589,-18.3905],[23.5581,-18.392],[23.5568,-18.3906],[23.5508,-18.3907],[23.5514,-18.3894],[23.55,-18.3886],[23.5517,-18.3879],[23.55,-18.3869],[23.5505,-18.3821],[23.5527,-18.3809],[23.5515,-18.3774],[23.5533,-18.3732],[23.5591,-18.374],[23.5602,-18.3755],[23.5609,-18.3739],[23.5627,-18.3739],[23.5616,-18.3732],[23.5628,-18.3699],[23.5645,-18.3698],[23.5609,-18.3675],[23.5636,-18.3664],[23.5624,-18.3646],[23.5612,-18.3649],[23.561,-18.3633],[23.56,-18.3641],[23.5561,-18.361],[23.5552,-18.3585],[23.5535,-18.3583],[23.5535,-18.3532],[23.555,-18.3515],[23.5539,-18.3508],[23.5552,-18.35],[23.5534,-18.3496],[23.5521,-18.3468],[23.555,-18.3446],[23.5546,-18.3432],[23.557,-18.3413],[23.5567,-18.3388],[23.5586,-18.3368],[23.554,-18.334],[23.5541,-18.3381],[23.5513,-18.3372],[23.55,-18.335],[23.5483,-18.3356],[23.5484,-18.3327],[23.543,-18.3302],[23.5431,-18.3289],[23.5368,-18.3272],[23.5378,-18.3247],[23.5362,-18.3211],[23.537,-18.319],[23.5338,-18.3204],[23.5326,-18.3192],[23.5293,-18.3221],[23.5279,-18.3198],[23.5326,-18.3167],[23.53,-18.3141],[23.5275,-18.3147],[23.5275,-18.3124],[23.5294,-18.3131],[23.5286,-18.3113],[23.5307,-18.309],[23.5298,-18.3039],[23.5322,-18.3034],[23.5317,-18.3003],[23.5341,-18.2962],[23.533,-18.2942],[23.5258,-18.2908],[23.529,-18.2889],[23.5281,-18.2871],[23.5309,-18.2857],[23.5268,-18.2862],[23.527,-18.284],[23.522,-18.2853],[23.5226,-18.2813],[23.5266,-18.2788],[23.5237,-18.2766],[23.5249,-18.2755],[23.5241,-18.2733],[23.5258,-18.2731],[23.5241,-18.2725],[23.5211,-18.2758],[23.5227,-18.2728],[23.5217,-18.2715],[23.5193,-18.2719],[23.5203,-18.2683],[23.5146,-18.2684],[23.5078,-18.2654],[23.503,-18.2661],[23.5066,-18.2618],[23.5024,-18.2608],[23.5011,-18.2588],[23.5045,-18.2533],[23.5015,-18.2538],[23.5,-18.2556],[23.4981,-18.255],[23.4983,-18.2481],[23.5004,-18.2497],[23.5004,-18.2418],[23.4935,-18.2441],[23.4883,-18.2413],[23.4874,-18.2429],[23.4826,-18.2445],[23.4797,-18.2421],[23.4761,-18.2416],[23.4719,-18.2463],[23.4692,-18.2467],[23.467,-18.2458],[23.4681,-18.241],[23.466,-18.2422],[23.4625,-18.2393],[23.4631,-18.2368],[23.4613,-18.2377],[23.4602,-18.2357],[23.458,-18.2359],[23.4583,-18.2335],[23.4531,-18.2362],[23.4519,-18.2307],[23.4494,-18.23],[23.4511,-18.2272],[23.447,-18.2248],[23.4482,-18.2227],[23.4508,-18.2224],[23.4511,-18.2207],[23.4488,-18.2186],[23.4488,-18.2158],[23.4465,-18.215],[23.4455,-18.2129],[23.4419,-18.2113],[23.4385,-18.2145],[23.4336,-18.2135],[23.4346,-18.2091],[23.4273,-18.2101],[23.4267,-18.2059],[23.4242,-18.2041],[23.4203,-18.2055],[23.4222,-18.2086],[23.4207,-18.2136],[23.4143,-18.21],[23.4162,-18.2085],[23.4148,-18.2054],[23.4124,-18.2063],[23.41,-18.2035],[23.4067,-18.206],[23.4022,-18.2042],[23.4016,-18.209],[23.3975,-18.2081],[23.3995,-18.1973],[23.4009,-18.1965],[23.4017,-18.1975],[23.4024,-18.196],[23.4022,-18.1938],[23.3997,-18.194],[23.3985,-18.1924],[23.4006,-18.1897],[23.4036,-18.1904],[23.4048,-18.1885],[23.403,-18.1746],[23.3998,-18.1709],[23.3909,-18.1666],[23.3903,-18.162],[23.3867,-18.1646],[23.3843,-18.1637],[23.3846,-18.1565],[23.3813,-18.1529],[23.3811,-18.1495],[23.3824,-18.1483],[23.3793,-18.1438],[23.3805,-18.1363],[23.379,-18.1348],[23.3711,-18.134],[23.3639,-18.1269],[23.3662,-18.1232],[23.3629,-18.1206],[23.3654,-18.1196],[23.3674,-18.1163],[23.3649,-18.1158],[23.3622,-18.1182],[23.358,-18.1177],[23.3583,-18.1126],[23.3503,-18.1099],[23.3524,-18.104],[23.3478,-18.1028],[23.3472,-18.1009],[23.3494,-18.0991],[23.349,-18.0969],[23.3477,-18.0956],[23.3441,-18.0959],[23.3453,-18.095],[23.3448,-18.092],[23.3434,-18.0918],[23.3438,-18.0895],[23.3409,-18.09],[23.3399,-18.0861],[23.3369,-18.0856],[23.3363,-18.0883],[23.3338,-18.0888],[23.3312,-18.0842],[23.3241,-18.0825],[23.3265,-18.079],[23.3234,-18.0782],[23.3222,-18.0759],[23.3247,-18.071],[23.3208,-18.0686],[23.3241,-18.0633],[23.3203,-18.0586],[23.3257,-18.0531],[23.3293,-18.0567],[23.3314,-18.0546],[23.3338,-18.0546],[23.335,-18.0523],[23.333,-18.0498],[23.3281,-18.0486],[23.3238,-18.0502],[23.3213,-18.0494],[23.3197,-18.0466],[23.322,-18.0403],[23.3211,-18.0383],[23.3158,-18.0369],[23.3125,-18.0402],[23.3079,-18.0375],[23.3078,-18.0333],[23.3115,-18.0314],[23.3131,-18.0268],[23.317,-18.0235],[23.3165,-18.0211],[23.3143,-18.0214],[23.3115,-18.0156],[23.3084,-18.0128],[23.3043,-18.0118],[23.3066,-18.0101],[23.3062,-18.0078],[23.3088,-18.0068],[23.3075,-18.0053],[23.3094,-18.0034],[23.3087,-18.0018],[23.306,-18.004],[23.302,-18.0018],[23.2965,-18.006],[23.295,-18.0049],[23.2969,-18.0008],[23.0984,-18.0008],[22.6292,-18.0926],[22.2824,-18.16],[21.952,-18.2229],[21.453,-18.3176],[20.9989,-18.3176],[20.999,-19.1658],[20.999,-19.5851],[20.999,-19.8662],[20.9989,-20.3929],[20.999,-20.9954],[21.3451,-20.9975],[21.7254,-20.9989],[22.099,-20.9998],[22.4492,-20.9996],[22.7499,-21.0003],[23.1154,-21.0032],[23.1336,-21.0019],[23.1388,-20.9993],[23.1452,-20.9992],[23.4923,-21.0006],[23.8844,-21.0002],[23.8842,-20.6647],[23.8842,-20.3296],[23.8845,-20.321],[23.8869,-20.3168],[23.8861,-20.3093],[23.8895,-20.3024],[23.8953,-20.3031],[23.8997,-20.3053],[23.9027,-20.3146],[23.906,-20.318],[23.9401,-20.327],[23.9559,-20.3234],[23.9563,-20.3211],[23.9614,-20.3177],[23.9702,-20.3065],[23.9763,-20.3069],[23.9917,-20.3118],[23.997,-20.3112],[23.9998,-20.3082],[23.9947,-20.3025],[23.9944,-20.2962],[23.9972,-20.2887],[24.0004,-20.2845],[24.0066,-20.2824],[24.0105,-20.2763],[24.0136,-20.276],[24.0226,-20.2715],[24.0233,-20.2685],[24.0196,-20.2636],[24.0253,-20.2603],[24.0307,-20.2517],[24.0359,-20.2513],[24.0415,-20.2535],[24.0539,-20.2542],[24.0578,-20.2433],[24.0639,-20.2412],[24.0707,-20.2344],[24.0794,-20.2317],[24.0974,-20.2149],[24.1018,-20.2146],[24.114,-20.2189],[24.123,-20.2174],[24.1258,-20.2157],[24.1267,-20.2122],[24.1336,-20.207],[24.1378,-20.2005],[24.1418,-20.1989],[24.1482,-20.2005],[24.1546,-20.1976],[24.1575,-20.2003],[24.1582,-20.205],[24.1642,-20.2073],[24.1738,-20.2078],[24.179,-20.2094],[24.1834,-20.2138],[24.1941,-20.2142],[24.1972,-20.2163],[24.1997,-20.2205],[24.1991,-20.227],[24.201,-20.2329],[24.2075,-20.2425],[24.2126,-20.2464],[24.2314,-20.2538],[24.2418,-20.2489],[24.2449,-20.2458],[24.2493,-20.2264],[24.2564,-20.2203],[24.2604,-20.2203],[24.2646,-20.227],[24.2653,-20.23],[24.2624,-20.237],[24.2669,-20.2465],[24.2702,-20.2505],[24.2788,-20.2519],[24.2823,-20.2549],[24.2839,-20.2654],[24.2827,-20.2714],[24.2793,-20.2765],[24.2711,-20.2799],[24.2695,-20.2861],[24.2791,-20.298],[24.2815,-20.3098],[24.2845,-20.3155],[24.2901,-20.3186],[24.3059,-20.3168],[24.3128,-20.3187],[24.3174,-20.3222],[24.3212,-20.3203],[24.3261,-20.3212],[24.3361,-20.3309],[24.3359,-20.3371],[24.3401,-20.343],[24.3366,-20.3484],[24.3374,-20.3517],[24.35,-20.36],[24.3613,-20.3739],[24.3706,-20.3781],[24.3821,-20.3873],[24.3835,-20.3921],[24.3904,-20.3917],[24.403,-20.4007],[24.4096,-20.4037],[24.4222,-20.3986],[24.4356,-20.3973],[24.4434,-20.398],[24.4487,-20.3963],[24.4592,-20.3873],[24.4713,-20.3852],[24.4775,-20.386],[24.4831,-20.3903],[24.4927,-20.3918],[24.503,-20.3862],[24.5073,-20.388],[25.1287,-20.3421],[25.1782,-20.3423],[25.1776,-20.2515],[25.1762,-20.2381],[25.1771,-20.1837],[25.176,-20.0718],[25.1354,-20.0559],[25.1182,-20.0436],[25.0607,-20.0288],[24.9992,-19.9969],[24.9991,-19.4842],[25.0046,-19.0]]]}},{"type":"Feature","id":"BW-SE","properties":{"code":"BW-SE","name":"South-East","country":"BW","level":"REGION"},"geometry":{"type":"Polygon","coordinates":[[[25.7156,-24.7873],[25.709,-24.8535],[25.6338,-24.8857],[25.6609,-24.9117],[25.5998,-25.0218],[25.6683,-25.0279],[25.6259,-25.1656],[25.539,-25.4358],[25.6127,-25.4472],[25.6621,-25.4673],[25.6882,-25.376],[25.6998,-25.291],[25.7289,-25.257],[25.8401,-24.98],[25.861,-24.9258],[25.86,-24.924],[25.8699,-24.9211],[25.8717,-24.9187],[25.8796,-24.9158],[25.8814,-24.9165],[25.8828,-24.914],[25.874,-24.9066],[25.8737,-24.904],[25.8797,-24.9044],[25.8819,-24.9024],[25.881,-24.9001],[25.8773,-24.8985],[25.8765,-24.8898],[25.8779,-24.8876],[25.8801,-24.8869],[25.8852,-24.8881],[25.8896,-24.8847],[25.8892,-24.8817],[25.8853,-24.8804],[25.8853,-24.8778],[25.8831,-24.8753],[25.8825,-24.8589],[25.877,-24.8562],[25.8775,-24.8519],[25.8747,-24.8462],[25.8758,-24.8384],[25.8739,-24.8315],[25.8749,-24.8282],[25.8666,-24.8232],[25.8647,-24.8234],[25.8615,-24.8267],[25.859,-24.8266],[25.8577,-24.8213],[25.8624,-24.8082],[25.8606,-24.8079],[25.8417,-24.7901],[25.8434,-24.78],[25.8494,-24.7765],[25.8507,-24.7742],[25.8504,-24.7621],[25.8472,-24.7553],[25.8576,-24.7569],[25.9106,-24.7535],[25.9163,-24.7453],[25.9637,-24.7492],[26.0067,-24.724],[26.1886,-24.6868],[26.1506,-24.6467],[26.033,-24.5796],[25.9728,-24.5126],[25.9518,-24.5385],[25.95,-24.5356],[25.9052,-24.5577],[25.9006,-24.5551],[25.897,-24.5569],[25.896,-24.5623],[25.8884,-24.566],[25.8912,-24.5708],[25.8994,-24.5667],[25.903,-24.5677],[25.8736,-24.5822],[25.8958,-24.5849],[25.8979,-24.595],[25.9027,-24.5984],[25.7891,-24.7328],[25.7156,-24.7873]]]}},{"type":"Feature","id":"BW-SO","properties":{"code":"BW-SO","name":"Southern","country":"BW","level":"REGION"},"geometry":{"type":"Polygon","coordinates":[[[25.7156,-24.7873],[25.6796,-24.7811],[25.4417,-24.6856],[25.4404,-24.6831],[25.4338,-24.6846],[25.4326,-24.6872],[25.428,-24.6907],[25.4278,-24.6929],[25.4234,-24.6933],[25.4204,-24.6904],[25.4188,-24.6921],[25.4127,-24.6932],[25.4073,-24.6924],[25.406,-24.6904],[25.4038,-24.6903],[25.4017,-24.6867],[25.4001,-24.6876],[25.3985,-24.6846],[25.3936,-24.6824],[25.3935,-24.6785],[25.3913,-24.6817],[25.384,-24.6814],[25.3836,-24.684],[25.3811,-24.6855],[25.3752,-24.6813],[25.3753,-24.6793],[25.373,-24.6814],[25.369,-24.6797],[25.3624,-24.6808],[25.3592,-24.6845],[25.3465,-24.6799],[25.3441,-24.6802],[25.3414,-24.6766],[25.3376,-24.6775],[25.3358,-24.676],[25.3339,-24.6667],[25.3312,-24.6628],[25.3317,-24.66],[25.319,-24.6482],[25.2919,-24.6381],[24.7981,-24.5057],[24.7772,-24.5011],[24.3586,-24.381],[23.87,-24.2383],[23.4858,-24.1289],[23.059,-24.0051],[23.0591,-24.4271],[23.0591,-24.8535],[23.4846,-24.8534],[24.0954,-24.8537],[24.25,-24.9988],[24.25,-25.5114],[24.4109,-25.6565],[24.4992,-25.6565],[24.5082,-25.7583],[24.5444,-25.772],[24.5505,-25.7727],[24.5615,-25.7709],[24.5694,-25.7727],[24.5781,-25.7774],[24.5894,-25.7898],[24.5989,-25.7935],[24.6089,-25.8007],[24.6403,-25.8076],[24.6453,-25.8109],[24.6597,-25.8152],[24.6643,-25.8183],[24.6757,-25.8179],[24.679,-25.8192],[24.6827,-25.8239],[24.6859,-25.8233],[24.6965,-25.8113],[24.7116,-25.8058],[24.729,-25.804],[24.7367,-25.8076],[24.7418,-25.8124],[24.7481,-25.8141],[24.752,-25.8145],[24.7559,-25.8114],[24.7617,-25.811],[24.7674,-25.8128],[24.7784,-25.8197],[24.7837,-25.8172],[24.7875,-25.8175],[24.7947,-25.8253],[24.8026,-25.8187],[24.8105,-25.8184],[24.8111,-25.8129],[24.8132,-25.8103],[24.8156,-25.8117],[24.8162,-25.8161],[24.8184,-25.817],[24.8246,-25.8117],[24.8335,-25.8153],[24.8443,-25.8092],[24.8509,-25.8088],[24.8569,-25.8064],[24.8621,-25.8075],[24.8696,-25.8054],[24.8753,-25.8091],[24.8858,-25.8071],[24.8969,-25.8108],[24.8989,-25.8093],[24.8963,-25.8059],[24.8976,-25.8026],[24.9047,-25.8026],[24.9078,-25.7984],[24.9131,-25.7975],[24.9128,-25.7844],[24.9158,-25.7844],[24.9203,-25.79],[24.9278,-25.7877],[24.9338,-25.7766],[24.9458,-25.7746],[24.9514,-25.7717],[24.9511,-25.7691],[24.9538,-25.7683],[24.9518,-25.7623],[24.9544,-25.7603],[24.9615,-25.7661],[24.9667,-25.7661],[24.9753,-25.7539],[24.9839,-25.7543],[24.9897,-25.7454],[25.0036,-25.7387],[25.0038,-25.7357],[24.9998,-25.7312],[25.0006,-25.7296],[25.0147,-25.7255],[25.0185,-25.7304],[25.0229,-25.731],[25.0375,-25.7222],[25.0516,-25.7261],[25.0539,-25.7313],[25.0617,-25.7355],[25.0673,-25.7351],[25.0716,-25.7363],[25.0769,-25.7313],[25.0809,-25.7304],[25.0843,-25.7384],[25.087,-25.7409],[25.0993,-25.7425],[25.1043,-25.7412],[25.1053,-25.7425],[25.1021,-25.7461],[25.1022,-25.748],[25.11,-25.7487],[25.1087,-25.7544],[25.1128,-25.7562],[25.1161,-25.7607],[25.1214,-25.7638],[25.1271,-25.7627],[25.1349,-25.7577],[25.1437,-25.7564],[25.1484,-25.7596],[25.1611,-25.7596],[25.1656,-25.7619],[25.1687,-25.7655],[25.1726,-25.7662],[25.1761,-25.7662],[25.1836,-25.7628],[25.1922,-25.7625],[25.2035,-25.7584],[25.2068,-25.7596],[25.2092,-25.7627],[25.2156,-25.7632],[25.2198,-25.7659],[25.2239,-25.7635],[25.2485,-25.7656],[25.2523,-25.7675],[25.2614,-25.7686],[25.2648,-25.7665],[25.2748,-25.768],[25.2852,-25.7654],[25.2994,-25.7657],[25.3111,-25.7689],[25.3159,-25.7724],[25.3195,-25.7728],[25.3287,-25.7698],[25.3348,-25.7709],[25.347,-25.7666],[25.3516,-25.7617],[25.3668,-25.7579],[25.3717,-25.7525],[25.3782,-25.7503],[25.387,-25.7442],[25.4073,-25.7385],[25.4238,-25.7314],[25.446,-25.7138],[25.4516,-25.7102],[25.4549,-25.7102],[25.4586,-25.7051],[25.4653,-25.7012],[25.4695,-25.6959],[25.48,-25.696],[25.4853,-25.694],[25.4885,-25.6888],[25.4934,-25.6905],[25.4985,-25.6895],[25.5001,-25.6907],[25.5071,-25.686],[25.513,-25.6847],[25.5275,-25.671],[25.5311,-25.67],[25.5344,-25.6656],[25.5576,-25.6498],[25.5667,-25.6474],[25.5775,-25.6387],[25.5809,-25.6388],[25.6621,-25.4673],[25.6127,-25.4472],[25.539,-25.4358],[25.6259,-25.1656],[25.6683,-25.0279],[25.5998,-25.0218],[25.6609,-24.9117],[25.6338,-24.8857],[25.709,-24.8535],[25.7156,-24.7873]]]}},{"type":"Feature","id":"NA-CA","properties":{"code":"NA-CA","name":"Zambezi","country":"NA","level":"REGION"},"geometry":{"type":"Polygon","coordinates":[[[20.9934,-18.3186],[21.4757,-18.2995],[21.8815,-18.2242],[22.219,-18.1615],[22.5565,-18.0988],[22.9814,-18.02],[23.2549,-17.9974],[23.2928,-17.999],[23.3115,-18.0098],[23.3127,-18.03],[23.3159,-18.0371],[23.3306,-18.04],[23.3338,-18.0433],[23.3326,-18.0671],[23.3338,-18.074],[23.3481,-18.0944],[23.3595,-18.1192],[23.3897,-18.1533],[23.3958,-18.1634],[23.3945,-18.1862],[23.3958,-18.1914],[23.4103,-18.1974],[23.4189,-18.1984],[23.4294,-18.1885],[23.4443,-18.2007],[23.4641,-18.2255],[23.4778,-18.2309],[23.4913,-18.2331],[23.5015,-18.2375],[23.5113,-18.2603],[23.5217,-18.2682],[23.5273,-18.2777],[23.5188,-18.2937],[23.5515,-18.3275],[23.5608,-18.3485],[23.5466,-18.3695],[23.5555,-18.3831],[23.5713,-18.426],[23.5792,-18.4679],[23.5922,-18.4782],[23.6099,-18.4777],[23.6454,-18.466],[23.6565,-18.4583],[23.6801,-18.4315],[23.7009,-18.428],[23.7158,-18.4191],[23.8098,-18.3217],[23.8256,-18.3171],[23.8372,-18.3058],[23.8552,-18.2801],[23.8675,-18.2694],[23.897,-18.2502],[23.9129,-18.2357],[23.916,-18.2012],[23.9508,-18.1776],[23.9566,-18.1766],[23.962,-18.1779],[23.9712,-18.1839],[23.9797,-18.1719],[23.9917,-18.1634],[24.0203,-18.1516],[24.057,-18.119],[24.0651,-18.1152],[24.1016,-18.1088],[24.1351,-18.0855],[24.1831,-18.0294],[24.2183,-18.0126],[24.2382,-18.0099],[24.2592,-18.0126],[24.2701,-18.0158],[24.2874,-18.0245],[24.2964,-18.0262],[24.3058,-18.0194],[24.3343,-17.9716],[24.3506,-17.9561],[24.3653,-17.9508],[24.3995,-17.9523],[24.4216,-17.9565],[24.4339,-17.9672],[24.451,-17.999],[24.4585,-18.0058],[24.4651,-18.0087],[24.4698,-18.0145],[24.4715,-18.03],[24.5056,-18.0603],[24.5184,-18.0573],[24.5644,-18.0528],[24.5746,-18.0504],[24.5778,-18.0444],[24.5918,-18.0284],[24.595,-18.0228],[24.5986,-18.0208],[24.6492,-17.9628],[24.6641,-17.9499],[24.6985,-17.9289],[24.7253,-17.8959],[24.7307,-17.8919],[24.7468,-17.8842],[24.7645,-17.8797],[24.7707,-17.8655],[24.7769,-17.8623],[24.7974,-17.8581],[24.8208,-17.8393],[24.8381,-17.835],[24.8574,-17.8336],[24.9311,-17.8105],[24.9376,-17.8071],[24.9452,-17.8],[24.9486,-17.7933],[24.9533,-17.7884],[24.9643,-17.7867],[24.9581,-17.8009],[24.9686,-17.8076],[24.9751,-17.8163],[24.9833,-17.8205],[24.9985,-17.814],[25.0071,-17.8257],[25.0197,-17.8238],[25.0475,-17.8071],[25.057,-17.8277],[25.0879,-17.8268],[25.1209,-17.8135],[25.1539,-17.7818],[25.1942,-17.7823],[25.2598,-17.7941],[25.2535,-17.7815],[25.2424,-17.7703],[25.2289,-17.7625],[25.2151,-17.7593],[25.1982,-17.7584],[25.1907,-17.7553],[25.1778,-17.7388],[25.1612,-17.7294],[25.1568,-17.7252],[25.1553,-17.7194],[25.1564,-17.7067],[25.1533,-17.701],[25.1385,-17.6861],[25.1314,-17.6865],[25.1226,-17.6979],[25.12,-17.6911],[25.1151,-17.6842],[25.108,-17.6789],[25.0988,-17.6768],[25.0885,-17.6427],[25.067,-17.6253],[25.0642,-17.6215],[25.0453,-17.62],[25.0401,-17.6161],[25.0339,-17.6085],[25.0339,-17.6016],[25.0406,-17.5845],[25.037,-17.5812],[25.0267,-17.5827],[25.008,-17.5885],[24.9985,-17.588],[24.9826,-17.5765],[24.9711,-17.5607],[24.958,-17.5517],[24.9376,-17.5607],[24.9249,-17.543],[24.8983,-17.5311],[24.8295,-17.5177],[24.7974,-17.5191],[24.7868,-17.5169],[24.7751,-17.5076],[24.7698,-17.5054],[24.6844,-17.4924],[24.6395,-17.4924],[24.6297,-17.4955],[24.6174,-17.5092],[24.6065,-17.5152],[24.5913,-17.5284],[24.5808,-17.5328],[24.5712,-17.5335],[24.5625,-17.5322],[24.5465,-17.5265],[24.5236,-17.5078],[24.4982,-17.5035],[24.4793,-17.4945],[24.4493,-17.4891],[24.407,-17.4745],[24.3889,-17.4713],[24.3713,-17.4737],[24.3294,-17.4851],[24.3213,-17.4887],[24.3103,-17.4826],[24.2574,-17.4808],[24.2388,-17.4782],[24.2205,-17.4795],[24.1909,-17.4853],[23.8485,-17.5529],[23.4762,-17.6264],[23.4574,-17.6268],[22.8898,-17.7341],[22.4814,-17.8114],[21.9795,-17.9038],[21.4055,-18.0093],[21.3868,-18.0145],[21.3812,-18.0126],[21.3648,-17.992],[21.3351,-17.978],[21.2781,-17.9585],[21.2327,-17.9345],[21.2166,-17.9306],[21.1758,-17.9332],[21.1613,-17.9306],[21.1431,-17.9337],[21.1261,-17.9411],[21.1094,-17.945],[21.0931,-17.9381],[20.9865,-17.9658],[20.9934,-18.3186]]]}},{"type":"Feature","id":"NA-ER","properties":{"code":"NA-ER","name":"Erongo","country":"NA","level":"REGION"},"geometry":{"type":"Polygon","coordinates":[[[13.6281,-21.1876],[13.6668,-21.2324],[13.7293,-21.3303],[13.8317,-21.4565],[13.8628,-21.528],[13.8779,-21.5922],[13.9583,-21.7048],[13.9627,-21.714],[13.9658,-21.7267],[13.9652,-21.7332],[13.959,-21.7584],[13.9522,-21.7734],[13.9523,-21.7839],[13.9717,-21.7927],[14.0542,-21.8647],[14.062,-21.881],[14.1372,-21.9464],[14.2914,-22.1345],[14.2935,-22.1433],[14.2943,-22.1674],[14.3152,-22.2003],[14.3804,-22.2685],[14.3865,-22.2765],[14.4187,-22.3398],[14.4382,-22.3989],[14.4743,-22.4679],[14.4851,-22.5124],[14.5086,-22.548],[14.5275,-22.6795],[14.5344,-22.8542],[14.5293,-22.9002],[14.522,-22.9234],[14.5105,-22.9333],[14.4968,-22.9418],[14.4743,-22.9822],[14.4592,-22.9953],[14.4714,-22.9651],[14.4729,-22.9538],[14.4517,-22.9633],[14.4443,-22.9528],[14.446,-22.9324],[14.4519,-22.9122],[14.4382,-22.8923],[14.4439,-22.8835],[14.4409,-22.8798],[14.4351,-22.8798],[14.4319,-22.8818],[14.4319,-22.923],[14.429,-22.9325],[14.416,-22.9516],[14.4114,-22.9612],[14.4102,-22.9708],[14.4138,-23.0362],[14.4207,-23.071],[14.4313,-23.1033],[14.4456,-23.1313],[14.4627,-23.1574],[14.4735,-23.1928],[14.492,-23.3092],[14.4934,-23.3478],[14.4904,-23.3697],[14.4844,-23.3749],[14.4795,-23.3658],[14.4797,-23.3448],[14.4675,-23.3561],[14.4431,-23.3967],[14.4351,-23.4055],[14.4343,-23.4152],[14.447,-23.4604],[14.4841,-23.551],[15.0466,-23.6016],[15.0715,-23.6366],[15.0871,-23.65],[15.1066,-23.6547],[15.1287,-23.6562],[15.2018,-23.6505],[15.3027,-23.6662],[15.3239,-23.6642],[15.3379,-23.6653],[15.4522,-23.6939],[15.7424,-23.8136],[15.8264,-23.8057],[15.8462,-23.7884],[15.8526,-23.75],[15.8523,-23.7441],[15.84,-23.696],[15.852,-23.5523],[15.8492,-23.535],[15.8414,-23.5295],[15.7576,-23.4923],[15.7515,-23.4864],[15.7518,-23.4779],[15.7548,-23.4685],[15.7815,-23.4096],[15.7868,-23.4007],[15.7933,-23.3935],[15.8031,-23.3901],[15.8364,-23.385],[15.8502,-23.38],[15.8507,-23.3684],[15.8264,-23.2471],[15.908,-23.2219],[15.9179,-23.2179],[15.9238,-23.2127],[15.9207,-23.2055],[15.8757,-23.1547],[15.8707,-23.1456],[15.871,-23.136],[15.8734,-23.1261],[15.8914,-23.0763],[15.8936,-23.0659],[15.8917,-23.0336],[15.8837,-23.0001],[15.8954,-22.9042],[15.9021,-22.8906],[15.9128,-22.8768],[15.9404,-22.8644],[15.9557,-22.8537],[15.9849,-22.8486],[16.0452,-22.8481],[16.0561,-22.8451],[16.0604,-22.8357],[16.062,-22.8238],[16.0631,-22.7206],[16.0625,-22.7123],[16.0598,-22.704],[16.053,-22.7015],[16.0436,-22.7003],[15.9687,-22.7023],[15.9643,-22.6998],[15.9607,-22.6948],[15.9786,-22.673],[16.057,-22.5973],[16.0706,-22.5891],[16.0855,-22.589],[16.147,-22.6053],[16.1591,-22.6058],[16.1868,-22.5928],[16.2161,-22.5688],[16.2291,-22.5503],[16.2643,-22.5226],[16.274,-22.5128],[16.2853,-22.5105],[16.3263,-22.5124],[16.3371,-22.5109],[16.3423,-22.4993],[16.3432,-22.4547],[16.3482,-22.439],[16.3586,-22.4228],[16.406,-22.3902],[16.447,-22.3739],[16.4143,-22.3239],[16.4087,-22.3126],[16.406,-22.3024],[16.4081,-22.2942],[16.4184,-22.2812],[16.4205,-22.2759],[16.4205,-22.2686],[16.3927,-22.2088],[16.3912,-22.1992],[16.3969,-22.1924],[16.4306,-22.1693],[16.4416,-22.1564],[16.4682,-22.1438],[16.4645,-22.1349],[16.4317,-22.0899],[16.4277,-22.0814],[16.4321,-22.0788],[16.4518,-22.0794],[16.4611,-22.0749],[16.4688,-22.0651],[16.4698,-22.0364],[16.4812,-21.9988],[16.4663,-21.9753],[16.4672,-21.9664],[16.477,-21.9476],[16.4788,-21.9347],[16.4765,-21.9197],[16.4607,-21.8961],[16.4513,-21.888],[16.4388,-21.8822],[16.4333,-21.8654],[16.4321,-21.8425],[16.3934,-21.728],[16.4233,-21.6154],[16.434,-21.5363],[16.4414,-21.5152],[16.4541,-21.5019],[16.493,-21.4521],[16.533,-21.4161],[16.5366,-21.3865],[16.5066,-21.2629],[16.5149,-21.2302],[16.5146,-21.1721],[16.4174,-21.1613],[16.4082,-21.1592],[16.4008,-21.1557],[16.3847,-21.1291],[16.351,-21.0971],[16.3263,-21.0838],[16.3123,-21.0744],[16.286,-21.0519],[16.2751,-21.0396],[16.2683,-21.0269],[16.2608,-20.9934],[16.2587,-20.9875],[16.2553,-20.9855],[16.2492,-20.9898],[16.2065,-21.0334],[16.1999,-21.0381],[16.1928,-21.04],[16.1813,-21.0356],[16.1395,-21.0129],[16.0925,-20.9963],[16.0325,-20.9419],[15.8323,-20.8405],[15.7531,-20.7725],[15.7435,-20.7612],[15.7283,-20.7101],[15.7247,-20.7035],[15.72,-20.7001],[15.7094,-20.7008],[15.6645,-20.7092],[15.6564,-20.7081],[15.6057,-20.6934],[15.5987,-20.679],[15.5964,-20.6687],[15.6007,-20.5626],[15.556,-20.5538],[15.5137,-20.5396],[15.4933,-20.5306],[15.4785,-20.5184],[15.4645,-20.5007],[15.4561,-20.4946],[15.3844,-20.4872],[15.3749,-20.4967],[15.3684,-20.5086],[15.3445,-20.5335],[15.2887,-20.6048],[15.2803,-20.6106],[15.1411,-20.7338],[15.131,-20.7458],[15.126,-20.7591],[15.1203,-20.7641],[15.0728,-20.7919],[15.0508,-20.8023],[14.9974,-20.8432],[14.9883,-20.8532],[14.9815,-20.8574],[14.9616,-20.8659],[14.9523,-20.8818],[14.948,-20.8866],[14.9264,-20.8987],[14.9167,-20.912],[14.9081,-20.9192],[14.8717,-20.9225],[14.8425,-20.9425],[14.82,-20.9543],[14.7952,-20.9768],[14.7626,-20.9862],[14.737,-20.9973],[14.729,-20.9993],[14.7088,-20.9996],[14.6782,-21.0042],[14.647,-21.0007],[14.5909,-21.0015],[14.5835,-21.0004],[14.5407,-20.984],[14.5234,-20.9849],[14.5097,-20.988],[14.4822,-20.9884],[14.4584,-20.9925],[14.4516,-20.9914],[14.4256,-20.9741],[14.4148,-20.9699],[14.3719,-20.9663],[14.346,-20.9709],[14.2948,-20.987],[14.2829,-20.9885],[14.2709,-20.986],[14.2081,-20.9593],[14.1901,-20.9586],[14.1733,-20.9615],[14.1632,-20.965],[14.1363,-20.9793],[14.1292,-20.981],[14.1012,-20.9827],[14.0793,-20.9877],[14.031,-21.0089],[13.9801,-21.0109],[13.9044,-21.0365],[13.884,-21.0502],[13.8707,-21.0648],[13.8628,-21.0673],[13.8465,-21.0687],[13.8414,-21.0713],[13.8373,-21.0759],[13.8305,-21.09],[13.8248,-21.0927],[13.803,-21.0957],[13.7685,-21.1038],[13.7603,-21.1072],[13.7562,-21.1102],[13.7445,-21.126],[13.7354,-21.1341],[13.7265,-21.1385],[13.6921,-21.1498],[13.6281,-21.1876]]]}},{"type":"Feature","id":"NA-HA","properties":{"code":"NA-HA","name":"Hardap","country":"NA","level":"REGION"},"geometry":{"type":"Polygon","coordinates":[[[19.9821,-25.619],[19.982,-25.2136],[19.9818,-24.765],[19.9808,-24.2366],[19.9805,-23.8645],[19.3441,-23.8617],[19.275,-23.8538],[19.2707,-23.6762],[19.2662,-23.6664],[19.257,-23.6583],[19.2332,-23.6539],[19.2181,-23.6542],[19.2063,-23.6605],[19.1608,-23.714],[19.1564,-23.7181],[19.1515,-23.72],[19.0584,-23.7167],[19.0386,-23.7137],[19.0351,-23.7064],[19.0367,-23.6979],[19.0407,-23.6896],[19.0412,-23.6837],[19.0342,-23.6811],[18.9801,-23.6782],[18.9712,-23.6793],[18.7845,-23.7488],[18.7717,-23.7495],[18.6897,-23.7353],[18.67,-23.7296],[18.6544,-23.7209],[18.6047,-23.673],[18.5941,-23.6644],[18.5824,-23.6576],[18.5727,-23.6611],[18.5632,-23.6681],[18.5465,-23.6845],[18.5402,-23.688],[18.5341,-23.6837],[18.4422,-23.517],[18.4435,-23.5037],[18.4144,-23.4628],[18.3918,-23.464],[18.3234,-23.5008],[18.2373,-23.538],[18.2286,-23.5446],[18.2255,-23.5537],[18.2237,-23.5747],[18.2211,-23.5852],[18.2095,-23.5908],[18.1665,-23.6011],[18.0894,-23.632],[18.0556,-23.6382],[18.0388,-23.634],[18.0306,-23.6287],[18.0203,-23.6305],[17.9809,-23.647],[17.9724,-23.6454],[17.9637,-23.6395],[17.928,-23.5974],[17.9201,-23.5908],[17.9103,-23.5868],[17.8597,-23.5738],[17.6693,-23.5783],[17.6549,-23.5864],[17.6462,-23.5954],[17.6428,-23.6046],[17.6344,-23.6075],[17.624,-23.6085],[17.4564,-23.6059],[17.4502,-23.6103],[17.4422,-23.5216],[17.4403,-23.5134],[17.437,-23.5094],[17.4124,-23.5012],[17.4033,-23.4945],[17.3908,-23.4339],[17.3912,-23.4247],[17.3951,-23.4184],[17.4313,-23.408],[17.4364,-23.404],[17.4378,-23.3958],[17.4335,-23.3442],[17.4335,-23.3347],[17.4355,-23.3272],[17.4425,-23.3186],[17.4784,-23.2853],[17.4599,-23.2855],[17.4029,-23.2978],[17.3351,-23.3009],[17.2451,-23.3143],[17.2107,-23.3079],[17.1946,-23.2853],[17.1927,-23.2425],[17.1884,-23.2165],[17.1794,-23.2027],[17.1625,-23.195],[17.1186,-23.1811],[17.0769,-23.1809],[17.0102,-23.1931],[16.9502,-23.2336],[16.9004,-23.2539],[16.8193,-23.2719],[16.775,-23.2611],[16.738,-23.2624],[16.7156,-23.2663],[16.696,-23.265],[16.6748,-23.2594],[16.657,-23.2447],[16.6331,-23.234],[16.6212,-23.2355],[16.6066,-23.2541],[16.4914,-23.4649],[16.4866,-23.4803],[16.4951,-23.4879],[16.564,-23.5225],[16.5698,-23.5281],[16.5732,-23.5369],[16.5803,-23.5678],[16.5802,-23.5778],[16.5769,-23.5861],[16.4739,-23.6803],[16.4645,-23.686],[16.4537,-23.688],[16.3869,-23.6881],[16.3795,-23.6854],[16.3769,-23.6779],[16.3733,-23.6283],[16.3713,-23.6225],[16.362,-23.6134],[16.3484,-23.6049],[16.3423,-23.6096],[16.3365,-23.6171],[16.2884,-23.7067],[16.2721,-23.7641],[16.2708,-23.7731],[16.2718,-23.7802],[16.2791,-23.7842],[16.3652,-23.8031],[16.3742,-23.8025],[16.3913,-23.7937],[16.4013,-23.7938],[16.4772,-23.8136],[16.4865,-23.8172],[16.4928,-23.8215],[16.497,-23.8287],[16.5048,-23.8503],[16.5054,-23.8565],[16.5033,-23.864],[16.4976,-23.8761],[16.4934,-23.8822],[16.4884,-23.885],[16.4794,-23.8856],[16.39,-23.8797],[16.3575,-23.8717],[16.3497,-23.8722],[16.3407,-23.8781],[16.3024,-23.9133],[16.2919,-23.939],[16.3101,-24.0001],[16.3203,-24.025],[16.2639,-24.0135],[16.2087,-23.9746],[16.2027,-23.9597],[16.2036,-23.9491],[16.2104,-23.9447],[16.2157,-23.9429],[16.2349,-23.9408],[16.2429,-23.9364],[16.2466,-23.9289],[16.243,-23.9094],[16.245,-23.8961],[16.2491,-23.8839],[16.2596,-23.8653],[16.2619,-23.8582],[16.2546,-23.8597],[16.1941,-23.8904],[16.1826,-23.8946],[16.1712,-23.895],[16.1402,-23.8919],[16.1334,-23.8925],[16.0047,-23.9297],[15.9584,-23.9305],[15.9458,-23.9368],[15.9369,-23.9452],[15.9285,-23.9632],[15.9232,-23.9691],[15.9139,-23.9715],[15.8396,-23.975],[15.8116,-23.973],[15.7509,-23.9446],[15.7397,-23.9171],[15.7347,-23.8922],[15.7424,-23.8136],[15.4522,-23.6939],[15.3379,-23.6653],[15.3239,-23.6642],[15.3027,-23.6662],[15.2018,-23.6505],[15.1287,-23.6562],[15.1066,-23.6547],[15.0871,-23.65],[15.0715,-23.6366],[15.0466,-23.6016],[14.4841,-23.551],[14.4953,-23.5785],[14.5003,-23.6144],[14.4866,-23.7585],[14.4895,-23.7761],[14.5071,-23.8239],[14.506,-23.8801],[14.5139,-23.8923],[14.5003,-23.9164],[14.4966,-23.926],[14.4729,-23.9339],[14.4658,-23.9472],[14.4592,-23.9745],[14.4519,-23.9885],[14.4596,-24.0104],[14.4641,-24.0447],[14.4642,-24.0782],[14.4592,-24.0983],[14.4668,-24.1132],[14.4736,-24.1591],[14.4932,-24.1923],[14.5139,-24.2615],[14.5681,-24.3577],[14.5901,-24.4084],[14.6123,-24.4457],[14.617,-24.4648],[14.617,-24.5058],[14.6138,-24.5117],[14.5996,-24.5265],[14.5959,-24.5372],[14.6019,-24.5624],[14.6361,-24.5989],[14.6502,-24.6288],[14.6995,-24.673],[14.7235,-24.7035],[14.7808,-24.8034],[14.793,-24.8419],[14.7962,-24.922],[14.8088,-24.9611],[14.8294,-25.0001],[15.7587,-25.0061],[15.7827,-25.0868],[15.8625,-25.58],[15.8653,-25.5898],[15.8701,-25.598],[15.8797,-25.5986],[15.941,-25.5837],[15.9545,-25.5833],[15.9654,-25.5904],[15.9756,-25.6006],[16.1775,-25.8498],[16.1907,-25.8601],[16.2036,-25.8595],[16.2167,-25.855],[16.2296,-25.8482],[16.2497,-25.8458],[16.2742,-25.8467],[16.3194,-25.8613],[16.3343,-25.8596],[16.341,-25.8538],[16.2881,-25.6051],[16.2872,-25.5949],[16.2886,-25.5861],[16.2968,-25.5808],[16.307,-25.5766],[16.3574,-25.5624],[16.3702,-25.5612],[16.3816,-25.5653],[16.3924,-25.5717],[16.4087,-25.5855],[16.41,-25.5904],[16.4011,-25.6038],[16.4014,-25.6134],[16.4163,-25.6603],[16.4584,-25.6328],[16.4744,-25.6121],[16.5122,-25.5375],[16.5243,-25.5204],[16.5326,-25.5228],[16.5413,-25.5317],[16.5654,-25.5734],[16.5734,-25.5838],[16.5814,-25.5874],[16.6118,-25.5863],[16.7879,-25.6188],[16.7957,-25.6236],[16.813,-25.6306],[16.8376,-25.647],[16.8802,-25.6517],[16.9254,-25.6657],[16.9532,-25.6818],[16.9631,-25.6908],[16.9709,-25.7265],[16.9768,-25.7325],[16.996,-25.7303],[17.0708,-25.7101],[17.1008,-25.7097],[17.1537,-25.6922],[17.1689,-25.6939],[17.3346,-25.7583],[17.3382,-25.5842],[17.3604,-25.571],[17.3894,-25.5607],[17.4143,-25.549],[17.4206,-25.5499],[17.431,-25.5551],[17.4451,-25.5595],[17.6366,-25.5769],[17.7677,-25.5663],[18.2509,-25.462],[18.4747,-25.4448],[18.5428,-25.4772],[18.565,-25.4939],[18.6412,-25.5292],[19.0776,-25.5638],[19.093,-25.5592],[19.1837,-25.5162],[19.205,-25.4968],[19.2127,-25.4912],[19.2223,-25.4868],[19.2311,-25.4918],[19.2372,-25.4974],[19.3251,-25.6183],[19.3345,-25.6282],[19.3428,-25.6306],[19.3548,-25.6249],[19.3857,-25.6032],[19.3942,-25.5991],[19.4206,-25.5947],[19.4681,-25.5952],[19.5232,-25.6028],[19.5483,-25.6105],[19.5725,-25.6275],[19.5874,-25.6341],[19.6031,-25.6388],[19.6991,-25.6556],[19.742,-25.6729],[19.7545,-25.6746],[19.7752,-25.6682],[19.8871,-25.6193],[19.9021,-25.6162],[19.9218,-25.6144],[19.9361,-25.6251],[19.9821,-25.619]]]}},{"type":"Feature","id":"NA-KA","properties":{"code":"NA-KA","name":"ǁKaras","country":"NA","level":"REGION"},"geometry":{"type":"Polygon","coordinates":[[[19.9821,-25.619],[19.9361,-25.6251],[19.9218,-25.6144],[19.9021,-25.6162],[19.8871,-25.6193],[19.7752,-25.6682],[19.7545,-25.6746],[19.742,-25.6729],[19.6991,-25.6556],[19.6031,-25.6388],[19.5874,-25.6341],[19.5725,-25.6275],[19.5483,-25.6105],[19.5232,-25.6028],[19.4681,-25.5952],[19.4206,-25.5947],[19.3942,-25.5991],[19.3857,-25.6032],[19.3548,-25.6249],[19.3428,-25.6306],[19.3345,-25.6282],[19.3251,-25.6183],[19.2372,-25.4974],[19.2311,-25.4918],[19.2223,-25.4868],[19.2127,-25.4912],[19.205,-25.4968],[19.1837,-25.5162],[19.093,-25.5592],[19.0776,-25.5638],[18.6412,-25.5292],[18.565,-25.4939],[18.5428,-25.4772],[18.4747,-25.4448],[18.2509,-25.462],[17.7677,-25.5663],[17.6366,-25.5769],[17.4451,-25.5595],[17.431,-25.5551],[17.4206,-25.5499],[17.4143,-25.549],[17.3894,-25.5607],[17.3604,-25.571],[17.3382,-25.5842],[17.3346,-25.7583],[17.1689,-25.6939],[17.1537,-25.6922],[17.1008,-25.7097],[17.0708,-25.7101],[16.996,-25.7303],[16.9768,-25.7325],[16.9709,-25.7265],[16.9631,-25.6908],[16.9532,-25.6818],[16.9254,-25.6657],[16.8802,-25.6517],[16.8376,-25.647],[16.813,-25.6306],[16.7957,-25.6236],[16.7879,-25.6188],[16.6118,-25.5863],[16.5814,-25.5874],[16.5734,-25.5838],[16.5654,-25.5734],[16.5413,-25.5317],[16.5326,-25.5228],[16.5243,-25.5204],[16.5122,-25.5375],[16.4744,-25.6121],[16.4584,-25.6328],[16.4163,-25.6603],[16.4014,-25.6134],[16.4011,-25.6038],[16.41,-25.5904],[16.4087,-25.5855],[16.3924,-25.5717],[16.3816,-25.5653],[16.3702,-25.5612],[16.3574,-25.5624],[16.307,-25.5766],[16.2968,-25.5808],[16.2886,-25.5861],[16.2872,-25.5949],[16.2881,-25.6051],[16.341,-25.8538],[16.3343,-25.8596],[16.3194,-25.8613],[16.2742,-25.8467],[16.2497,-25.8458],[16.2296,-25.8482],[16.2167,-25.855],[16.2036,-25.8595],[16.1907,-25.8601],[16.1775,-25.8498],[15.9756,-25.6006],[15.9654,-25.5904],[15.9545,-25.5833],[15.941,-25.5837],[15.8797,-25.5986],[15.8701,-25.598],[15.8653,-25.5898],[15.8625,-25.58],[15.7827,-25.0868],[15.7587,-25.0061],[14.8294,-25.0001],[14.8433,-25.0261],[14.8533,-25.0642],[14.8496,-25.1051],[14.8294,-25.1764],[14.8323,-25.1882],[14.8013,-25.2628],[14.8024,-25.2829],[14.8125,-25.3201],[14.818,-25.367],[14.8428,-25.4278],[14.847,-25.4733],[14.8533,-25.4987],[14.8753,-25.5185],[14.8796,-25.5387],[14.8797,-25.5615],[14.877,-25.5781],[14.8469,-25.6298],[14.8428,-25.6503],[14.8428,-25.7294],[14.8403,-25.7517],[14.8428,-25.7636],[14.8599,-25.7903],[14.9111,-25.8455],[14.9186,-25.8455],[14.9021,-25.8825],[14.9077,-25.9153],[14.9526,-25.9827],[14.9683,-26.0158],[14.979,-26.0588],[14.9798,-26.1017],[14.9663,-26.1336],[14.9569,-26.1376],[14.9491,-26.135],[14.9431,-26.1353],[14.9391,-26.1471],[14.9426,-26.1539],[14.9627,-26.1813],[14.9588,-26.257],[14.9663,-26.3352],[14.9753,-26.3442],[15.0347,-26.3663],[15.0725,-26.3897],[15.1056,-26.4206],[15.1288,-26.4576],[15.1419,-26.518],[15.1623,-26.579],[15.1687,-26.5922],[15.1681,-26.6028],[15.1484,-26.655],[15.1445,-26.6749],[15.1377,-26.6749],[15.1377,-26.6367],[15.1346,-26.6271],[15.1271,-26.6267],[15.0918,-26.638],[15.0835,-26.6521],[15.0808,-26.6721],[15.083,-26.6952],[15.0916,-26.7122],[15.1057,-26.7324],[15.1162,-26.752],[15.1117,-26.7792],[15.1169,-26.7962],[15.1489,-26.8564],[15.1559,-26.8751],[15.1589,-26.8971],[15.1624,-26.8971],[15.1697,-26.9062],[15.1786,-26.9212],[15.1875,-26.9242],[15.2057,-26.9256],[15.2127,-26.928],[15.2285,-26.9456],[15.2342,-26.9654],[15.2332,-27.0069],[15.2354,-27.0295],[15.2412,-27.0488],[15.2612,-27.0856],[15.2542,-27.1002],[15.2681,-27.1648],[15.2612,-27.2057],[15.2637,-27.2184],[15.2762,-27.2336],[15.2817,-27.2433],[15.2953,-27.3224],[15.3016,-27.3331],[15.3425,-27.3805],[15.3718,-27.433],[15.3804,-27.442],[15.3968,-27.4487],[15.4089,-27.4645],[15.4251,-27.4965],[15.5207,-27.6337],[15.5269,-27.6462],[15.5291,-27.6542],[15.5287,-27.7061],[15.5335,-27.7302],[15.5462,-27.7478],[15.646,-27.8366],[15.673,-27.8699],[15.6858,-27.9013],[15.6846,-27.9108],[15.678,-27.9312],[15.6789,-27.9428],[15.6843,-27.9499],[15.7168,-27.9804],[15.7478,-28.0246],[15.7615,-28.0383],[15.8332,-28.0893],[15.8843,-28.1476],[15.9111,-28.1713],[16.0436,-28.2571],[16.1077,-28.3233],[16.168,-28.3958],[16.1758,-28.4021],[16.1934,-28.4088],[16.301,-28.5045],[16.3159,-28.5243],[16.3469,-28.5561],[16.4079,-28.6005],[16.4194,-28.607],[16.4458,-28.6105],[16.4585,-28.6005],[16.4685,-28.5851],[16.4871,-28.5729],[16.5054,-28.5654],[16.5315,-28.5497],[16.5591,-28.5371],[16.5974,-28.5262],[16.6731,-28.4598],[16.6835,-28.4562],[16.6923,-28.4611],[16.7038,-28.4945],[16.7205,-28.496],[16.7404,-28.4809],[16.7584,-28.4597],[16.7693,-28.4426],[16.7721,-28.4258],[16.7734,-28.4029],[16.7785,-28.383],[16.8039,-28.3661],[16.7968,-28.3478],[16.7755,-28.3191],[16.7684,-28.3037],[16.7644,-28.2832],[16.7687,-28.2654],[16.7865,-28.2576],[16.7952,-28.2612],[16.8051,-28.2677],[16.8152,-28.2708],[16.8246,-28.2645],[16.8266,-28.2519],[16.8103,-28.2229],[16.8143,-28.2135],[16.8198,-28.2097],[16.8411,-28.2099],[16.8564,-28.2066],[16.856,-28.1994],[16.8384,-28.1795],[16.8357,-28.1742],[16.8377,-28.1682],[16.8438,-28.1639],[16.852,-28.1683],[16.8687,-28.1679],[16.8738,-28.1715],[16.8782,-28.172],[16.8855,-28.162],[16.893,-28.0826],[16.9196,-28.0583],[16.9275,-28.0602],[16.9375,-28.0711],[16.9475,-28.0727],[16.9595,-28.0686],[16.9738,-28.055],[16.9854,-28.0522],[17.012,-28.0583],[17.0454,-28.0363],[17.0567,-28.0312],[17.0764,-28.0268],[17.0865,-28.027],[17.0978,-28.0312],[17.1118,-28.046],[17.1232,-28.0665],[17.1363,-28.0847],[17.1558,-28.0925],[17.1809,-28.0995],[17.19,-28.1168],[17.1898,-28.1394],[17.1871,-28.162],[17.192,-28.2088],[17.2131,-28.2321],[17.2452,-28.2374],[17.3086,-28.2241],[17.3345,-28.2229],[17.3457,-28.2276],[17.3498,-28.2387],[17.3512,-28.2514],[17.355,-28.261],[17.3641,-28.2733],[17.372,-28.3061],[17.3948,-28.3351],[17.4,-28.3464],[17.4021,-28.3678],[17.3997,-28.3953],[17.3913,-28.4188],[17.3754,-28.429],[17.3586,-28.4328],[17.3412,-28.4428],[17.3282,-28.4561],[17.3242,-28.4705],[17.3324,-28.4886],[17.3595,-28.5198],[17.3653,-28.5425],[17.373,-28.5594],[17.4096,-28.5714],[17.4206,-28.5934],[17.4143,-28.6327],[17.4018,-28.6742],[17.4036,-28.7043],[17.4409,-28.7096],[17.4852,-28.7002],[17.5266,-28.6958],[17.547,-28.6914],[17.566,-28.6835],[17.5829,-28.6802],[17.598,-28.6896],[17.6034,-28.7108],[17.6026,-28.7354],[17.6071,-28.7557],[17.6287,-28.7641],[17.661,-28.7723],[17.6738,-28.7716],[17.6834,-28.7675],[17.7032,-28.7556],[17.7141,-28.7511],[17.7463,-28.7486],[17.9133,-28.7813],[17.9495,-28.7947],[17.9833,-28.8137],[18.0441,-28.8584],[18.0824,-28.876],[18.1665,-28.9019],[18.1851,-28.9022],[18.2207,-28.8913],[18.3087,-28.88],[18.331,-28.8814],[18.3731,-28.8952],[18.3976,-28.8989],[18.417,-28.8917],[18.4247,-28.8872],[18.4552,-28.8814],[18.4694,-28.8749],[18.475,-28.874],[18.4962,-28.8883],[18.5177,-28.8823],[18.5539,-28.8647],[18.7457,-28.8399],[18.9545,-28.8667],[18.9712,-28.8805],[18.9964,-28.9155],[19.0069,-28.9263],[19.014,-28.9285],[19.049,-28.9324],[19.0601,-28.9357],[19.0817,-28.9594],[19.1202,-28.9575],[19.1615,-28.9454],[19.2185,-28.9189],[19.2267,-28.9115],[19.2376,-28.8956],[19.2437,-28.8919],[19.2766,-28.8895],[19.2884,-28.8831],[19.2889,-28.871],[19.2516,-28.8143],[19.245,-28.7925],[19.2486,-28.7716],[19.2659,-28.7426],[19.2773,-28.7294],[19.29,-28.7197],[19.3045,-28.7187],[19.3284,-28.7358],[19.339,-28.7375],[19.3535,-28.7319],[19.4346,-28.7135],[19.4551,-28.7052],[19.4724,-28.6927],[19.4829,-28.6782],[19.5117,-28.598],[19.5178,-28.5894],[19.5337,-28.5824],[19.5476,-28.5559],[19.5688,-28.5312],[19.5792,-28.5252],[19.588,-28.5227],[19.6883,-28.516],[19.7056,-28.508],[19.7253,-28.4942],[19.7481,-28.4871],[19.7963,-28.4842],[19.8256,-28.4767],[19.8703,-28.4408],[19.8967,-28.4277],[19.9079,-28.4265],[19.9402,-28.4302],[19.9505,-28.4293],[19.9817,-28.4223],[19.9832,-28.3927],[19.9832,-28.185],[19.983,-27.7365],[19.9829,-27.3441],[19.9827,-27.0077],[19.9826,-26.6712],[19.9824,-26.3348],[19.9823,-25.9985],[19.9821,-25.619]]]}},{"type":"Feature","id":"NA-KH","properties":{"code":"NA-KH","name":"Khomas","country":"NA","level":"REGION"},"geometry":{"type":"Polygon","coordinates":[[[18.4435,-23.5037],[18.5028,-23.366],[18.5062,-23.3539],[18.5054,-23.3449],[18.4956,-23.3347],[18.3552,-23.2271],[18.3488,-23.2174],[18.3494,-23.2054],[18.3537,-23.193],[18.3603,-23.1818],[18.3695,-23.175],[18.3787,-23.1722],[18.435,-23.1687],[18.4441,-23.165],[18.45,-23.158],[18.4419,-23.1257],[18.4282,-23.0944],[18.4224,-23.0913],[18.3809,-23.0847],[18.3712,-23.081],[18.3499,-23.0555],[18.3345,-23.0469],[18.3254,-23.0294],[18.3239,-23.0192],[18.3246,-23.01],[18.3317,-23.0041],[18.3814,-22.9844],[18.3902,-22.9797],[18.3935,-22.9743],[18.3952,-22.9655],[18.3969,-22.9456],[18.3967,-22.9366],[18.3948,-22.9302],[18.3867,-22.9306],[18.3161,-22.9552],[18.306,-22.9552],[18.2989,-22.9498],[18.2968,-22.8432],[18.2937,-22.8141],[18.2654,-22.7355],[18.2604,-22.7156],[18.2479,-22.6111],[18.2196,-22.4812],[18.2165,-22.4744],[18.2121,-22.4712],[18.2035,-22.476],[18.1707,-22.5008],[18.1435,-22.4819],[18.1359,-22.4748],[18.1324,-22.4678],[18.1404,-22.461],[18.1738,-22.4446],[18.1776,-22.4385],[18.1506,-22.4164],[18.1373,-22.4022],[18.1041,-22.3558],[18.0965,-22.3507],[18.0565,-22.3507],[18.0438,-22.3481],[18.0318,-22.3381],[17.9992,-22.2976],[17.9718,-22.2451],[17.966,-22.2295],[17.9634,-22.214],[17.9744,-22.125],[17.9786,-22.1164],[17.9872,-22.1133],[18.0213,-22.1118],[18.0565,-22.0981],[18.0661,-22.0907],[18.0715,-22.0825],[18.0714,-22.0657],[18.0687,-22.0576],[18.0599,-22.0425],[18.0633,-22.0339],[18.0909,-21.995],[18.0996,-21.9778],[18.1222,-21.9615],[18.1277,-21.9522],[18.1255,-21.9298],[18.1221,-21.9214],[18.1184,-21.9163],[18.11,-21.9119],[18.0986,-21.8951],[18.0918,-21.8875],[18.0764,-21.8742],[18.0678,-21.8623],[18.0681,-21.854],[18.0723,-21.8425],[18.0881,-21.8159],[18.1134,-21.788],[18.126,-21.7646],[18.1179,-21.7053],[18.0126,-21.7326],[17.9906,-21.7296],[17.9491,-21.7381],[17.9013,-21.7583],[17.8668,-21.7845],[17.8461,-21.8038],[17.8344,-21.8124],[17.8073,-21.8242],[17.76,-21.8336],[17.7306,-21.8429],[17.7235,-21.8437],[17.7173,-21.8414],[17.7013,-21.8254],[17.6922,-21.8184],[17.6831,-21.8173],[17.6258,-21.8306],[17.6147,-21.8346],[17.6046,-21.8402],[17.5978,-21.8508],[17.5855,-21.8789],[17.5803,-21.8838],[17.5469,-21.9018],[17.5357,-21.9093],[17.5269,-21.9197],[17.5197,-21.9384],[17.5079,-21.9524],[17.488,-21.9658],[17.4768,-21.9671],[17.4562,-21.9665],[17.4496,-21.9687],[17.4505,-21.9779],[17.4737,-22.041],[17.4734,-22.0469],[17.4633,-22.0743],[17.4587,-22.0827],[17.4533,-22.0887],[17.444,-22.0874],[17.4035,-22.0713],[17.3962,-22.0702],[17.3949,-22.0752],[17.397,-22.0939],[17.3956,-22.1032],[17.388,-22.1095],[17.3775,-22.115],[17.3301,-22.134],[17.3206,-22.1355],[17.316,-22.1315],[17.3123,-22.1231],[17.3069,-22.102],[17.3032,-22.0935],[17.2982,-22.0889],[17.2891,-22.0952],[17.2806,-22.1034],[17.2643,-22.1223],[17.2584,-22.1318],[17.2568,-22.1413],[17.2569,-22.1723],[17.2506,-22.1839],[17.2376,-22.1956],[17.1416,-22.2374],[17.1309,-22.24],[17.1234,-22.2339],[17.1051,-22.204],[17.0981,-22.1981],[17.0882,-22.2015],[17.0776,-22.2085],[17.0112,-22.2608],[17.0027,-22.266],[16.9978,-22.2654],[16.9779,-22.238],[16.9695,-22.2331],[16.9577,-22.2392],[16.927,-22.266],[16.9172,-22.2733],[16.9058,-22.2795],[16.8926,-22.2798],[16.8468,-22.2957],[16.8369,-22.2971],[16.823,-22.2862],[16.8109,-22.2792],[16.783,-22.2778],[16.7707,-22.2703],[16.762,-22.2612],[16.7543,-22.2403],[16.7496,-22.2324],[16.7431,-22.2301],[16.7338,-22.2309],[16.7243,-22.2343],[16.7162,-22.2428],[16.6882,-22.2893],[16.6827,-22.2959],[16.6814,-22.3017],[16.6824,-22.3092],[16.6864,-22.3156],[16.6953,-22.3166],[16.7285,-22.3117],[16.7377,-22.3129],[16.7425,-22.32],[16.7458,-22.3295],[16.7417,-22.3391],[16.732,-22.3465],[16.701,-22.348],[16.6617,-22.3451],[16.6427,-22.3524],[16.6322,-22.3475],[16.6119,-22.3335],[16.6026,-22.3301],[16.594,-22.3353],[16.5859,-22.3432],[16.5712,-22.3621],[16.5639,-22.3695],[16.5572,-22.3735],[16.5512,-22.3677],[16.5267,-22.3561],[16.447,-22.3739],[16.406,-22.3902],[16.3586,-22.4228],[16.3482,-22.439],[16.3432,-22.4547],[16.3423,-22.4993],[16.3371,-22.5109],[16.3263,-22.5124],[16.2853,-22.5105],[16.274,-22.5128],[16.2643,-22.5226],[16.2291,-22.5503],[16.2161,-22.5688],[16.1868,-22.5928],[16.1591,-22.6058],[16.147,-22.6053],[16.0855,-22.589],[16.0706,-22.5891],[16.057,-22.5973],[15.9786,-22.673],[15.9607,-22.6948],[15.9643,-22.6998],[15.9687,-22.7023],[16.0436,-22.7003],[16.053,-22.7015],[16.0598,-22.704],[16.0625,-22.7123],[16.0631,-22.7206],[16.062,-22.8238],[16.0604,-22.8357],[16.0561,-22.8451],[16.0452,-22.8481],[15.9849,-22.8486],[15.9557,-22.8537],[15.9404,-22.8644],[15.9128,-22.8768],[15.9021,-22.8906],[15.8954,-22.9042],[15.8837,-23.0001],[15.8917,-23.0336],[15.8936,-23.0659],[15.8914,-23.0763],[15.8734,-23.1261],[15.871,-23.136],[15.8707,-23.1456],[15.8757,-23.1547],[15.9207,-23.2055],[15.9238,-23.2127],[15.9179,-23.2179],[15.908,-23.2219],[15.8264,-23.2471],[15.8507,-23.3684],[15.8502,-23.38],[15.8364,-23.385],[15.8031,-23.3901],[15.7933,-23.3935],[15.7868,-23.4007],[15.7815,-23.4096],[15.7548,-23.4685],[15.7518,-23.4779],[15.7515,-23.4864],[15.7576,-23.4923],[15.8414,-23.5295],[15.8492,-23.535],[15.852,-23.5523],[15.84,-23.696],[15.8523,-23.7441],[15.8526,-23.75],[15.8462,-23.7884],[15.8264,-23.8057],[15.7424,-23.8136],[15.7347,-23.8922],[15.7397,-23.9171],[15.7509,-23.9446],[15.8116,-23.973],[15.8396,-23.975],[15.9139,-23.9715],[15.9232,-23.9691],[15.9285,-23.9632],[15.9369,-23.9452],[15.9458,-23.9368],[15.9584,-23.9305],[16.0047,-23.9297],[16.1334,-23.8925],[16.1402,-23.8919],[16.1712,-23.895],[16.1826,-23.8946],[16.1941,-23.8904],[16.2546,-23.8597],[16.2619,-23.8582],[16.2596,-23.8653],[16.2491,-23.8839],[16.245,-23.8961],[16.243,-23.9094],[16.2466,-23.9289],[16.2429,-23.9364],[16.2349,-23.9408],[16.2157,-23.9429],[16.2104,-23.9447],[16.2036,-23.9491],[16.2027,-23.9597],[16.2087,-23.9746],[16.2639,-24.0135],[16.3203,-24.025],[16.3101,-24.0001],[16.2919,-23.939],[16.3024,-23.9133],[16.3407,-23.8781],[16.3497,-23.8722],[16.3575,-23.8717],[16.39,-23.8797],[16.4794,-23.8856],[16.4884,-23.885],[16.4934,-23.8822],[16.4976,-23.8761],[16.5033,-23.864],[16.5054,-23.8565],[16.5048,-23.8503],[16.497,-23.8287],[16.4928,-23.8215],[16.4865,-23.8172],[16.4772,-23.8136],[16.4013,-23.7938],[16.3913,-23.7937],[16.3742,-23.8025],[16.3652,-23.8031],[16.2791,-23.7842],[16.2718,-23.7802],[16.2708,-23.7731],[16.2721,-23.7641],[16.2884,-23.7067],[16.3365,-23.6171],[16.3423,-23.6096],[16.3484,-23.6049],[16.362,-23.6134],[16.3713,-23.6225],[16.3733,-23.6283],[16.3769,-23.6779],[16.3795,-23.6854],[16.3869,-23.6881],[16.4537,-23.688],[16.4645,-23.686],[16.4739,-23.6803],[16.5769,-23.5861],[16.5802,-23.5778],[16.5803,-23.5678],[16.5732,-23.5369],[16.5698,-23.5281],[16.564,-23.5225],[16.4951,-23.4879],[16.4866,-23.4803],[16.4914,-23.4649],[16.6066,-23.2541],[16.6212,-23.2355],[16.6331,-23.234],[16.657,-23.2447],[16.6748,-23.2594],[16.696,-23.265],[16.7156,-23.2663],[16.738,-23.2624],[16.775,-23.2611],[16.8193,-23.2719],[16.9004,-23.2539],[16.9502,-23.2336],[17.0102,-23.1931],[17.0769,-23.1809],[17.1186,-23.1811],[17.1625,-23.195],[17.1794,-23.2027],[17.1884,-23.2165],[17.1927,-23.2425],[17.1946,-23.2853],[17.2107,-23.3079],[17.2451,-23.3143],[17.3351,-23.3009],[17.4029,-23.2978],[17.4599,-23.2855],[17.4784,-23.2853],[17.4425,-23.3186],[17.4355,-23.3272],[17.4335,-23.3347],[17.4335,-23.3442],[17.4378,-23.3958],[17.4364,-23.404],[17.4313,-23.408],[17.3951,-23.4184],[17.3912,-23.4247],[17.3908,-23.4339],[17.4033,-23.4945],[17.4124,-23.5012],[17.437,-23.5094],[17.4403,-23.5134],[17.4422,-23.5216],[17.4502,-23.6103],[17.4564,-23.6059],[17.624,-23.6085],[17.6344,-23.6075],[17.6428,-23.6046],[17.6462,-23.5954],[17.6549,-23.5864],[17.6693,-23.5783],[17.8597,-23.5738],[17.9103,-23.5868],[17.9201,-23.5908],[17.928,-23.5974],[17.9637,-23.6395],[17.9724,-23.6454],[17.9809,-23.647],[18.0203,-23.6305],[18.0306,-23.6287],[18.0388,-23.634],[18.0556,-23.6382],[18.0894,-23.632],[18.1665,-23.6011],[18.2095,-23.5908],[18.2211,-23.5852],[18.2237,-23.5747],[18.2255,-23.5537],[18.2286,-23.5446],[18.2373,-23.538],[18.3234,-23.5008],[18.3918,-23.464],[18.4144,-23.4628],[18.4435,-23.5037]]]}},{"type":"Feature","id":"NA-KU","properties":{"code":"NA-KU","name":"Kunene","country":"NA","level":"REGION"},"geometry":{"type":"Polygon","coordinates":[[[14.2188,-17.3881],[14.2074,-17.388],[14.2065,-17.3931],[14.1971,-17.4129],[14.175,-17.4162],[14.1307,-17.4092],[14.1239,-17.4116],[14.1082,-17.4205],[14.0973,-17.4236],[14.0854,-17.4236],[14.0691,-17.4186],[14.0474,-17.416],[14.0291,-17.4105],[14.0179,-17.4092],[14.0089,-17.4115],[13.993,-17.4213],[13.9806,-17.4236],[13.9573,-17.4191],[13.9427,-17.4082],[13.8969,-17.3491],[13.8844,-17.3385],[13.6941,-17.2366],[13.6065,-17.1674],[13.5213,-17.1219],[13.5309,-17.0933],[13.5223,-17.0769],[13.5078,-17.0635],[13.4947,-17.024],[13.4798,-17.0103],[13.4589,-17.0018],[13.4351,-16.999],[13.4172,-16.9937],[13.382,-16.9704],[13.3637,-16.9642],[13.3215,-16.9749],[13.3152,-16.9744],[13.3084,-16.9702],[13.293,-16.9738],[13.2675,-16.9854],[13.2675,-16.9779],[13.2572,-16.9816],[13.2453,-16.9813],[13.2228,-16.9779],[13.2121,-16.9728],[13.2055,-16.963],[13.1981,-16.9574],[13.1849,-16.9642],[13.1663,-16.9511],[13.1445,-16.9524],[13.1218,-16.9598],[13.0143,-16.9779],[12.9617,-17.0074],[12.9305,-17.0142],[12.911,-17.0235],[12.8872,-17.0298],[12.8823,-17.0395],[12.8805,-17.0508],[12.8764,-17.0598],[12.8677,-17.0656],[12.8423,-17.074],[12.8331,-17.0818],[12.8249,-17.0964],[12.8183,-17.1048],[12.7843,-17.1151],[12.7399,-17.1355],[12.7047,-17.1643],[12.6859,-17.1736],[12.6607,-17.1771],[12.6362,-17.1852],[12.5915,-17.2226],[12.5672,-17.2346],[12.5546,-17.2356],[12.5192,-17.2278],[12.4605,-17.2231],[12.4417,-17.217],[12.4179,-17.2034],[12.4076,-17.2041],[12.394,-17.2147],[12.3795,-17.2204],[12.3147,-17.2181],[12.2426,-17.2248],[12.2393,-17.2207],[12.2318,-17.2019],[12.2223,-17.1977],[12.2117,-17.1952],[12.2005,-17.1893],[12.1851,-17.1771],[12.1811,-17.1692],[12.1771,-17.1548],[12.1707,-17.1492],[12.1615,-17.1463],[12.1513,-17.1536],[12.1399,-17.156],[12.1056,-17.1461],[12.0953,-17.1397],[12.0881,-17.1392],[12.0752,-17.143],[12.0289,-17.149],[11.983,-17.1619],[11.9421,-17.1805],[11.895,-17.2146],[11.8539,-17.2334],[11.8355,-17.2454],[11.8296,-17.2535],[11.8275,-17.2601],[11.8224,-17.2644],[11.8076,-17.2659],[11.7969,-17.2638],[11.7795,-17.2549],[11.7661,-17.2527],[11.7551,-17.2667],[11.7217,-17.4679],[11.7176,-17.5463],[11.7267,-17.5999],[11.7456,-17.6839],[11.7609,-17.7864],[11.784,-17.8596],[11.7969,-17.9561],[11.8085,-17.9915],[11.8265,-18.0392],[11.8336,-18.098],[11.8491,-18.1432],[11.9373,-18.2321],[11.9761,-18.3298],[11.9995,-18.3619],[11.9976,-18.372],[11.9995,-18.4035],[12.0125,-18.4345],[12.016,-18.4529],[12.0319,-18.5054],[12.1021,-18.546],[12.1196,-18.5695],[12.1747,-18.6279],[12.2869,-18.6977],[12.45,-18.9046],[12.4587,-18.9256],[12.4704,-18.9977],[12.4803,-19.011],[12.5164,-19.0375],[12.5467,-19.0715],[12.5674,-19.1023],[12.6157,-19.2175],[12.6362,-19.2526],[12.6683,-19.2924],[12.6797,-19.3141],[12.686,-19.3598],[12.6911,-19.379],[12.7046,-19.4108],[12.7493,-19.486],[12.7576,-19.4968],[12.7831,-19.547],[12.794,-19.5617],[12.8025,-19.5847],[12.876,-19.712],[12.9185,-19.7656],[12.9277,-19.7947],[13.0054,-19.9355],[13.0373,-20.0595],[13.0709,-20.1142],[13.1144,-20.1426],[13.1546,-20.1542],[13.1777,-20.1892],[13.2131,-20.2734],[13.2336,-20.3547],[13.239,-20.3971],[13.2627,-20.4851],[13.3495,-20.6445],[13.3767,-20.7336],[13.3872,-20.8161],[13.3976,-20.8493],[13.4177,-20.8839],[13.4448,-20.9041],[13.4592,-20.9181],[13.4719,-20.955],[13.5134,-21.0079],[13.6027,-21.1581],[13.6281,-21.1876],[13.6921,-21.1498],[13.7265,-21.1385],[13.7354,-21.1341],[13.7445,-21.126],[13.7562,-21.1102],[13.7603,-21.1072],[13.7685,-21.1038],[13.803,-21.0957],[13.8248,-21.0927],[13.8305,-21.09],[13.8373,-21.0759],[13.8414,-21.0713],[13.8465,-21.0687],[13.8628,-21.0673],[13.8707,-21.0648],[13.884,-21.0502],[13.9044,-21.0365],[13.9801,-21.0109],[14.031,-21.0089],[14.0793,-20.9877],[14.1012,-20.9827],[14.1292,-20.981],[14.1363,-20.9793],[14.1632,-20.965],[14.1733,-20.9615],[14.1901,-20.9586],[14.2081,-20.9593],[14.2709,-20.986],[14.2829,-20.9885],[14.2948,-20.987],[14.346,-20.9709],[14.3719,-20.9663],[14.4148,-20.9699],[14.4256,-20.9741],[14.4516,-20.9914],[14.4584,-20.9925],[14.4822,-20.9884],[14.5097,-20.988],[14.5234,-20.9849],[14.5407,-20.984],[14.5835,-21.0004],[14.5909,-21.0015],[14.647,-21.0007],[14.6782,-21.0042],[14.7088,-20.9996],[14.729,-20.9993],[14.737,-20.9973],[14.7626,-20.9862],[14.7952,-20.9768],[14.82,-20.9543],[14.8425,-20.9425],[14.8717,-20.9225],[14.9081,-20.9192],[14.9167,-20.912],[14.9264,-20.8987],[14.948,-20.8866],[14.9523,-20.8818],[14.9616,-20.8659],[14.9815,-20.8574],[14.9883,-20.8532],[14.9974,-20.8432],[15.0508,-20.8023],[15.0728,-20.7919],[15.1203,-20.7641],[15.126,-20.7591],[15.131,-20.7458],[15.1411,-20.7338],[15.2803,-20.6106],[15.2887,-20.6048],[15.3445,-20.5335],[15.3684,-20.5086],[15.3749,-20.4967],[15.3844,-20.4872],[15.4561,-20.4946],[15.4645,-20.5007],[15.4785,-20.5184],[15.4933,-20.5306],[15.5137,-20.5396],[15.556,-20.5538],[15.6007,-20.5626],[15.6696,-20.5662],[15.7521,-20.5828],[15.7669,-20.5833],[15.7813,-20.5795],[15.8421,-20.5553],[15.8577,-20.5457],[15.9216,-20.4752],[15.9356,-20.4638],[15.9688,-20.4424],[16.0391,-20.4154],[16.0487,-20.4139],[16.1108,-20.4133],[16.1203,-20.412],[16.1703,-20.3899],[16.1918,-20.3853],[16.2217,-20.3903],[16.2391,-20.4031],[16.2537,-20.4041],[16.2689,-20.4014],[16.2835,-20.395],[16.2974,-20.3874],[16.3091,-20.3785],[16.3144,-20.3653],[16.3166,-20.3529],[16.3162,-20.3419],[16.3107,-20.3076],[16.308,-20.2265],[16.3131,-20.2192],[16.3234,-20.2102],[16.5021,-20.1241],[16.5316,-20.1253],[16.541,-20.1245],[16.5478,-20.1218],[16.5465,-20.1129],[16.5302,-20.0698],[16.5292,-20.0597],[16.5302,-20.0032],[16.5332,-20.0002],[16.5388,-19.9981],[16.6272,-19.9973],[16.6548,-19.9902],[16.7106,-19.955],[16.702,-19.9172],[16.7128,-19.5512],[16.7041,-19.5073],[16.703,-19.4913],[16.6911,-19.4819],[16.6314,-19.4517],[16.5679,-19.436],[16.5076,-19.4351],[16.3222,-19.4093],[16.1879,-19.3709],[16.131,-19.3651],[16.0605,-19.3474],[15.94,-19.3307],[15.8609,-19.2895],[15.8256,-19.2823],[15.7886,-19.2839],[15.7044,-19.2747],[15.5775,-19.2446],[15.5369,-19.2393],[15.5011,-19.244],[15.3142,-19.2461],[15.317,-19.1913],[15.2108,-19.2228],[15.1508,-19.2186],[15.0891,-19.2062],[14.8588,-19.2358],[14.5832,-19.2378],[14.5362,-19.2467],[14.5341,-19.2863],[14.5384,-19.3291],[14.5944,-19.3267],[14.5926,-19.3804],[14.5742,-19.4176],[14.449,-19.4145],[14.4579,-19.3725],[14.4701,-19.3585],[14.4811,-19.3423],[14.4771,-19.298],[14.4539,-19.2637],[14.426,-19.2419],[14.406,-19.2148],[14.3639,-19.0982],[14.371,-18.9953],[14.3889,-18.8927],[14.3711,-18.8367],[14.3437,-18.7822],[14.3036,-18.6622],[14.2981,-18.5934],[14.3074,-18.4522],[14.2903,-18.0792],[14.2615,-17.9574],[14.1644,-17.768],[14.1509,-17.7209],[14.1704,-17.7009],[14.1793,-17.6849],[14.1835,-17.6656],[14.1865,-17.6397],[14.1814,-17.617],[14.1395,-17.593],[14.1366,-17.5667],[14.1566,-17.5433],[14.1884,-17.498],[14.1972,-17.4775],[14.216,-17.443],[14.2216,-17.4261],[14.215,-17.4195],[14.2182,-17.4094],[14.2191,-17.3881],[14.2188,-17.3881]]]}},{"type":"Feature","id":"NA-OD","properties":{"code":"NA-OD","name":"Otjozondjupa","country":"NA","level":"REGION"},"geometry":{"type":"Polygon","coordinates":[[[15.6007,-20.5626],[15.5964,-20.6687],[15.5987,-20.679],[15.6057,-20.6934],[15.6564,-20.7081],[15.6645,-20.7092],[15.7094,-20.7008],[15.72,-20.7001],[15.7247,-20.7035],[15.7283,-20.7101],[15.7435,-20.7612],[15.7531,-20.7725],[15.8323,-20.8405],[16.0325,-20.9419],[16.0925,-20.9963],[16.1395,-21.0129],[16.1813,-21.0356],[16.1928,-21.04],[16.1999,-21.0381],[16.2065,-21.0334],[16.2492,-20.9898],[16.2553,-20.9855],[16.2587,-20.9875],[16.2608,-20.9934],[16.2683,-21.0269],[16.2751,-21.0396],[16.286,-21.0519],[16.3123,-21.0744],[16.3263,-21.0838],[16.351,-21.0971],[16.3847,-21.1291],[16.4008,-21.1557],[16.4082,-21.1592],[16.4174,-21.1613],[16.5146,-21.1721],[16.5149,-21.2302],[16.5066,-21.2629],[16.5366,-21.3865],[16.533,-21.4161],[16.493,-21.4521],[16.4541,-21.5019],[16.4414,-21.5152],[16.434,-21.5363],[16.4233,-21.6154],[16.3934,-21.728],[16.4321,-21.8425],[16.4333,-21.8654],[16.4388,-21.8822],[16.4513,-21.888],[16.4607,-21.8961],[16.4765,-21.9197],[16.4788,-21.9347],[16.477,-21.9476],[16.4672,-21.9664],[16.4663,-21.9753],[16.4812,-21.9988],[16.4698,-22.0364],[16.4688,-22.0651],[16.4611,-22.0749],[16.4518,-22.0794],[16.4321,-22.0788],[16.4277,-22.0814],[16.4317,-22.0899],[16.4645,-22.1349],[16.4682,-22.1438],[16.4416,-22.1564],[16.4306,-22.1693],[16.3969,-22.1924],[16.3912,-22.1992],[16.3927,-22.2088],[16.4205,-22.2686],[16.4205,-22.2759],[16.4184,-22.2812],[16.4081,-22.2942],[16.406,-22.3024],[16.4087,-22.3126],[16.4143,-22.3239],[16.447,-22.3739],[16.5267,-22.3561],[16.5512,-22.3677],[16.5572,-22.3735],[16.5639,-22.3695],[16.5712,-22.3621],[16.5859,-22.3432],[16.594,-22.3353],[16.6026,-22.3301],[16.6119,-22.3335],[16.6322,-22.3475],[16.6427,-22.3524],[16.6617,-22.3451],[16.701,-22.348],[16.732,-22.3465],[16.7417,-22.3391],[16.7458,-22.3295],[16.7425,-22.32],[16.7377,-22.3129],[16.7285,-22.3117],[16.6953,-22.3166],[16.6864,-22.3156],[16.6824,-22.3092],[16.6814,-22.3017],[16.6827,-22.2959],[16.6882,-22.2893],[16.7162,-22.2428],[16.7243,-22.2343],[16.7338,-22.2309],[16.7431,-22.2301],[16.7496,-22.2324],[16.7543,-22.2403],[16.762,-22.2612],[16.7707,-22.2703],[16.783,-22.2778],[16.8109,-22.2792],[16.823,-22.2862],[16.8369,-22.2971],[16.8468,-22.2957],[16.8926,-22.2798],[16.9058,-22.2795],[16.9172,-22.2733],[16.927,-22.266],[16.9577,-22.2392],[16.9695,-22.2331],[16.9779,-22.238],[16.9978,-22.2654],[17.0027,-22.266],[17.0112,-22.2608],[17.0776,-22.2085],[17.0882,-22.2015],[17.0981,-22.1981],[17.1051,-22.204],[17.1234,-22.2339],[17.1309,-22.24],[17.1416,-22.2374],[17.2376,-22.1956],[17.2506,-22.1839],[17.2569,-22.1723],[17.2568,-22.1413],[17.2584,-22.1318],[17.2643,-22.1223],[17.2806,-22.1034],[17.2891,-22.0952],[17.2982,-22.0889],[17.3032,-22.0935],[17.3069,-22.102],[17.3123,-22.1231],[17.316,-22.1315],[17.3206,-22.1355],[17.3301,-22.134],[17.3775,-22.115],[17.388,-22.1095],[17.3956,-22.1032],[17.397,-22.0939],[17.3949,-22.0752],[17.3962,-22.0702],[17.4035,-22.0713],[17.444,-22.0874],[17.4533,-22.0887],[17.4587,-22.0827],[17.4633,-22.0743],[17.4734,-22.0469],[17.4737,-22.041],[17.4505,-21.9779],[17.4496,-21.9687],[17.4562,-21.9665],[17.4768,-21.9671],[17.488,-21.9658],[17.5079,-21.9524],[17.5197,-21.9384],[17.5269,-21.9197],[17.5357,-21.9093],[17.5469,-21.9018],[17.5803,-21.8838],[17.5855,-21.8789],[17.5978,-21.8508],[17.6046,-21.8402],[17.6147,-21.8346],[17.6258,-21.8306],[17.6831,-21.8173],[17.6922,-21.8184],[17.7013,-21.8254],[17.7173,-21.8414],[17.7235,-21.8437],[17.7306,-21.8429],[17.76,-21.8336],[17.8073,-21.8242],[17.8344,-21.8124],[17.8461,-21.8038],[17.8668,-21.7845],[17.9013,-21.7583],[17.9491,-21.7381],[17.9906,-21.7296],[18.0126,-21.7326],[18.1179,-21.7053],[18.1297,-21.695],[18.1931,-21.6675],[18.2146,-21.6549],[18.2417,-21.6228],[18.2451,-21.6093],[18.2457,-21.597],[18.2371,-21.5552],[18.2395,-21.5192],[18.2348,-21.4961],[18.2357,-21.4895],[18.2617,-21.4759],[18.2641,-21.4674],[18.2642,-21.4575],[18.2587,-21.4049],[18.2607,-21.3957],[18.2759,-21.3829],[18.2776,-21.3739],[18.2765,-21.3636],[18.2657,-21.3247],[18.262,-21.3227],[18.2447,-21.3267],[18.2236,-21.3285],[18.2144,-21.3276],[18.209,-21.3253],[18.2075,-21.3179],[18.2088,-21.2721],[18.2123,-21.2534],[18.2209,-21.2444],[18.2312,-21.2379],[18.251,-21.2334],[18.2611,-21.2347],[18.3662,-21.2617],[18.3716,-21.2608],[18.3688,-21.2531],[18.3541,-21.2276],[18.3497,-21.2086],[18.3505,-21.1987],[18.3586,-21.1912],[18.3945,-21.1711],[18.4072,-21.1621],[18.4126,-21.1522],[18.4155,-21.142],[18.4177,-21.122],[18.4177,-21.1141],[18.4149,-21.1104],[18.4066,-21.1104],[18.365,-21.1175],[18.3612,-21.1157],[18.3611,-21.1074],[18.3654,-21.077],[18.3759,-21.0386],[18.3957,-21.0267],[18.4678,-21.0113],[18.4839,-21.0109],[18.4941,-21.0177],[18.501,-21.0248],[18.5085,-21.0367],[18.5349,-20.985],[18.5417,-20.9648],[18.5735,-20.8262],[18.5787,-20.8123],[18.7569,-20.5336],[18.7864,-20.5038],[18.8213,-20.4764],[18.8314,-20.4708],[19.3122,-20.2997],[19.3428,-20.2845],[19.3749,-20.2559],[19.3947,-20.2475],[19.4223,-20.2434],[19.4824,-20.2427],[20.3199,-20.3316],[20.3377,-20.3365],[20.3631,-20.3483],[20.3826,-20.3537],[20.4284,-20.3622],[20.4486,-20.3629],[20.4838,-20.3575],[20.5245,-20.3569],[20.6317,-20.3707],[20.6828,-20.3843],[20.7202,-20.3874],[20.79,-20.3851],[20.8041,-20.3823],[20.8581,-20.3667],[20.9222,-20.3636],[20.9363,-20.3604],[20.9539,-20.3527],[20.9794,-20.351],[20.9776,-19.7508],[20.9756,-19.1721],[19.2347,-19.1889],[19.236,-18.8151],[18.1946,-18.76],[18.1788,-18.8463],[18.1716,-18.9511],[18.1609,-18.9626],[18.1311,-18.976],[18.1128,-18.9873],[18.0883,-19.016],[18.0699,-19.0261],[18.0534,-19.0317],[18.0275,-19.0331],[18.0206,-19.037],[18.0192,-19.0471],[18.0281,-19.1156],[18.0284,-19.1289],[18.0266,-19.1428],[18.0186,-19.1506],[18.0155,-19.1623],[18.0136,-19.1747],[18.0135,-19.2109],[18.0093,-19.24],[18.0045,-19.2584],[17.998,-19.2659],[17.9884,-19.2703],[17.9629,-19.2758],[17.9526,-19.2812],[17.9432,-19.315],[17.9071,-19.3324],[17.8999,-19.3457],[17.89,-19.359],[17.8864,-19.3814],[17.8894,-19.4068],[17.8985,-19.4204],[17.9337,-19.4622],[17.9392,-19.4745],[17.9321,-19.4838],[17.9215,-19.4916],[17.8752,-19.5167],[17.8627,-19.522],[17.8542,-19.5222],[17.849,-19.5144],[17.8424,-19.4958],[17.8378,-19.4881],[17.8313,-19.482],[17.8194,-19.4818],[17.7944,-19.4873],[17.7629,-19.5005],[17.7488,-19.5046],[17.6864,-19.5015],[17.6766,-19.4964],[17.6409,-19.467],[17.6245,-19.4578],[17.6068,-19.4511],[17.5824,-19.4531],[17.5672,-19.4494],[17.5546,-19.4444],[17.5359,-19.4304],[17.5294,-19.4229],[17.5276,-19.4068],[17.5239,-19.4013],[17.4839,-19.3761],[17.4577,-19.3697],[17.4361,-19.3733],[17.4224,-19.3698],[17.4113,-19.3649],[17.4038,-19.3582],[17.4007,-19.3525],[17.3992,-19.3439],[17.397,-19.3035],[17.3986,-19.2955],[17.4035,-19.2922],[17.4217,-19.2895],[17.4293,-19.2867],[17.4308,-19.2792],[17.4257,-19.2389],[17.4227,-19.2317],[17.4168,-19.2301],[17.3955,-19.2333],[17.3697,-19.2403],[17.3652,-19.2463],[17.3608,-19.272],[17.3555,-19.2748],[17.3464,-19.2759],[17.3373,-19.2748],[17.3298,-19.2721],[17.3286,-19.2646],[17.3332,-19.2357],[17.3333,-19.2267],[17.3305,-19.2194],[17.3174,-19.1987],[17.3042,-19.1899],[17.2872,-19.1832],[17.254,-19.185],[17.2393,-19.1786],[17.2299,-19.1703],[17.225,-19.1597],[17.2122,-19.1527],[17.1987,-19.1487],[17.1268,-19.1659],[17.0853,-19.2289],[16.9897,-19.3409],[16.7165,-19.474],[16.7087,-19.4805],[16.703,-19.4913],[16.7041,-19.5073],[16.7128,-19.5512],[16.702,-19.9172],[16.7106,-19.955],[16.6548,-19.9902],[16.6272,-19.9973],[16.5388,-19.9981],[16.5332,-20.0002],[16.5302,-20.0032],[16.5292,-20.0597],[16.5302,-20.0698],[16.5465,-20.1129],[16.5478,-20.1218],[16.541,-20.1245],[16.5316,-20.1253],[16.5021,-20.1241],[16.3234,-20.2102],[16.3131,-20.2192],[16.308,-20.2265],[16.3107,-20.3076],[16.3162,-20.3419],[16.3166,-20.3529],[16.3144,-20.3653],[16.3091,-20.3785],[16.2974,-20.3874],[16.2835,-20.395],[16.2689,-20.4014],[16.2537,-20.4041],[16.2391,-20.4031],[16.2217,-20.3903],[16.1918,-20.3853],[16.1703,-20.3899],[16.1203,-20.412],[16.1108,-20.4133],[16.0487,-20.4139],[16.0391,-20.4154],[15.9688,-20.4424],[15.9356,-20.4638],[15.9216,-20.4752],[15.8577,-20.5457],[15.8421,-20.5553],[15.7813,-20.5795],[15.7669,-20.5833],[15.7521,-20.5828],[15.6696,-20.5662],[15.6007,-20.5626]]]}},{"type":"Feature","id":"NA-OH","properties":{"code":"NA-OH","name":"Omaheke","country":"NA","level":"REGION"},"geometry":{"type":"Polygon","coordinates":[[[19.9805,-23.8645],[19.9799,-23.3765],[19.9793,-22.8607],[19.9789,-22.3876],[19.9783,-22.0007],[20.4465,-22.0007],[20.972,-22.0007],[20.9848,-21.964],[20.9835,-21.577],[20.9821,-21.1736],[20.9807,-20.7507],[20.9794,-20.351],[20.9539,-20.3527],[20.9363,-20.3604],[20.9222,-20.3636],[20.8581,-20.3667],[20.8041,-20.3823],[20.79,-20.3851],[20.7202,-20.3874],[20.6828,-20.3843],[20.6317,-20.3707],[20.5245,-20.3569],[20.4838,-20.3575],[20.4486,-20.3629],[20.4284,-20.3622],[20.3826,-20.3537],[20.3631,-20.3483],[20.3377,-20.3365],[20.3199,-20.3316],[19.4824,-20.2427],[19.4223,-20.2434],[19.3947,-20.2475],[19.3749,-20.2559],[19.3428,-20.2845],[19.3122,-20.2997],[18.8314,-20.4708],[18.8213,-20.4764],[18.7864,-20.5038],[18.7569,-20.5336],[18.5787,-20.8123],[18.5735,-20.8262],[18.5417,-20.9648],[18.5349,-20.985],[18.5085,-21.0367],[18.501,-21.0248],[18.4941,-21.0177],[18.4839,-21.0109],[18.4678,-21.0113],[18.3957,-21.0267],[18.3759,-21.0386],[18.3654,-21.077],[18.3611,-21.1074],[18.3612,-21.1157],[18.365,-21.1175],[18.4066,-21.1104],[18.4149,-21.1104],[18.4177,-21.1141],[18.4177,-21.122],[18.4155,-21.142],[18.4126,-21.1522],[18.4072,-21.1621],[18.3945,-21.1711],[18.3586,-21.1912],[18.3505,-21.1987],[18.3497,-21.2086],[18.3541,-21.2276],[18.3688,-21.2531],[18.3716,-21.2608],[18.3662,-21.2617],[18.2611,-21.2347],[18.251,-21.2334],[18.2312,-21.2379],[18.2209,-21.2444],[18.2123,-21.2534],[18.2088,-21.2721],[18.2075,-21.3179],[18.209,-21.3253],[18.2144,-21.3276],[18.2236,-21.3285],[18.2447,-21.3267],[18.262,-21.3227],[18.2657,-21.3247],[18.2765,-21.3636],[18.2776,-21.3739],[18.2759,-21.3829],[18.2607,-21.3957],[18.2587,-21.4049],[18.2642,-21.4575],[18.2641,-21.4674],[18.2617,-21.4759],[18.2357,-21.4895],[18.2348,-21.4961],[18.2395,-21.5192],[18.2371,-21.5552],[18.2457,-21.597],[18.2451,-21.6093],[18.2417,-21.6228],[18.2146,-21.6549],[18.1931,-21.6675],[18.1297,-21.695],[18.1179,-21.7053],[18.126,-21.7646],[18.1134,-21.788],[18.0881,-21.8159],[18.0723,-21.8425],[18.0681,-21.854],[18.0678,-21.8623],[18.0764,-21.8742],[18.0918,-21.8875],[18.0986,-21.8951],[18.11,-21.9119],[18.1184,-21.9163],[18.1221,-21.9214],[18.1255,-21.9298],[18.1277,-21.9522],[18.1222,-21.9615],[18.0996,-21.9778],[18.0909,-21.995],[18.0633,-22.0339],[18.0599,-22.0425],[18.0687,-22.0576],[18.0714,-22.0657],[18.0715,-22.0825],[18.0661,-22.0907],[18.0565,-22.0981],[18.0213,-22.1118],[17.9872,-22.1133],[17.9786,-22.1164],[17.9744,-22.125],[17.9634,-22.214],[17.966,-22.2295],[17.9718,-22.2451],[17.9992,-22.2976],[18.0318,-22.3381],[18.0438,-22.3481],[18.0565,-22.3507],[18.0965,-22.3507],[18.1041,-22.3558],[18.1373,-22.4022],[18.1506,-22.4164],[18.1776,-22.4385],[18.1738,-22.4446],[18.1404,-22.461],[18.1324,-22.4678],[18.1359,-22.4748],[18.1435,-22.4819],[18.1707,-22.5008],[18.2035,-22.476],[18.2121,-22.4712],[18.2165,-22.4744],[18.2196,-22.4812],[18.2479,-22.6111],[18.2604,-22.7156],[18.2654,-22.7355],[18.2937,-22.8141],[18.2968,-22.8432],[18.2989,-22.9498],[18.306,-22.9552],[18.3161,-22.9552],[18.3867,-22.9306],[18.3948,-22.9302],[18.3967,-22.9366],[18.3969,-22.9456],[18.3952,-22.9655],[18.3935,-22.9743],[18.3902,-22.9797],[18.3814,-22.9844],[18.3317,-23.0041],[18.3246,-23.01],[18.3239,-23.0192],[18.3254,-23.0294],[18.3345,-23.0469],[18.3499,-23.0555],[18.3712,-23.081],[18.3809,-23.0847],[18.4224,-23.0913],[18.4282,-23.0944],[18.4419,-23.1257],[18.45,-23.158],[18.4441,-23.165],[18.435,-23.1687],[18.3787,-23.1722],[18.3695,-23.175],[18.3603,-23.1818],[18.3537,-23.193],[18.3494,-23.2054],[18.3488,-23.2174],[18.3552,-23.2271],[18.4956,-23.3347],[18.5054,-23.3449],[18.5062,-23.3539],[18.5028,-23.366],[18.4435,-23.5037],[18.4422,-23.517],[18.5341,-23.6837],[18.5402,-23.688],[18.5465,-23.6845],[18.5632,-23.6681],[18.5727,-23.6611],[18.5824,-23.6576],[18.5941,-23.6644],[18.6047,-23.673],[18.6544,-23.7209],[18.67,-23.7296],[18.6897,-23.7353],[18.7717,-23.7495],[18.7845,-23.7488],[18.9712,-23.6793],[18.9801,-23.6782],[19.0342,-23.6811],[19.0412,-23.6837],[19.0407,-23.6896],[19.0367,-23.6979],[19.0351,-23.7064],[19.0386,-23.7137],[19.0584,-23.7167],[19.1515,-23.72],[19.1564,-23.7181],[19.1608,-23.714],[19.2063,-23.6605],[19.2181,-23.6542],[19.2332,-23.6539],[19.257,-23.6583],[19.2662,-23.6664],[19.2707,-23.6762],[19.275,-23.8538],[19.3441,-23.8617],[19.9805,-23.8645]]]}},{"type":"Feature","id":"NA-OK","properties":{"code":"NA-OK","name":"Kavango","country":"NA","level":"REGION"},"geometry":{"type":"Polygon","coordinates":[[[18.0002,-17.7659],[18.0093,-18.749],[18.1946,-18.76],[19.236,-18.8151],[19.2347,-19.1889],[20.9756,-19.1721],[20.9751,-18.756],[20.9751,-18.3193],[20.9934,-18.3186],[20.9865,-17.9658],[20.9083,-17.9861],[20.8945,-18.0126],[20.8616,-18.0188],[20.8319,-18.0293],[20.8062,-18.0314],[20.7846,-18.0126],[20.7544,-17.9979],[20.7375,-17.9935],[20.7299,-18.0024],[20.7225,-18.0065],[20.7062,-18.0038],[20.6896,-17.997],[20.6822,-17.9886],[20.6663,-17.9802],[20.6301,-17.9769],[20.5907,-17.9788],[20.5655,-17.9852],[20.5529,-17.9791],[20.5239,-17.9585],[20.4895,-17.9421],[20.4795,-17.9344],[20.4601,-17.9137],[20.4375,-17.8945],[20.4126,-17.8841],[20.3868,-17.8903],[20.3477,-17.8589],[20.3362,-17.8549],[20.3028,-17.8608],[20.2889,-17.8616],[20.2782,-17.8549],[20.2434,-17.8828],[20.2199,-17.8734],[20.1931,-17.8721],[20.1692,-17.8781],[20.1546,-17.8903],[20.1471,-17.8828],[20.133,-17.8888],[20.1199,-17.8907],[20.0926,-17.8903],[20.0343,-17.8959],[20.0245,-17.8946],[19.9895,-17.8828],[19.952,-17.8623],[19.794,-17.8623],[19.7877,-17.8665],[19.776,-17.8851],[19.771,-17.8903],[19.7552,-17.8891],[19.7321,-17.8821],[19.7113,-17.873],[19.7022,-17.8657],[19.6932,-17.8477],[19.6726,-17.8427],[19.6498,-17.845],[19.5928,-17.8573],[19.4213,-17.8594],[19.2624,-17.814],[19.2466,-17.804],[19.2019,-17.8071],[19.1721,-17.8012],[19.1608,-17.8009],[19.1393,-17.8053],[19.1051,-17.8182],[19.0206,-17.8223],[18.89,-17.7993],[18.8008,-17.7566],[18.762,-17.7477],[18.7482,-17.7363],[18.7283,-17.7109],[18.6709,-17.6531],[18.6613,-17.6467],[18.6428,-17.638],[18.6333,-17.6289],[18.6279,-17.6199],[18.6197,-17.5948],[18.5675,-17.5533],[18.5541,-17.5464],[18.5509,-17.5353],[18.5166,-17.4713],[18.4928,-17.4645],[18.4899,-17.4624],[18.4881,-17.4521],[18.4717,-17.4143],[18.4586,-17.4053],[18.4536,-17.3899],[18.0005,-17.3891],[18.0002,-17.7659]]]}},{"type":"Feature","id":"NA-ON","properties":{"code":"NA-ON","name":"Oshana","country":"NA","level":"REGION"},"geometry":{"type":"Polygon","coordinates":[[[15.94,-19.3307],[15.941,-19.3074],[15.9313,-19.2842],[15.9196,-19.2123],[15.9185,-19.1851],[15.934,-19.173],[15.9546,-19.1639],[15.9624,-19.1332],[15.9296,-19.1128],[15.912,-19.0929],[15.9017,-19.0666],[15.8836,-19.0367],[15.851,-18.9681],[15.8482,-18.9411],[15.8421,-18.9283],[15.8412,-18.8663],[15.8462,-18.8336],[15.8603,-18.8028],[15.8979,-18.7546],[15.9422,-18.7124],[15.9732,-18.6756],[15.994,-18.668],[16.0157,-18.6677],[16.0356,-18.6525],[16.0309,-18.626],[15.9867,-18.5762],[15.9703,-18.5243],[15.9574,-18.5008],[15.9486,-18.4752],[15.9547,-18.4024],[15.944,-18.3582],[15.943,-18.3138],[15.9557,-18.2967],[15.9733,-18.2858],[16.0189,-18.2257],[16.0302,-18.199],[16.0379,-18.1409],[16.0322,-18.0605],[16.0269,-18.0395],[16.0125,-18.0247],[15.9993,-18.0227],[15.9993,-17.6956],[15.6658,-17.739],[15.6476,-17.6853],[15.6469,-17.6792],[15.2879,-18.0246],[15.286,-18.0403],[15.3043,-18.0484],[15.4197,-18.1123],[15.4627,-18.1273],[15.4998,-18.1512],[15.5116,-18.1996],[15.5128,-18.2513],[15.5633,-18.6232],[15.5441,-18.6789],[15.5123,-18.7244],[15.5177,-18.7799],[15.5619,-18.8874],[15.5547,-18.9461],[15.5136,-18.983],[15.5308,-19.0141],[15.5545,-19.0415],[15.5807,-19.0501],[15.6026,-19.0641],[15.5694,-19.0795],[15.5315,-19.0836],[15.4904,-19.1029],[15.4514,-19.1269],[15.4157,-19.1384],[15.379,-19.1459],[15.3481,-19.157],[15.3173,-19.1635],[15.317,-19.1913],[15.3142,-19.2461],[15.5011,-19.244],[15.5369,-19.2393],[15.5775,-19.2446],[15.7044,-19.2747],[15.7886,-19.2839],[15.8256,-19.2823],[15.8609,-19.2895],[15.94,-19.3307]]]}},{"type":"Feature","id":"NA-OS","properties":{"code":"NA-OS","name":"Omusati","country":"NA","level":"REGION"},"geometry":{"type":"Polygon","coordinates":[[[15.317,-19.1913],[15.3173,-19.1635],[15.3481,-19.157],[15.379,-19.1459],[15.4157,-19.1384],[15.4514,-19.1269],[15.4904,-19.1029],[15.5315,-19.0836],[15.5694,-19.0795],[15.6026,-19.0641],[15.5807,-19.0501],[15.5545,-19.0415],[15.5308,-19.0141],[15.5136,-18.983],[15.5547,-18.9461],[15.5619,-18.8874],[15.5177,-18.7799],[15.5123,-18.7244],[15.5441,-18.6789],[15.5633,-18.6232],[15.5128,-18.2513],[15.5116,-18.1996],[15.4998,-18.1512],[15.4627,-18.1273],[15.4197,-18.1123],[15.3043,-18.0484],[15.286,-18.0403],[15.2879,-18.0246],[15.6469,-17.6792],[15.6389,-17.5977],[15.6258,-17.5664],[15.6153,-17.5482],[15.5908,-17.5149],[15.561,-17.4552],[15.5591,-17.3885],[15.0572,-17.3883],[14.5439,-17.3882],[14.2874,-17.3881],[14.2191,-17.3881],[14.2182,-17.4094],[14.215,-17.4195],[14.2216,-17.4261],[14.216,-17.443],[14.1972,-17.4775],[14.1884,-17.498],[14.1566,-17.5433],[14.1366,-17.5667],[14.1395,-17.593],[14.1814,-17.617],[14.1865,-17.6397],[14.1835,-17.6656],[14.1793,-17.6849],[14.1704,-17.7009],[14.1509,-17.7209],[14.1644,-17.768],[14.2615,-17.9574],[14.2903,-18.0792],[14.3074,-18.4522],[14.2981,-18.5934],[14.3036,-18.6622],[14.3437,-18.7822],[14.3711,-18.8367],[14.3889,-18.8927],[14.371,-18.9953],[14.3639,-19.0982],[14.406,-19.2148],[14.426,-19.2419],[14.4539,-19.2637],[14.4771,-19.298],[14.4811,-19.3423],[14.4701,-19.3585],[14.4579,-19.3725],[14.449,-19.4145],[14.5742,-19.4176],[14.5926,-19.3804],[14.5944,-19.3267],[14.5384,-19.3291],[14.5341,-19.2863],[14.5362,-19.2467],[14.5832,-19.2378],[14.8588,-19.2358],[15.0891,-19.2062],[15.1508,-19.2186],[15.2108,-19.2228],[15.317,-19.1913]]]}},{"type":"Feature","id":"NA-OT","properties":{"code":"NA-OT","name":"Oshikoto","country":"NA","level":"REGION"},"geometry":{"type":"Polygon","coordinates":[[[16.703,-19.4913],[16.7087,-19.4805],[16.7165,-19.474],[16.9897,-19.3409],[17.0853,-19.2289],[17.1268,-19.1659],[17.1987,-19.1487],[17.2122,-19.1527],[17.225,-19.1597],[17.2299,-19.1703],[17.2393,-19.1786],[17.254,-19.185],[17.2872,-19.1832],[17.3042,-19.1899],[17.3174,-19.1987],[17.3305,-19.2194],[17.3333,-19.2267],[17.3332,-19.2357],[17.3286,-19.2646],[17.3298,-19.2721],[17.3373,-19.2748],[17.3464,-19.2759],[17.3555,-19.2748],[17.3608,-19.272],[17.3652,-19.2463],[17.3697,-19.2403],[17.3955,-19.2333],[17.4168,-19.2301],[17.4227,-19.2317],[17.4257,-19.2389],[17.4308,-19.2792],[17.4293,-19.2867],[17.4217,-19.2895],[17.4035,-19.2922],[17.3986,-19.2955],[17.397,-19.3035],[17.3992,-19.3439],[17.4007,-19.3525],[17.4038,-19.3582],[17.4113,-19.3649],[17.4224,-19.3698],[17.4361,-19.3733],[17.4577,-19.3697],[17.4839,-19.3761],[17.5239,-19.4013],[17.5276,-19.4068],[17.5294,-19.4229],[17.5359,-19.4304],[17.5546,-19.4444],[17.5672,-19.4494],[17.5824,-19.4531],[17.6068,-19.4511],[17.6245,-19.4578],[17.6409,-19.467],[17.6766,-19.4964],[17.6864,-19.5015],[17.7488,-19.5046],[17.7629,-19.5005],[17.7944,-19.4873],[17.8194,-19.4818],[17.8313,-19.482],[17.8378,-19.4881],[17.8424,-19.4958],[17.849,-19.5144],[17.8542,-19.5222],[17.8627,-19.522],[17.8752,-19.5167],[17.9215,-19.4916],[17.9321,-19.4838],[17.9392,-19.4745],[17.9337,-19.4622],[17.8985,-19.4204],[17.8894,-19.4068],[17.8864,-19.3814],[17.89,-19.359],[17.8999,-19.3457],[17.9071,-19.3324],[17.9432,-19.315],[17.9526,-19.2812],[17.9629,-19.2758],[17.9884,-19.2703],[17.998,-19.2659],[18.0045,-19.2584],[18.0093,-19.24],[18.0135,-19.2109],[18.0136,-19.1747],[18.0155,-19.1623],[18.0186,-19.1506],[18.0266,-19.1428],[18.0284,-19.1289],[18.0281,-19.1156],[18.0192,-19.0471],[18.0206,-19.037],[18.0275,-19.0331],[18.0534,-19.0317],[18.0699,-19.0261],[18.0883,-19.016],[18.1128,-18.9873],[18.1311,-18.976],[18.1609,-18.9626],[18.1716,-18.9511],[18.1788,-18.8463],[18.1946,-18.76],[18.0093,-18.749],[18.0002,-17.7659],[16.7495,-17.769],[16.3897,-17.9145],[16.308,-17.8836],[15.9993,-17.6956],[15.9993,-18.0227],[16.0125,-18.0247],[16.0269,-18.0395],[16.0322,-18.0605],[16.0379,-18.1409],[16.0302,-18.199],[16.0189,-18.2257],[15.9733,-18.2858],[15.9557,-18.2967],[15.943,-18.3138],[15.944,-18.3582],[15.9547,-18.4024],[15.9486,-18.4752],[15.9574,-18.5008],[15.9703,-18.5243],[15.9867,-18.5762],[16.0309,-18.626],[16.0356,-18.6525],[16.0157,-18.6677],[15.994,-18.668],[15.9732,-18.6756],[15.9422,-18.7124],[15.8979,-18.7546],[15.8603,-18.8028],[15.8462,-18.8336],[15.8412,-18.8663],[15.8421,-18.9283],[15.8482,-18.9411],[15.851,-18.9681],[15.8836,-19.0367],[15.9017,-19.0666],[15.912,-19.0929],[15.9296,-19.1128],[15.9624,-19.1332],[15.9546,-19.1639],[15.934,-19.173],[15.9185,-19.1851],[15.9196,-19.2123],[15.9313,-19.2842],[15.941,-19.3074],[15.94,-19.3307],[16.0605,-19.3474],[16.131,-19.3651],[16.1879,-19.3709],[16.3222,-19.4093],[16.5076,-19.4351],[16.5679,-19.436],[16.6314,-19.4517],[16.6911,-19.4819],[16.703,-19.4913]]]}},{"type":"Feature","id":"NA-OW","properties":{"code":"NA-OW","name":"Ohangwena","country":"NA","level":"REGION"},"geometry":{"type":"Polygon","coordinates":[[[15.6469,-17.6792],[15.6476,-17.6853],[15.6658,-17.739],[15.9993,-17.6956],[16.308,-17.8836],[16.3897,-17.9145],[16.7495,-17.769],[18.0002,-17.7659],[18.0005,-17.3891],[17.3661,-17.389],[16.8529,-17.3888],[16.3398,-17.3887],[16.0834,-17.3887],[15.5591,-17.3885],[15.561,-17.4552],[15.5908,-17.5149],[15.6153,-17.5482],[15.6258,-17.5664],[15.6389,-17.5977],[15.6469,-17.6792]]]}},{"type":"Feature","id":"ZA-EC","properties":{"code":"ZA-EC","name":"Eastern Cape","country":"ZA","level":"REGION"},"geometry":{"type":"Polygon","coordinates":[[[30.1939,-31.0813],[30.1934,-31.0762],[30.1883,-31.0691],[30.1759,-31.0655],[30.1698,-31.0598],[30.1633,-31.0498],[30.1632,-31.0456],[30.1675,-31.0389],[30.17,-31.0254],[30.1632,-31.0251],[30.1556,-31.0224],[30.1493,-31.0156],[30.1431,-31.0226],[30.1408,-31.0228],[30.14,-31.0141],[30.1354,-31.009],[30.1362,-31.0074],[30.1446,-31.0054],[30.1469,-31.0026],[30.1452,-30.9984],[30.1409,-30.9967],[30.1413,-30.9873],[30.152,-30.9853],[30.1564,-30.9759],[30.1551,-30.9729],[30.1477,-30.9713],[30.1411,-30.9664],[30.1345,-30.9638],[30.1347,-30.9562],[30.1392,-30.9544],[30.141,-30.951],[30.1378,-30.9406],[30.1413,-30.9375],[30.1447,-30.9374],[30.1465,-30.9339],[30.1464,-30.9311],[30.1428,-30.927],[30.1464,-30.9224],[30.1395,-30.9181],[30.1362,-30.9115],[30.1323,-30.9091],[30.1201,-30.9101],[30.1269,-30.9058],[30.1136,-30.9005],[30.1211,-30.891],[30.1195,-30.888],[30.115,-30.8877],[30.1092,-30.8845],[30.0984,-30.8848],[30.0913,-30.883],[30.081,-30.885],[30.0757,-30.8822],[30.0745,-30.8784],[30.0703,-30.8747],[30.0704,-30.8713],[30.0739,-30.8708],[30.0882,-30.8745],[30.0932,-30.878],[30.0926,-30.8687],[30.0951,-30.8649],[30.0948,-30.8623],[30.0874,-30.8641],[30.0828,-30.8637],[30.0818,-30.8659],[30.0732,-30.8658],[30.0742,-30.8564],[30.0701,-30.8516],[30.0668,-30.8517],[30.0622,-30.8481],[30.0579,-30.8485],[30.0532,-30.8468],[30.046,-30.848],[30.039,-30.8446],[30.0364,-30.8466],[30.0254,-30.8488],[30.025,-30.8566],[30.0221,-30.8568],[30.0194,-30.853],[30.0224,-30.8474],[30.0218,-30.8392],[30.0162,-30.8396],[30.0098,-30.8432],[30.0069,-30.8422],[30.0119,-30.8321],[30.0112,-30.8284],[30.0077,-30.8257],[30.0037,-30.8261],[30.0015,-30.8279],[30.0003,-30.8375],[29.9937,-30.836],[29.9898,-30.838],[29.9833,-30.835],[29.9799,-30.8374],[29.9748,-30.8381],[29.9705,-30.8343],[29.9648,-30.8323],[29.9596,-30.8274],[29.9581,-30.823],[29.9592,-30.8215],[29.9638,-30.8248],[29.9678,-30.8251],[29.9704,-30.819],[29.9665,-30.8171],[29.9673,-30.8108],[29.974,-30.8066],[29.9724,-30.8023],[29.9685,-30.8037],[29.9685,-30.8064],[29.9658,-30.8082],[29.9566,-30.808],[29.945,-30.8099],[29.9376,-30.8094],[29.9323,-30.8072],[29.9332,-30.8008],[29.9406,-30.7921],[29.9552,-30.7897],[29.955,-30.7869],[29.9502,-30.7811],[29.9513,-30.7744],[29.9492,-30.7708],[29.9342,-30.7684],[29.9223,-30.7687],[29.9215,-30.7708],[29.9266,-30.775],[29.9295,-30.7807],[29.9293,-30.792],[29.9275,-30.794],[29.9252,-30.7936],[29.9219,-30.7896],[29.908,-30.7982],[29.9063,-30.792],[29.9097,-30.7846],[29.9098,-30.7807],[29.9159,-30.7745],[29.9147,-30.771],[29.9112,-30.7701],[29.9041,-30.7754],[29.8969,-30.7742],[29.8867,-30.7847],[29.886,-30.7726],[29.8884,-30.7704],[29.8961,-30.769],[29.8965,-30.766],[29.8926,-30.7589],[29.8863,-30.7591],[29.882,-30.7621],[29.8766,-30.7582],[29.8734,-30.7587],[29.8712,-30.7548],[29.8638,-30.7575],[29.8594,-30.7565],[29.8519,-30.7617],[29.8477,-30.7584],[29.8515,-30.7524],[29.8518,-30.7488],[29.8477,-30.7365],[29.8448,-30.7368],[29.8421,-30.7439],[29.8334,-30.7426],[29.8299,-30.7439],[29.8296,-30.7408],[29.8337,-30.7381],[29.831,-30.7349],[29.8246,-30.7345],[29.8242,-30.7283],[29.8275,-30.7231],[29.8251,-30.7206],[29.8187,-30.7236],[29.8142,-30.7315],[29.808,-30.7296],[29.8044,-30.7231],[29.804,-30.7151],[29.8066,-30.7144],[29.8146,-30.7067],[29.8154,-30.7016],[29.8129,-30.6994],[29.809,-30.6985],[29.8048,-30.7003],[29.8058,-30.7035],[29.8003,-30.7089],[29.7963,-30.7044],[29.7857,-30.6988],[29.7856,-30.6962],[29.7806,-30.6954],[29.7777,-30.6974],[29.779,-30.7012],[29.7861,-30.71],[29.7722,-30.7054],[29.7719,-30.7121],[29.7685,-30.7128],[29.7716,-30.7162],[29.7707,-30.7185],[29.7591,-30.7192],[29.7566,-30.7178],[29.7553,-30.7106],[29.7525,-30.707],[29.7494,-30.7126],[29.7507,-30.7164],[29.7497,-30.7195],[29.7445,-30.7228],[29.7406,-30.7234],[29.7389,-30.7215],[29.7411,-30.72],[29.7406,-30.7187],[29.7389,-30.7176],[29.7344,-30.7196],[29.7296,-30.7159],[29.735,-30.7091],[29.7336,-30.7074],[29.7204,-30.7083],[29.7153,-30.7043],[29.7079,-30.7048],[29.7048,-30.703],[29.7008,-30.7053],[29.6965,-30.6967],[29.6942,-30.6958],[29.6936,-30.6874],[29.6917,-30.6862],[29.6874,-30.6883],[29.6834,-30.6854],[29.6831,-30.6835],[29.6865,-30.6819],[29.6868,-30.6795],[29.6763,-30.6737],[29.6766,-30.6715],[29.6737,-30.6692],[29.6714,-30.67],[29.6719,-30.6714],[29.6671,-30.6763],[29.6572,-30.6806],[29.6515,-30.6858],[29.6493,-30.6854],[29.6487,-30.6838],[29.6371,-30.6838],[29.6365,-30.6859],[29.6349,-30.6839],[29.6202,-30.6885],[29.617,-30.6889],[29.6143,-30.6867],[29.6132,-30.6879],[29.6103,-30.687],[29.5995,-30.6895],[29.5958,-30.6858],[29.5942,-30.6674],[29.5876,-30.659],[29.5803,-30.654],[29.5713,-30.6577],[29.5722,-30.6551],[29.5713,-30.6558],[29.5243,-30.6412],[29.5124,-30.6182],[29.4686,-30.6242],[29.443,-30.639],[29.4013,-30.6394],[29.3855,-30.6501],[29.3728,-30.649],[29.3456,-30.6717],[29.3225,-30.6445],[29.3198,-30.645],[29.3035,-30.6394],[29.2773,-30.6373],[29.2613,-30.6212],[29.2284,-30.6197],[29.2202,-30.6207],[29.218,-30.6185],[29.2111,-30.6215],[29.2046,-30.6202],[29.1952,-30.6245],[29.1955,-30.6283],[29.1987,-30.632],[29.1979,-30.6344],[29.1919,-30.6348],[29.1829,-30.6413],[29.1809,-30.6396],[29.1778,-30.6287],[29.1808,-30.6236],[29.1854,-30.6213],[29.1853,-30.6185],[29.1807,-30.6189],[29.173,-30.6243],[29.168,-30.6176],[29.1681,-30.6131],[29.1353,-30.6051],[29.146,-30.5952],[29.1238,-30.5871],[29.1153,-30.5796],[29.1515,-30.5604],[29.162,-30.5601],[29.1629,-30.5582],[29.1738,-30.5517],[29.1651,-30.538],[29.1631,-30.5396],[29.1663,-30.5414],[29.1653,-30.5435],[29.1611,-30.5418],[29.1598,-30.5447],[29.1578,-30.5451],[29.1579,-30.5476],[29.1614,-30.547],[29.1577,-30.5538],[29.1556,-30.5554],[29.1528,-30.5546],[29.1517,-30.5486],[29.1531,-30.547],[29.1476,-30.5412],[29.1455,-30.5327],[29.1466,-30.5316],[29.1448,-30.531],[29.1402,-30.5338],[29.1504,-30.5104],[29.1773,-30.5157],[29.1878,-30.4842],[29.1984,-30.4623],[29.1968,-30.4344],[29.2185,-30.4212],[29.2273,-30.4263],[29.2276,-30.4103],[29.2382,-30.4049],[29.2824,-30.3957],[29.2771,-30.3762],[29.305,-30.3799],[29.2988,-30.3532],[29.2919,-30.3456],[29.2987,-30.3343],[29.3019,-30.3201],[29.2622,-30.2784],[29.2368,-30.2669],[29.2315,-30.2691],[29.2547,-30.3048],[29.2334,-30.3063],[29.2275,-30.2974],[29.1881,-30.2887],[29.1726,-30.2834],[29.1757,-30.2828],[29.1742,-30.2808],[29.1674,-30.2816],[29.1558,-30.2775],[29.1579,-30.277],[29.1568,-30.2756],[29.1579,-30.2744],[29.1612,-30.2759],[29.1632,-30.2738],[29.1618,-30.2723],[29.1593,-30.2742],[29.161,-30.2707],[29.156,-30.2685],[29.1578,-30.2668],[29.1621,-30.2663],[29.1627,-30.2636],[29.157,-30.2633],[29.1556,-30.2619],[29.1564,-30.2648],[29.1518,-30.2647],[29.1538,-30.2611],[29.1518,-30.2567],[29.1411,-30.2617],[29.1373,-30.2624],[29.136,-30.2612],[29.1355,-30.2562],[29.1319,-30.2516],[29.133,-30.2497],[29.1289,-30.2478],[29.1292,-30.2396],[29.126,-30.2387],[29.1297,-30.2337],[29.1302,-30.2266],[29.1282,-30.2242],[29.1224,-30.222],[29.1241,-30.2179],[29.1318,-30.2166],[29.1323,-30.2149],[29.1271,-30.2112],[29.1215,-30.2099],[29.1216,-30.2073],[29.1197,-30.2059],[29.1124,-30.2096],[29.1108,-30.1969],[29.1141,-30.1939],[29.1208,-30.1943],[29.1221,-30.192],[29.1174,-30.1898],[29.1132,-30.1904],[29.1099,-30.1838],[29.1037,-30.1805],[29.1025,-30.1771],[29.1041,-30.1753],[29.1068,-30.1762],[29.1067,-30.1721],[29.1103,-30.1683],[29.1131,-30.1682],[29.1139,-30.1621],[29.1171,-30.1633],[29.1204,-30.1604],[29.1134,-30.1576],[29.1104,-30.1538],[29.1139,-30.1518],[29.118,-30.1528],[29.1206,-30.1512],[29.1215,-30.1435],[29.1163,-30.1421],[29.1188,-30.1386],[29.1163,-30.1364],[29.1153,-30.1328],[29.1177,-30.1259],[29.1158,-30.1247],[29.1194,-30.1222],[29.1153,-30.1144],[29.12,-30.1106],[29.1186,-30.1094],[29.1148,-30.1106],[29.1152,-30.1078],[29.1123,-30.1056],[29.1145,-30.1023],[29.1174,-30.1054],[29.1196,-30.1054],[29.1186,-30.1029],[29.1212,-30.0988],[29.1172,-30.1002],[29.1137,-30.0963],[29.1119,-30.0972],[29.1073,-30.0785],[29.0901,-30.0567],[29.0678,-30.044],[29.0449,-30.013],[29.0147,-30.0018],[29.0105,-30.0047],[29.0042,-30.005],[28.9973,-30.0117],[28.9908,-30.0202],[28.9901,-30.0274],[28.9856,-30.0312],[28.9779,-30.0298],[28.976,-30.0323],[28.9719,-30.0324],[28.9692,-30.0341],[28.9648,-30.0331],[28.9578,-30.0391],[28.9543,-30.0391],[28.9522,-30.0367],[28.941,-30.0364],[28.9363,-30.0492],[28.9239,-30.0539],[28.9217,-30.0531],[28.9189,-30.058],[28.9106,-30.0592],[28.9031,-30.0659],[28.8969,-30.0647],[28.8934,-30.0688],[28.89,-30.0682],[28.8824,-30.0705],[28.8789,-30.0698],[28.8749,-30.0738],[28.8706,-30.0745],[28.8693,-30.0779],[28.8575,-30.0776],[28.8574,-30.0833],[28.8595,-30.0873],[28.8553,-30.0901],[28.8443,-30.0925],[28.8389,-30.0921],[28.8313,-30.0976],[28.8262,-30.0956],[28.8195,-30.0976],[28.8076,-30.0973],[28.8024,-30.1006],[28.795,-30.1008],[28.7957,-30.1035],[28.7912,-30.1094],[28.7688,-30.1076],[28.7618,-30.1055],[28.7498,-30.1065],[28.7417,-30.1122],[28.7419,-30.1143],[28.7396,-30.1158],[28.7361,-30.1123],[28.7289,-30.113],[28.7242,-30.1155],[28.7207,-30.1152],[28.7188,-30.1177],[28.709,-30.1196],[28.7016,-30.1265],[28.6991,-30.1269],[28.6954,-30.1244],[28.6903,-30.1241],[28.688,-30.1288],[28.6851,-30.1287],[28.6783,-30.1339],[28.6716,-30.1361],[28.6676,-30.1407],[28.6579,-30.1373],[28.6536,-30.1376],[28.6502,-30.1337],[28.6431,-30.134],[28.6384,-30.1315],[28.6269,-30.1317],[28.6186,-30.1355],[28.6103,-30.1325],[28.5974,-30.1307],[28.5907,-30.1269],[28.5846,-30.1276],[28.5799,-30.1259],[28.5751,-30.1274],[28.5665,-30.1226],[28.5642,-30.1239],[28.5537,-30.124],[28.5506,-30.1206],[28.5469,-30.1231],[28.5349,-30.1257],[28.5314,-30.1329],[28.5167,-30.1388],[28.5122,-30.1431],[28.5064,-30.1449],[28.4998,-30.151],[28.4813,-30.1488],[28.4736,-30.1528],[28.4725,-30.1556],[28.4607,-30.1545],[28.4569,-30.1575],[28.4515,-30.1578],[28.4325,-30.1537],[28.4198,-30.1487],[28.3998,-30.1437],[28.3971,-30.1452],[28.3959,-30.1514],[28.3927,-30.1556],[28.3923,-30.1591],[28.3905,-30.1594],[28.3902,-30.1628],[28.3841,-30.1651],[28.3829,-30.1688],[28.3709,-30.1697],[28.3651,-30.1686],[28.3596,-30.1784],[28.3555,-30.1906],[28.3563,-30.1925],[28.352,-30.1967],[28.3489,-30.2075],[28.3451,-30.2128],[28.3454,-30.2153],[28.3477,-30.2169],[28.3451,-30.2188],[28.3434,-30.2236],[28.3478,-30.2289],[28.3458,-30.2321],[28.3403,-30.2346],[28.3331,-30.2339],[28.3304,-30.2297],[28.3288,-30.2339],[28.3252,-30.2371],[28.3212,-30.2381],[28.3188,-30.2406],[28.3135,-30.2407],[28.3107,-30.2508],[28.3032,-30.2562],[28.2971,-30.2552],[28.288,-30.2576],[28.2827,-30.2556],[28.274,-30.2562],[28.2691,-30.253],[28.264,-30.2521],[28.2597,-30.2565],[28.2496,-30.2583],[28.2446,-30.2575],[28.2362,-30.2601],[28.2359,-30.266],[28.229,-30.2712],[28.2231,-30.2734],[28.2231,-30.2754],[28.2146,-30.2864],[28.2069,-30.291],[28.2123,-30.2971],[28.2154,-30.3068],[28.2205,-30.309],[28.2282,-30.3085],[28.2329,-30.315],[28.2425,-30.3179],[28.2479,-30.3233],[28.2565,-30.3244],[28.2528,-30.3278],[28.2568,-30.3298],[28.2515,-30.3336],[28.2529,-30.3421],[28.256,-30.3461],[28.2627,-30.347],[28.2699,-30.3534],[28.271,-30.3564],[28.2678,-30.3604],[28.2708,-30.3708],[28.267,-30.3771],[28.2671,-30.3841],[28.2636,-30.3868],[28.2586,-30.4023],[28.2529,-30.4052],[28.2578,-30.4174],[28.257,-30.4186],[28.2497,-30.4195],[28.2462,-30.4153],[28.2392,-30.4131],[28.2373,-30.4182],[28.2322,-30.4207],[28.2283,-30.4305],[28.2154,-30.4306],[28.2063,-30.4372],[28.1977,-30.433],[28.1861,-30.4352],[28.1796,-30.4389],[28.1767,-30.4456],[28.1725,-30.4506],[28.1655,-30.4548],[28.1637,-30.4612],[28.1564,-30.4655],[28.1549,-30.4712],[28.1644,-30.4759],[28.1655,-30.4818],[28.1779,-30.4884],[28.1797,-30.4913],[28.1808,-30.5012],[28.1753,-30.5032],[28.1723,-30.5088],[28.1772,-30.5218],[28.1771,-30.5253],[28.1765,-30.527],[28.1684,-30.528],[28.1637,-30.5351],[28.163,-30.539],[28.157,-30.544],[28.1585,-30.5496],[28.1635,-30.5567],[28.1608,-30.5586],[28.1626,-30.5628],[28.1593,-30.5683],[28.1604,-30.5725],[28.1536,-30.5758],[28.1512,-30.584],[28.145,-30.5859],[28.1373,-30.5924],[28.1295,-30.5918],[28.1227,-30.5959],[28.1216,-30.5989],[28.1132,-30.5999],[28.1106,-30.6087],[28.1128,-30.6119],[28.1122,-30.6147],[28.1188,-30.6227],[28.1163,-30.6348],[28.1175,-30.6402],[28.1214,-30.6434],[28.1236,-30.6493],[28.1238,-30.6592],[28.1232,-30.6634],[28.1177,-30.6687],[28.1136,-30.6756],[28.0846,-30.654],[28.0524,-30.6581],[28.0037,-30.659],[27.9917,-30.6509],[27.9775,-30.655],[27.9405,-30.6441],[27.9405,-30.6397],[27.9335,-30.6332],[27.933,-30.6275],[27.9266,-30.6231],[27.9202,-30.622],[27.9224,-30.6092],[27.9184,-30.6026],[27.9155,-30.6013],[27.9069,-30.6044],[27.9032,-30.6029],[27.8985,-30.6072],[27.8896,-30.6052],[27.8812,-30.6137],[27.8607,-30.6142],[27.8553,-30.6158],[27.8304,-30.6137],[27.8253,-30.6151],[27.8165,-30.6149],[27.8142,-30.6163],[27.8058,-30.6155],[27.7955,-30.6191],[27.7922,-30.6176],[27.787,-30.6189],[27.7855,-30.6173],[27.7817,-30.6173],[27.7736,-30.6143],[27.7699,-30.6111],[27.7685,-30.612],[27.7645,-30.6105],[27.7589,-30.6068],[27.7539,-30.6056],[27.7483,-30.6062],[27.7419,-30.6039],[27.735,-30.5907],[27.7302,-30.5896],[27.7207,-30.5791],[27.7164,-30.5686],[27.7021,-30.5645],[27.7005,-30.5612],[27.6943,-30.5587],[27.6939,-30.5554],[27.6973,-30.553],[27.6953,-30.5501],[27.6916,-30.5486],[27.6934,-30.5448],[27.6904,-30.5408],[27.6868,-30.54],[27.6796,-30.5345],[27.6726,-30.5354],[27.6651,-30.5254],[27.6576,-30.5225],[27.6573,-30.5192],[27.6531,-30.5174],[27.6459,-30.5197],[27.6453,-30.517],[27.6392,-30.5157],[27.6369,-30.5131],[27.6246,-30.507],[27.6209,-30.5021],[27.6219,-30.4993],[27.6199,-30.4937],[27.6147,-30.4967],[27.6097,-30.4956],[27.6071,-30.4919],[27.6119,-30.4911],[27.6151,-30.4882],[27.615,-30.4777],[27.6089,-30.4709],[27.6038,-30.4585],[27.5976,-30.4573],[27.6043,-30.4499],[27.6037,-30.448],[27.6012,-30.4466],[27.5932,-30.4503],[27.5874,-30.4499],[27.5851,-30.4485],[27.5724,-30.4481],[27.5673,-30.4448],[27.5644,-30.4345],[27.5715,-30.4302],[27.5714,-30.4286],[27.5601,-30.4155],[27.5531,-30.4012],[27.5388,-30.3931],[27.5334,-30.3841],[27.5204,-30.3833],[27.512,-30.3871],[27.5069,-30.3876],[27.5007,-30.3781],[27.5021,-30.3718],[27.4945,-30.3745],[27.4894,-30.3734],[27.49,-30.366],[27.4883,-30.3629],[27.4812,-30.3604],[27.4744,-30.355],[27.4769,-30.3483],[27.4745,-30.333],[27.4758,-30.323],[27.4741,-30.3205],[27.4646,-30.314],[27.4536,-30.3136],[27.4382,-30.3232],[27.4203,-30.3241],[27.4112,-30.3317],[27.3924,-30.3398],[27.3827,-30.3367],[27.3808,-30.3292],[27.3774,-30.3271],[27.3627,-30.3237],[27.3511,-30.329],[27.3489,-30.3324],[27.3534,-30.3359],[27.3583,-30.3358],[27.3664,-30.3387],[27.367,-30.3452],[27.3629,-30.3552],[27.3683,-30.3709],[27.3721,-30.3746],[27.3787,-30.3745],[27.3799,-30.3619],[27.3834,-30.3583],[27.3914,-30.3575],[27.3967,-30.3611],[27.3959,-30.3703],[27.4029,-30.3804],[27.4019,-30.385],[27.4035,-30.3924],[27.3832,-30.4013],[27.3809,-30.4064],[27.3769,-30.4088],[27.3734,-30.4053],[27.366,-30.403],[27.3522,-30.4011],[27.3446,-30.3973],[27.3389,-30.3983],[27.3391,-30.4035],[27.3346,-30.4121],[27.3319,-30.4157],[27.3236,-30.4177],[27.3242,-30.4232],[27.3338,-30.4294],[27.3407,-30.431],[27.3615,-30.4253],[27.3684,-30.4334],[27.3687,-30.437],[27.3556,-30.4431],[27.3479,-30.4492],[27.3396,-30.4506],[27.3235,-30.4467],[27.311,-30.4411],[27.3049,-30.4413],[27.3006,-30.4437],[27.2935,-30.4552],[27.296,-30.4616],[27.2991,-30.4639],[27.3148,-30.469],[27.3211,-30.4756],[27.3261,-30.4783],[27.3284,-30.4834],[27.3243,-30.4877],[27.3064,-30.4906],[27.2984,-30.4946],[27.3012,-30.5016],[27.3007,-30.5088],[27.2985,-30.5116],[27.2964,-30.5122],[27.2902,-30.5103],[27.2833,-30.5031],[27.2747,-30.5022],[27.2665,-30.5063],[27.2622,-30.5037],[27.2511,-30.5025],[27.2482,-30.4953],[27.2481,-30.4868],[27.2456,-30.4818],[27.2448,-30.4807],[27.2395,-30.4806],[27.2331,-30.4848],[27.2336,-30.4933],[27.2295,-30.4992],[27.2297,-30.5096],[27.2283,-30.5107],[27.2215,-30.5104],[27.2197,-30.5086],[27.2183,-30.5055],[27.219,-30.4923],[27.2154,-30.4876],[27.2128,-30.487],[27.2099,-30.489],[27.2095,-30.4935],[27.2057,-30.5006],[27.206,-30.5074],[27.1864,-30.5246],[27.1763,-30.5199],[27.1697,-30.5123],[27.1611,-30.5142],[27.1395,-30.5097],[27.1305,-30.5101],[27.1282,-30.5118],[27.1272,-30.5153],[27.1349,-30.5238],[27.138,-30.5322],[27.1327,-30.538],[27.1213,-30.5409],[27.1135,-30.5534],[27.1061,-30.5583],[27.0963,-30.5537],[27.0913,-30.5477],[27.0871,-30.5393],[27.089,-30.5305],[27.0853,-30.5281],[27.065,-30.5297],[27.0427,-30.537],[27.0349,-30.5374],[27.0274,-30.5343],[27.0226,-30.5375],[27.0129,-30.5363],[27.0057,-30.5373],[27.0024,-30.5398],[26.9981,-30.5487],[27.0004,-30.5534],[27.0054,-30.5579],[27.0178,-30.5613],[27.0265,-30.5786],[27.0392,-30.5791],[27.0415,-30.5815],[27.0426,-30.5876],[27.0337,-30.6007],[27.0279,-30.6046],[27.0138,-30.6064],[27.0103,-30.6041],[27.0056,-30.5957],[27.0005,-30.5946],[26.9794,-30.5979],[26.9479,-30.6076],[26.9398,-30.6174],[26.933,-30.619],[26.9293,-30.6245],[26.9301,-30.6276],[26.9493,-30.6529],[26.9488,-30.6586],[26.9346,-30.6651],[26.9286,-30.666],[26.918,-30.6651],[26.9031,-30.6689],[26.8962,-30.6671],[26.8862,-30.6594],[26.8787,-30.6596],[26.8758,-30.6649],[26.8773,-30.6737],[26.8761,-30.6781],[26.8727,-30.6813],[26.8636,-30.6841],[26.8543,-30.6848],[26.8443,-30.6826],[26.8388,-30.6694],[26.8283,-30.6596],[26.8141,-30.6427],[26.8053,-30.6394],[26.7761,-30.6484],[26.7687,-30.6555],[26.762,-30.658],[26.7516,-30.6662],[26.7366,-30.6646],[26.7257,-30.6664],[26.7091,-30.684],[26.7031,-30.6869],[26.6932,-30.6879],[26.6857,-30.686],[26.6807,-30.6785],[26.6773,-30.6683],[26.6753,-30.6675],[26.6698,-30.6706],[26.6608,-30.6853],[26.6535,-30.6901],[26.6396,-30.6936],[26.6295,-30.6939],[26.6253,-30.6912],[26.6249,-30.6832],[26.6278,-30.6782],[26.6365,-30.6728],[26.629,-30.6617],[26.6078,-30.664],[26.5909,-30.6626],[26.5755,-30.6668],[26.5579,-30.6641],[26.5512,-30.6618],[26.5217,-30.6402],[26.5105,-30.636],[26.5042,-30.6318],[26.4834,-30.6296],[26.4809,-30.627],[26.4807,-30.6213],[26.4857,-30.6131],[26.49,-30.6],[26.4894,-30.5938],[26.4873,-30.5916],[26.4789,-30.5893],[26.4606,-30.5783],[26.4491,-30.5693],[26.4293,-30.5655],[26.4179,-30.5663],[26.4016,-30.5716],[26.3956,-30.5778],[26.3897,-30.5815],[26.3719,-30.5818],[26.3616,-30.5928],[26.356,-30.595],[26.344,-30.5936],[26.3164,-30.5825],[26.3091,-30.584],[26.291,-30.5918],[26.2802,-30.5896],[26.2768,-30.5855],[26.2804,-30.5814],[26.2805,-30.5781],[26.2696,-30.5715],[26.2653,-30.5663],[26.265,-30.5494],[26.2631,-30.543],[26.2562,-30.5394],[26.2298,-30.5354],[26.2186,-30.5316],[26.206,-30.5336],[26.1973,-30.5316],[26.1938,-30.528],[26.1962,-30.5129],[26.1941,-30.5038],[26.1794,-30.4912],[26.1626,-30.4835],[26.1518,-30.4835],[26.1455,-30.4853],[26.1357,-30.4924],[26.1301,-30.5001],[26.1301,-30.5049],[26.1319,-30.5074],[26.1367,-30.5098],[26.1435,-30.5104],[26.1487,-30.5175],[26.1494,-30.5359],[26.1463,-30.5389],[26.1421,-30.5402],[26.1341,-30.5406],[26.1182,-30.5354],[26.1084,-30.5214],[26.0974,-30.5165],[26.0696,-30.5235],[26.052,-30.5227],[26.0295,-30.5321],[25.9991,-30.5369],[25.977,-30.5382],[25.9552,-30.5471],[25.9438,-30.5569],[25.9406,-30.5649],[25.9413,-30.5796],[25.9377,-30.5836],[25.931,-30.585],[25.9257,-30.5836],[25.923,-30.5813],[25.9227,-30.579],[25.9268,-30.5713],[25.9238,-30.5643],[25.9032,-30.5432],[25.8952,-30.5406],[25.8856,-30.5438],[25.8792,-30.549],[25.8726,-30.5581],[25.8718,-30.5622],[25.8748,-30.5728],[25.892,-30.5968],[25.8932,-30.6045],[25.891,-30.6103],[25.8873,-30.6122],[25.8724,-30.6107],[25.8606,-30.6129],[25.8562,-30.6175],[25.8512,-30.6293],[25.8467,-30.6336],[25.8338,-30.6324],[25.819,-30.635],[25.8003,-30.6347],[25.793,-30.6371],[25.7831,-30.6452],[25.7808,-30.649],[25.7791,-30.6566],[25.7789,-30.6759],[25.7769,-30.6816],[25.7715,-30.686],[25.7642,-30.6885],[25.7568,-30.6875],[25.7497,-30.6825],[25.7166,-30.6825],[25.7006,-30.6796],[25.6932,-30.6761],[25.6797,-30.6662],[25.6801,-30.6598],[25.6854,-30.6506],[25.6853,-30.6471],[25.6755,-30.6401],[25.6716,-30.6409],[25.654,-30.6524],[25.6417,-30.6577],[25.6298,-30.6593],[25.6191,-30.6581],[25.6137,-30.656],[25.6101,-30.653],[25.6094,-30.6498],[25.623,-30.6324],[25.6248,-30.6243],[25.617,-30.6189],[25.609,-30.6072],[25.6031,-30.5944],[25.5967,-30.5904],[25.5901,-30.5911],[25.5738,-30.6095],[25.5623,-30.6163],[25.5563,-30.6166],[25.5343,-30.6131],[25.5256,-30.6139],[25.5169,-30.617],[25.5037,-30.625],[25.4878,-30.6292],[25.4841,-30.6319],[25.4746,-30.635],[25.4682,-30.6326],[25.4671,-30.6242],[25.4625,-30.6281],[25.4565,-30.637],[25.4585,-30.6575],[25.4604,-30.6608],[25.4713,-30.6667],[25.4698,-30.6688],[25.4719,-30.6729],[25.4633,-30.6777],[25.4602,-30.6833],[25.4638,-30.6894],[25.4665,-30.7098],[25.4625,-30.7155],[25.4623,-30.7221],[25.4739,-30.7231],[25.4764,-30.7282],[25.4772,-30.7385],[25.4739,-30.7437],[25.4799,-30.7598],[25.4802,-30.7789],[25.4864,-30.7845],[25.505,-30.7836],[25.5084,-30.7888],[25.5249,-30.7964],[25.5479,-30.7898],[25.5493,-30.791],[25.5216,-30.8332],[25.4852,-30.8498],[25.4713,-30.8698],[25.5006,-30.888],[25.5084,-30.8982],[25.5165,-30.9026],[25.5178,-30.9015],[25.514,-30.9215],[25.5104,-30.9284],[25.5046,-30.933],[25.5083,-30.9422],[25.5064,-30.9503],[25.5109,-30.9557],[25.4931,-30.9677],[25.475,-30.9839],[25.4758,-30.9912],[25.4848,-31.0063],[25.5016,-31.0074],[25.4868,-31.0369],[25.4638,-31.0547],[25.4532,-31.0542],[25.4388,-31.0615],[25.4543,-31.0793],[25.4464,-31.1002],[25.4156,-31.1344],[25.3982,-31.1307],[25.3846,-31.151],[25.3778,-31.1989],[25.3825,-31.2045],[25.3862,-31.2178],[25.3688,-31.226],[25.3544,-31.236],[25.2906,-31.2135],[25.2849,-31.2234],[25.2682,-31.2208],[25.2693,-31.2144],[25.225,-31.1952],[25.2238,-31.1923],[25.2197,-31.1904],[25.211,-31.1921],[25.2044,-31.2017],[25.2096,-31.2047],[25.2048,-31.2151],[25.1983,-31.2155],[25.1924,-31.2134],[25.1791,-31.2222],[25.1771,-31.2346],[25.1705,-31.2392],[25.1552,-31.2312],[25.1527,-31.2431],[25.1307,-31.2394],[25.1152,-31.2463],[25.1008,-31.2595],[25.0844,-31.2623],[25.0735,-31.2533],[25.0585,-31.2694],[25.0445,-31.2661],[25.0056,-31.2631],[24.9605,-31.2855],[24.9487,-31.2984],[24.942,-31.3151],[24.9336,-31.3204],[24.9234,-31.3135],[24.9002,-31.3167],[24.8988,-31.3137],[24.853,-31.3282],[24.8614,-31.3563],[24.8629,-31.3736],[24.8602,-31.374],[24.8461,-31.3656],[24.8255,-31.3565],[24.7887,-31.3895],[24.7243,-31.3999],[24.7106,-31.4095],[24.7048,-31.4006],[24.665,-31.3837],[24.5961,-31.3992],[24.5672,-31.4186],[24.5676,-31.4271],[24.5589,-31.4818],[24.5413,-31.4868],[24.5194,-31.4979],[24.533,-31.5098],[24.5246,-31.5454],[24.5039,-31.5684],[24.523,-31.6037],[24.5173,-31.6446],[24.5141,-31.705],[24.5063,-31.7068],[24.4699,-31.7065],[24.4413,-31.7126],[24.4126,-31.6885],[24.4233,-31.7116],[24.3407,-31.7138],[24.3247,-31.7241],[24.3224,-31.7418],[24.3153,-31.7501],[24.3016,-31.7583],[24.285,-31.7652],[24.2688,-31.7559],[24.2683,-31.7667],[24.2484,-31.7604],[24.2402,-31.752],[24.226,-31.7474],[24.1616,-31.7401],[24.1474,-31.7673],[24.1525,-31.7886],[24.1543,-31.7983],[24.1837,-31.8133],[24.1797,-31.8194],[24.1598,-31.8231],[24.1548,-31.8225],[24.1533,-31.8549],[24.1236,-31.8472],[24.1083,-31.8861],[24.1048,-31.8868],[24.1054,-31.9069],[24.1386,-31.9054],[24.1468,-31.9027],[24.1466,-31.8968],[24.1642,-31.9024],[24.1972,-31.9235],[24.1912,-31.9268],[24.188,-31.9336],[24.1998,-31.9426],[24.2054,-31.9417],[24.2224,-31.9556],[24.183,-31.9959],[24.1937,-32.0048],[24.1878,-32.0082],[24.1894,-32.0122],[24.1749,-32.0126],[24.1745,-32.0199],[24.1409,-32.0117],[24.1286,-32.0413],[24.1411,-32.0514],[24.1348,-32.0602],[24.1233,-32.0559],[24.1119,-32.0616],[24.1126,-32.07],[24.1044,-32.0676],[24.1029,-32.0699],[24.0979,-32.0852],[24.0979,-32.1108],[24.1097,-32.0843],[24.1354,-32.0979],[24.1355,-32.1231],[24.1304,-32.132],[24.1176,-32.1352],[24.1022,-32.1488],[24.1129,-32.1509],[24.1001,-32.164],[24.0882,-32.1638],[24.0692,-32.1601],[24.038,-32.1581],[24.0441,-32.1819],[24.0305,-32.1935],[23.9858,-32.1978],[23.9845,-32.1964],[23.9847,-32.1984],[23.9611,-32.2065],[23.953,-32.2165],[23.9354,-32.2319],[23.921,-32.2334],[23.8923,-32.2549],[23.8645,-32.249],[23.8511,-32.2425],[23.7979,-32.1941],[23.7662,-32.1787],[23.7471,-32.2007],[23.7261,-32.2084],[23.7082,-32.2192],[23.6924,-32.2335],[23.6705,-32.2377],[23.6489,-32.298],[23.6569,-32.3039],[23.6784,-32.3291],[23.6651,-32.3442],[23.5918,-32.3408],[23.5555,-32.3354],[23.5236,-32.3288],[23.449,-32.3233],[23.4247,-32.3562],[23.4099,-32.3892],[23.3493,-32.3644],[23.3331,-32.3511],[23.3073,-32.3959],[23.2872,-32.4042],[23.2721,-32.4007],[23.2216,-32.425],[23.2475,-32.4653],[23.2445,-32.5132],[23.2882,-32.5512],[23.3073,-32.6116],[23.3013,-32.6518],[23.2696,-32.6715],[23.3329,-32.7036],[23.3535,-32.7294],[23.3516,-32.7638],[23.3977,-32.7635],[23.3786,-32.825],[23.3052,-32.8095],[23.2504,-32.7886],[23.2011,-32.7854],[23.1875,-32.7674],[23.1493,-32.7667],[23.0893,-32.7992],[23.1164,-32.858],[23.098,-32.8737],[23.0074,-32.8728],[23.0037,-32.8983],[22.9488,-32.95],[22.9693,-32.9934],[22.9352,-33.013],[22.9341,-33.0217],[22.9578,-33.0451],[22.9553,-33.0731],[22.8923,-33.1416],[22.8772,-33.1869],[22.8402,-33.2202],[22.7903,-33.3073],[22.7739,-33.309],[22.7734,-33.3263],[22.7393,-33.324],[22.7357,-33.3948],[22.7845,-33.4155],[22.7744,-33.4197],[22.8303,-33.4191],[22.9348,-33.4291],[23.0664,-33.4003],[23.1129,-33.4008],[23.1348,-33.3876],[23.1954,-33.3862],[23.2971,-33.3886],[23.318,-33.4065],[23.3641,-33.4618],[23.3549,-33.4412],[23.3738,-33.4454],[23.3934,-33.4457],[23.4233,-33.442],[23.4676,-33.4481],[23.4956,-33.4434],[23.5142,-33.4627],[23.579,-33.4847],[23.5786,-33.4857],[23.604,-33.4964],[23.6061,-33.5034],[23.6001,-33.5275],[23.5962,-33.5725],[23.6168,-33.5696],[23.6199,-33.5915],[23.675,-33.6259],[23.6704,-33.6726],[23.6288,-33.6693],[23.5859,-33.6727],[23.5565,-33.6515],[23.5555,-33.673],[23.5417,-33.683],[23.5413,-33.6995],[23.4754,-33.7177],[23.4399,-33.7174],[23.4301,-33.7618],[23.395,-33.7926],[23.417,-33.7947],[23.4277,-33.7991],[23.4542,-33.8032],[23.468,-33.8075],[23.4891,-33.8075],[23.488,-33.7915],[23.5179,-33.7856],[23.5188,-33.7821],[23.5573,-33.7934],[23.554,-33.7964],[23.5619,-33.8289],[23.6081,-33.8329],[23.6203,-33.8432],[23.7033,-33.8641],[23.7006,-33.8674],[23.6943,-33.868],[23.6881,-33.879],[23.683,-33.884],[23.671,-33.8835],[23.6692,-33.8854],[23.6666,-33.8847],[23.658,-33.8877],[23.6559,-33.8868],[23.6516,-33.8927],[23.6474,-33.8928],[23.6488,-33.8945],[23.6476,-33.8967],[23.6493,-33.897],[23.6497,-33.8989],[23.6569,-33.9022],[23.655,-33.9037],[23.6577,-33.9048],[23.6568,-33.9069],[23.6523,-33.9096],[23.6399,-33.9097],[23.6374,-33.913],[23.6428,-33.9198],[23.6432,-33.9223],[23.64,-33.9242],[23.644,-33.9275],[23.6447,-33.9307],[23.6432,-33.9319],[23.6399,-33.931],[23.6406,-33.9332],[23.637,-33.9347],[23.6385,-33.9372],[23.6351,-33.94],[23.6346,-33.9521],[23.6377,-33.9552],[23.6409,-33.9548],[23.6459,-33.9624],[23.6444,-33.9638],[23.6475,-33.9727],[23.6454,-33.9758],[23.6475,-33.9772],[23.647,-33.9806],[23.6448,-33.9896],[23.6628,-33.9912],[23.7385,-34.0056],[23.7489,-34.0067],[23.7518,-34.0052],[23.7643,-34.012],[23.7675,-34.0109],[23.7772,-34.0148],[23.7855,-34.0145],[23.7995,-34.0185],[23.8035,-34.0165],[23.8465,-34.0271],[23.877,-34.0285],[23.8923,-34.0329],[23.8982,-34.0313],[23.903,-34.0269],[23.9033,-34.0291],[23.9115,-34.0308],[23.9321,-34.033],[23.9935,-34.0442],[24.0035,-34.0437],[24.0197,-34.0464],[24.0246,-34.0458],[24.0362,-34.0487],[24.0421,-34.0478],[24.0481,-34.0501],[24.074,-34.0544],[24.0777,-34.0528],[24.0827,-34.0553],[24.1133,-34.0592],[24.1187,-34.0608],[24.12,-34.0625],[24.1266,-34.0607],[24.1295,-34.058],[24.1388,-34.0602],[24.1482,-34.0595],[24.1617,-34.0639],[24.1655,-34.0625],[24.1742,-34.0658],[24.1828,-34.0645],[24.1897,-34.0671],[24.1936,-34.066],[24.1938,-34.06],[24.196,-34.0605],[24.2005,-34.0651],[24.2052,-34.0657],[24.2074,-34.0693],[24.215,-34.071],[24.2154,-34.0731],[24.22,-34.0726],[24.2202,-34.0738],[24.2216,-34.0718],[24.2336,-34.0778],[24.2411,-34.0776],[24.2428,-34.08],[24.2443,-34.0782],[24.2496,-34.083],[24.2636,-34.0848],[24.2691,-34.0875],[24.2726,-34.0868],[24.284,-34.0921],[24.2929,-34.0928],[24.2971,-34.095],[24.299,-34.0979],[24.302,-34.0977],[24.3103,-34.1018],[24.3182,-34.1012],[24.3227,-34.1032],[24.3283,-34.1034],[24.3395,-34.1019],[24.3461,-34.1034],[24.3511,-34.1019],[24.3543,-34.104],[24.361,-34.1035],[24.3634,-34.1048],[24.373,-34.1025],[24.3767,-34.1037],[24.3819,-34.1031],[24.3817,-34.1046],[24.3898,-34.109],[24.3913,-34.1086],[24.3919,-34.1105],[24.396,-34.1112],[24.4017,-34.1172],[24.4097,-34.1182],[24.4275,-34.1273],[24.4394,-34.1363],[24.4386,-34.138],[24.4411,-34.1383],[24.4399,-34.1399],[24.4465,-34.1449],[24.4594,-34.151],[24.4735,-34.1611],[24.4913,-34.1676],[24.5002,-34.1668],[24.5016,-34.1688],[24.5122,-34.1725],[24.518,-34.1693],[24.5321,-34.1733],[24.5332,-34.1725],[24.5418,-34.1745],[24.5462,-34.1735],[24.5471,-34.175],[24.5521,-34.1762],[24.5588,-34.176],[24.5582,-34.1769],[24.5642,-34.1789],[24.5667,-34.1813],[24.5718,-34.1817],[24.5793,-34.1855],[24.5822,-34.1846],[24.5872,-34.1863],[24.5886,-34.1853],[24.5898,-34.1874],[24.5991,-34.1879],[24.6087,-34.1914],[24.6099,-34.1909],[24.6068,-34.1885],[24.6064,-34.1837],[24.6087,-34.1804],[24.6155,-34.1758],[24.632,-34.1723],[24.6464,-34.173],[24.659,-34.1749],[24.6799,-34.1842],[24.6851,-34.1838],[24.6849,-34.1861],[24.6881,-34.1879],[24.692,-34.1879],[24.6939,-34.1902],[24.6997,-34.1907],[24.7012,-34.1891],[24.7144,-34.1937],[24.7164,-34.1909],[24.7229,-34.1876],[24.7336,-34.1862],[24.7527,-34.1921],[24.7611,-34.1962],[24.764,-34.1955],[24.7647,-34.1974],[24.7668,-34.1969],[24.769,-34.1985],[24.7766,-34.1971],[24.7783,-34.1994],[24.7864,-34.2003],[24.7902,-34.1976],[24.7948,-34.1974],[24.8184,-34.2079],[24.8243,-34.2086],[24.8273,-34.2112],[24.8371,-34.2139],[24.8379,-34.2091],[24.8339,-34.2051],[24.8359,-34.2008],[24.8399,-34.1973],[24.851,-34.1939],[24.8714,-34.1967],[24.8599,-34.1891],[24.859,-34.1867],[24.8511,-34.1833],[24.844,-34.1782],[24.8323,-34.1679],[24.8429,-34.1417],[24.8489,-34.1389],[24.8654,-34.1231],[24.8852,-34.111],[24.9076,-34.0869],[24.9128,-34.0859],[24.9224,-34.0798],[24.9213,-34.0777],[24.923,-34.0677],[24.9273,-34.0604],[24.9251,-34.0535],[24.934,-34.0335],[24.9291,-34.0242],[24.9284,-34.0148],[24.939,-34.0039],[24.9667,-33.9887],[24.9888,-33.9802],[25.017,-33.9731],[25.0228,-33.9733],[25.0313,-33.9704],[25.0779,-33.9647],[25.1058,-33.9627],[25.1541,-33.9628],[25.2034,-33.9675],[25.2546,-33.978],[25.3055,-33.993],[25.3106,-33.9967],[25.3451,-34.0117],[25.3513,-34.0156],[25.3618,-34.0194],[25.3817,-34.0229],[25.3926,-34.0285],[25.3948,-34.0313],[25.4078,-34.0358],[25.4115,-34.0338],[25.4151,-34.0348],[25.4186,-34.0334],[25.4221,-34.0345],[25.4321,-34.0337],[25.4402,-34.0354],[25.4522,-34.0309],[25.4681,-34.0294],[25.4823,-34.0337],[25.491,-34.0338],[25.4979,-34.036],[25.5049,-34.0347],[25.5122,-34.0382],[25.5198,-34.0363],[25.5371,-34.0425],[25.5434,-34.0418],[25.5496,-34.0443],[25.5702,-34.0456],[25.5809,-34.0508],[25.5913,-34.0505],[25.5927,-34.0481],[25.5991,-34.0483],[25.6085,-34.0451],[25.621,-34.0466],[25.6281,-34.0494],[25.6291,-34.0463],[25.6342,-34.0465],[25.6393,-34.0422],[25.6389,-34.0399],[25.645,-34.0383],[25.6449,-34.0356],[25.6461,-34.0336],[25.6481,-34.0336],[25.6494,-34.0302],[25.6597,-34.0265],[25.6783,-34.0268],[25.6834,-34.0286],[25.6865,-34.0282],[25.6869,-34.0308],[25.704,-34.0319],[25.7027,-34.0302],[25.7044,-34.03],[25.6958,-34.02],[25.6871,-34.0003],[25.6743,-33.9883],[25.672,-33.9836],[25.6614,-33.9813],[25.6476,-33.9753],[25.6445,-33.9632],[25.6359,-33.9683],[25.6323,-33.966],[25.6342,-33.9648],[25.6304,-33.9648],[25.6294,-33.9639],[25.6369,-33.963],[25.6368,-33.9616],[25.631,-33.9621],[25.627,-33.9603],[25.6409,-33.9586],[25.6393,-33.9551],[25.6244,-33.9561],[25.6158,-33.9519],[25.6125,-33.9483],[25.6112,-33.9308],[25.6134,-33.9189],[25.6219,-33.8933],[25.6329,-33.8694],[25.6333,-33.8661],[25.631,-33.8642],[25.6345,-33.8639],[25.6366,-33.8616],[25.6415,-33.8517],[25.6653,-33.8219],[25.6859,-33.8034],[25.704,-33.7905],[25.7392,-33.7705],[25.7492,-33.7669],[25.7623,-33.7597],[25.7712,-33.7526],[25.789,-33.7435],[25.8381,-33.725],[25.9047,-33.7133],[25.9568,-33.7085],[26.0312,-33.7051],[26.0788,-33.7068],[26.1348,-33.7141],[26.1883,-33.7262],[26.2498,-33.7456],[26.2775,-33.7565],[26.2861,-33.7617],[26.2943,-33.7635],[26.3241,-33.7679],[26.3411,-33.765],[26.3521,-33.7613],[26.3802,-33.7594],[26.4241,-33.7639],[26.4462,-33.77],[26.4684,-33.7734],[26.4703,-33.7714],[26.4773,-33.7699],[26.4848,-33.7656],[26.4972,-33.7657],[26.5026,-33.7623],[26.5258,-33.7548],[26.5432,-33.7526],[26.5481,-33.7499],[26.5497,-33.7506],[26.5585,-33.7483],[26.5596,-33.7462],[26.5727,-33.7394],[26.5783,-33.7332],[26.5941,-33.7228],[26.6109,-33.7193],[26.6206,-33.7183],[26.6219,-33.7199],[26.6259,-33.7191],[26.6255,-33.7177],[26.6288,-33.7163],[26.6312,-33.7105],[26.6397,-33.7081],[26.6427,-33.7035],[26.6481,-33.6998],[26.6626,-33.6945],[26.6666,-33.6966],[26.6837,-33.6832],[26.6936,-33.6811],[26.6969,-33.6819],[26.7001,-33.6798],[26.7002,-33.6766],[26.7046,-33.6719],[26.7236,-33.6656],[26.7311,-33.6615],[26.7355,-33.6559],[26.7423,-33.6529],[26.7664,-33.6463],[26.7812,-33.6449],[26.7854,-33.6426],[26.7949,-33.6415],[26.8247,-33.6324],[26.843,-33.631],[26.8554,-33.6273],[26.8667,-33.6263],[26.8715,-33.6227],[26.878,-33.6207],[26.8823,-33.6158],[26.8894,-33.6144],[26.8916,-33.6091],[26.9029,-33.6041],[26.9015,-33.6019],[26.9045,-33.5993],[26.9189,-33.5955],[26.9287,-33.5859],[26.9352,-33.5836],[26.9372,-33.5815],[26.9483,-33.5782],[26.956,-33.5779],[26.9597,-33.5756],[26.9705,-33.5731],[26.9868,-33.571],[27.0088,-33.5704],[27.0098,-33.566],[27.0154,-33.5619],[27.0428,-33.5543],[27.0418,-33.5478],[27.0431,-33.546],[27.0492,-33.5408],[27.0585,-33.5363],[27.0686,-33.5328],[27.0768,-33.5323],[27.0792,-33.5306],[27.0882,-33.5294],[27.0915,-33.5274],[27.1124,-33.5248],[27.1147,-33.5227],[27.1151,-33.5194],[27.1202,-33.5159],[27.1247,-33.5087],[27.1301,-33.5049],[27.1331,-33.5053],[27.1355,-33.5039],[27.1328,-33.5005],[27.1379,-33.4944],[27.1425,-33.4953],[27.141,-33.4922],[27.1433,-33.4872],[27.1528,-33.4828],[27.1529,-33.4807],[27.1561,-33.4785],[27.1688,-33.4719],[27.1719,-33.4712],[27.1713,-33.4723],[27.1725,-33.4724],[27.1753,-33.4696],[27.1866,-33.4655],[27.1975,-33.463],[27.2091,-33.4628],[27.2156,-33.4599],[27.2212,-33.4528],[27.2264,-33.4491],[27.2266,-33.4452],[27.2288,-33.4421],[27.2428,-33.4319],[27.2663,-33.4217],[27.2981,-33.3998],[27.3182,-33.389],[27.325,-33.3829],[27.3387,-33.379],[27.3554,-33.3639],[27.3761,-33.3567],[27.4021,-33.343],[27.4128,-33.3398],[27.4165,-33.3359],[27.4225,-33.3337],[27.4298,-33.3225],[27.4359,-33.3171],[27.4555,-33.3088],[27.4643,-33.307],[27.4749,-33.3003],[27.4802,-33.2987],[27.4819,-33.2963],[27.4813,-33.2911],[27.4842,-33.2874],[27.4923,-33.2816],[27.4989,-33.2803],[27.5168,-33.2691],[27.5193,-33.266],[27.5206,-33.2663],[27.5213,-33.2615],[27.5282,-33.2563],[27.5748,-33.2359],[27.5821,-33.2285],[27.5823,-33.2254],[27.59,-33.2243],[27.5942,-33.2222],[27.6031,-33.222],[27.6045,-33.2192],[27.611,-33.2166],[27.611,-33.2129],[27.615,-33.2077],[27.6327,-33.2018],[27.6342,-33.2005],[27.6341,-33.1969],[27.6442,-33.1928],[27.6462,-33.1883],[27.6521,-33.1864],[27.6593,-33.1804],[27.6594,-33.1777],[27.6644,-33.1724],[27.6789,-33.1668],[27.6778,-33.1652],[27.6806,-33.1612],[27.6863,-33.1583],[27.6939,-33.1567],[27.7002,-33.1529],[27.7035,-33.1482],[27.7039,-33.1437],[27.7136,-33.1392],[27.7154,-33.1354],[27.7223,-33.1306],[27.7285,-33.121],[27.7368,-33.1172],[27.7434,-33.1161],[27.7475,-33.1118],[27.7625,-33.1052],[27.7735,-33.1025],[27.7833,-33.1022],[27.8056,-33.0892],[27.8166,-33.0865],[27.8203,-33.0874],[27.8244,-33.0863],[27.825,-33.0808],[27.8304,-33.0747],[27.8438,-33.0706],[27.8439,-33.0693],[27.8502,-33.0669],[27.8541,-33.0633],[27.8631,-33.06],[27.8635,-33.0572],[27.871,-33.0556],[27.8881,-33.0452],[27.9019,-33.0435],[27.908,-33.0397],[27.9136,-33.0328],[27.9255,-33.0284],[27.9212,-33.026],[27.9165,-33.0267],[27.9164,-33.024],[27.9214,-33.0186],[27.9226,-33.0116],[27.9334,-33.0051],[27.9424,-33.0024],[27.945,-32.9996],[27.9521,-32.9978],[27.9492,-32.9907],[27.9608,-32.9788],[27.9691,-32.9737],[27.986,-32.9698],[27.9919,-32.9624],[28.0037,-32.9553],[28.0091,-32.9552],[28.0138,-32.9523],[28.0198,-32.951],[28.0272,-32.9438],[28.0346,-32.9427],[28.0325,-32.9346],[28.037,-32.9339],[28.0388,-32.9308],[28.0459,-32.9277],[28.0568,-32.9192],[28.0629,-32.9184],[28.0713,-32.9143],[28.081,-32.9121],[28.0804,-32.91],[28.0755,-32.9074],[28.0852,-32.8977],[28.0899,-32.8964],[28.0916,-32.8926],[28.0938,-32.8912],[28.0962,-32.8931],[28.0972,-32.8895],[28.0997,-32.8879],[28.0987,-32.8855],[28.1009,-32.8844],[28.1005,-32.8793],[28.108,-32.8729],[28.1092,-32.863],[28.1159,-32.8587],[28.1175,-32.8537],[28.1213,-32.8518],[28.1192,-32.8496],[28.1194,-32.8443],[28.117,-32.8395],[28.1172,-32.8305],[28.1392,-32.8073],[28.1557,-32.7961],[28.1708,-32.7891],[28.2292,-32.7739],[28.2346,-32.7705],[28.2392,-32.7705],[28.2459,-32.7651],[28.2504,-32.7657],[28.2574,-32.7595],[28.2639,-32.7602],[28.269,-32.7589],[28.2839,-32.7468],[28.2871,-32.7401],[28.2982,-32.7364],[28.2999,-32.7321],[28.3079,-32.7255],[28.3109,-32.7268],[28.3141,-32.7244],[28.3176,-32.7246],[28.3254,-32.7177],[28.3301,-32.7183],[28.333,-32.7145],[28.3373,-32.7148],[28.3386,-32.7116],[28.3439,-32.7079],[28.3522,-32.7088],[28.3581,-32.7078],[28.3643,-32.7095],[28.3736,-32.7049],[28.3729,-32.6982],[28.3745,-32.6904],[28.3786,-32.6886],[28.3808,-32.6852],[28.3894,-32.6788],[28.3923,-32.6738],[28.3995,-32.6677],[28.408,-32.6636],[28.417,-32.6566],[28.4179,-32.6527],[28.4272,-32.6445],[28.4299,-32.6397],[28.4287,-32.6374],[28.4342,-32.6311],[28.4507,-32.624],[28.4631,-32.6213],[28.4647,-32.622],[28.469,-32.6192],[28.4733,-32.6197],[28.4842,-32.6092],[28.501,-32.6045],[28.5041,-32.6054],[28.51,-32.6042],[28.5185,-32.5982],[28.5228,-32.5933],[28.5276,-32.5816],[28.5392,-32.5751],[28.5516,-32.5726],[28.5529,-32.5705],[28.5522,-32.5673],[28.5556,-32.5611],[28.5533,-32.5567],[28.5554,-32.552],[28.5719,-32.5419],[28.5766,-32.5366],[28.5825,-32.5231],[28.5908,-32.5188],[28.5961,-32.5191],[28.6009,-32.5162],[28.6028,-32.5127],[28.6036,-32.5028],[28.6063,-32.4996],[28.6101,-32.4986],[28.6151,-32.493],[28.6276,-32.4895],[28.6322,-32.4859],[28.6356,-32.4862],[28.6371,-32.4835],[28.6452,-32.4809],[28.6508,-32.4832],[28.6525,-32.4779],[28.6572,-32.4741],[28.6539,-32.4668],[28.6593,-32.458],[28.6655,-32.4531],[28.6697,-32.4528],[28.6705,-32.4487],[28.6768,-32.4481],[28.6802,-32.4442],[28.6856,-32.4414],[28.685,-32.4364],[28.6939,-32.4322],[28.6923,-32.4298],[28.6952,-32.4297],[28.6958,-32.4309],[28.6966,-32.4283],[28.6992,-32.4281],[28.6999,-32.4262],[28.705,-32.4263],[28.7078,-32.4203],[28.7105,-32.4199],[28.7082,-32.4182],[28.7098,-32.4157],[28.7245,-32.405],[28.7252,-32.4011],[28.7264,-32.4021],[28.7358,-32.3994],[28.7439,-32.3952],[28.7444,-32.3964],[28.7471,-32.3923],[28.7481,-32.3854],[28.7512,-32.3828],[28.7523,-32.3779],[28.7512,-32.3743],[28.7595,-32.3707],[28.7631,-32.3655],[28.7726,-32.3606],[28.7774,-32.3536],[28.7784,-32.3494],[28.7845,-32.3453],[28.7849,-32.3427],[28.7901,-32.3391],[28.7919,-32.341],[28.7959,-32.3403],[28.8156,-32.3292],[28.8159,-32.3203],[28.8237,-32.3179],[28.8317,-32.3055],[28.8366,-32.3048],[28.8387,-32.3013],[28.8422,-32.2999],[28.8507,-32.3005],[28.8554,-32.2984],[28.8591,-32.2917],[28.8651,-32.2876],[28.8687,-32.2891],[28.8693,-32.2866],[28.8741,-32.2831],[28.8824,-32.2798],[28.8849,-32.2804],[28.8825,-32.2731],[28.897,-32.2571],[28.8974,-32.2555],[28.896,-32.2548],[28.8983,-32.2515],[28.8978,-32.2452],[28.9001,-32.2448],[28.9019,-32.2466],[28.9081,-32.246],[28.9125,-32.2443],[28.914,-32.242],[28.9205,-32.2408],[28.9205,-32.2358],[28.9246,-32.231],[28.9274,-32.23],[28.926,-32.2268],[28.934,-32.2241],[28.9373,-32.2222],[28.938,-32.2201],[28.943,-32.2187],[28.9433,-32.214],[28.9462,-32.2136],[28.9472,-32.2108],[28.9499,-32.2108],[28.9462,-32.2044],[28.9502,-32.199],[28.9552,-32.1936],[28.9568,-32.1929],[28.9573,-32.1947],[28.9603,-32.1932],[28.9621,-32.1862],[28.9677,-32.1848],[28.9734,-32.1798],[28.9757,-32.1804],[28.9741,-32.1759],[28.9799,-32.1752],[28.9834,-32.1712],[28.9823,-32.1697],[28.9838,-32.1713],[28.9866,-32.1708],[28.9966,-32.1617],[28.9971,-32.1595],[28.9931,-32.1568],[28.9958,-32.157],[29.0007,-32.1514],[29.008,-32.1471],[29.0113,-32.1404],[29.0108,-32.1393],[29.0083,-32.1401],[29.0078,-32.1383],[29.01,-32.1375],[29.0102,-32.1336],[29.0126,-32.1302],[29.0213,-32.1227],[29.021,-32.1208],[29.0311,-32.1189],[29.0326,-32.1171],[29.0313,-32.1125],[29.0337,-32.1154],[29.0394,-32.1144],[29.0393,-32.1132],[29.0457,-32.1085],[29.0455,-32.1063],[29.0513,-32.1031],[29.0613,-32.102],[29.0636,-32.0966],[29.0676,-32.0982],[29.0702,-32.0942],[29.0664,-32.0887],[29.0696,-32.088],[29.0759,-32.0829],[29.0752,-32.0813],[29.0783,-32.0798],[29.0778,-32.078],[29.08,-32.0806],[29.0868,-32.0792],[29.0889,-32.0803],[29.089,-32.077],[29.0869,-32.0751],[29.0887,-32.0726],[29.0868,-32.067],[29.0875,-32.064],[29.0914,-32.0635],[29.0922,-32.0604],[29.0995,-32.0551],[29.1027,-32.0464],[29.1071,-32.0452],[29.1067,-32.0404],[29.1155,-32.0367],[29.1121,-32.0367],[29.1113,-32.0326],[29.1151,-32.0324],[29.1154,-32.0303],[29.1187,-32.0278],[29.1241,-32.0277],[29.1227,-32.0245],[29.1302,-32.0191],[29.1297,-32.0139],[29.1322,-32.0128],[29.132,-32.0053],[29.1343,-32.0034],[29.1371,-32.0032],[29.1358,-31.9959],[29.1425,-31.9917],[29.1466,-31.991],[29.148,-31.9874],[29.1498,-31.9885],[29.1532,-31.9872],[29.1504,-31.9846],[29.1532,-31.9803],[29.1599,-31.9782],[29.163,-31.9723],[29.1672,-31.9718],[29.1679,-31.9659],[29.1782,-31.9595],[29.1832,-31.9538],[29.1818,-31.9519],[29.1913,-31.9481],[29.2006,-31.9478],[29.201,-31.9463],[29.2053,-31.9464],[29.2074,-31.9448],[29.213,-31.945],[29.2168,-31.9395],[29.2164,-31.937],[29.2138,-31.9365],[29.2145,-31.9311],[29.2244,-31.9257],[29.2256,-31.9194],[29.2323,-31.9148],[29.2342,-31.9081],[29.2417,-31.9042],[29.2449,-31.8992],[29.2417,-31.8958],[29.2424,-31.8942],[29.2456,-31.8931],[29.2455,-31.8909],[29.2474,-31.8895],[29.25,-31.8882],[29.2519,-31.8888],[29.2518,-31.8875],[29.2583,-31.8854],[29.2618,-31.8812],[29.2604,-31.8786],[29.2623,-31.8748],[29.2605,-31.8698],[29.2633,-31.8675],[29.2626,-31.8638],[29.2682,-31.8593],[29.2728,-31.8588],[29.2793,-31.8513],[29.2789,-31.8486],[29.2826,-31.848],[29.2845,-31.8439],[29.2865,-31.8438],[29.2903,-31.8402],[29.2916,-31.8352],[29.2965,-31.8314],[29.2985,-31.8319],[29.3028,-31.8281],[29.3011,-31.8263],[29.3063,-31.8252],[29.3088,-31.8214],[29.3144,-31.8178],[29.3148,-31.8153],[29.3199,-31.8132],[29.3204,-31.8105],[29.331,-31.8069],[29.3367,-31.8081],[29.3409,-31.8052],[29.3463,-31.8049],[29.3477,-31.8037],[29.349,-31.7996],[29.345,-31.7942],[29.3471,-31.7918],[29.3498,-31.7927],[29.3547,-31.788],[29.3565,-31.7838],[29.3577,-31.7757],[29.3567,-31.7585],[29.3621,-31.7572],[29.3728,-31.7484],[29.3834,-31.747],[29.3886,-31.7407],[29.3944,-31.7369],[29.403,-31.734],[29.4025,-31.7297],[29.4067,-31.7266],[29.4033,-31.7248],[29.4044,-31.723],[29.4035,-31.7191],[29.4115,-31.7141],[29.4124,-31.7068],[29.4147,-31.705],[29.4163,-31.7054],[29.4172,-31.7002],[29.4207,-31.6959],[29.4246,-31.6961],[29.4252,-31.694],[29.4223,-31.6917],[29.4318,-31.6864],[29.4375,-31.6847],[29.4416,-31.6852],[29.4457,-31.681],[29.4593,-31.6763],[29.4731,-31.6776],[29.4775,-31.6749],[29.4935,-31.6706],[29.4922,-31.6683],[29.4962,-31.6652],[29.5021,-31.6646],[29.502,-31.6621],[29.5062,-31.6558],[29.5142,-31.6557],[29.5204,-31.6484],[29.5242,-31.648],[29.5273,-31.6503],[29.5307,-31.6475],[29.5357,-31.6473],[29.5422,-31.6422],[29.5448,-31.6426],[29.5479,-31.6381],[29.5514,-31.6377],[29.5535,-31.635],[29.5486,-31.6316],[29.5491,-31.628],[29.5557,-31.6232],[29.5827,-31.6088],[29.592,-31.607],[29.5946,-31.6039],[29.597,-31.6039],[29.6028,-31.6],[29.604,-31.5968],[29.6087,-31.5957],[29.6076,-31.5931],[29.6258,-31.5849],[29.6268,-31.5833],[29.6252,-31.5818],[29.6295,-31.577],[29.6302,-31.5729],[29.6335,-31.5709],[29.6334,-31.5678],[29.6365,-31.5638],[29.6531,-31.5562],[29.6622,-31.5483],[29.6655,-31.5519],[29.6702,-31.5492],[29.6787,-31.5394],[29.684,-31.5361],[29.686,-31.5275],[29.6901,-31.5283],[29.6951,-31.5265],[29.7109,-31.5079],[29.7153,-31.4985],[29.7181,-31.496],[29.7218,-31.4956],[29.7227,-31.492],[29.7204,-31.4832],[29.7242,-31.482],[29.7294,-31.4831],[29.7343,-31.4791],[29.7333,-31.4754],[29.7348,-31.4675],[29.7383,-31.4644],[29.7401,-31.4668],[29.7592,-31.4524],[29.765,-31.4528],[29.7665,-31.4511],[29.7641,-31.4494],[29.7696,-31.4491],[29.7701,-31.445],[29.7763,-31.4482],[29.7833,-31.4435],[29.7856,-31.4446],[29.8042,-31.4423],[29.8107,-31.4441],[29.8234,-31.4426],[29.8345,-31.4433],[29.8465,-31.4343],[29.8537,-31.4303],[29.8595,-31.4291],[29.8629,-31.4239],[29.8681,-31.4224],[29.8737,-31.4142],[29.8747,-31.4072],[29.9051,-31.3935],[29.9073,-31.3892],[29.9045,-31.385],[29.9052,-31.3815],[29.9125,-31.3805],[29.9193,-31.3748],[29.9214,-31.3709],[29.9386,-31.3626],[29.9419,-31.3549],[29.958,-31.345],[29.96,-31.34],[29.9646,-31.3353],[29.9645,-31.3293],[29.9685,-31.3278],[29.9688,-31.3255],[29.9666,-31.3246],[29.9653,-31.3208],[29.9708,-31.3186],[29.9727,-31.3198],[29.9752,-31.3193],[29.9821,-31.3161],[29.9847,-31.313],[29.9955,-31.3086],[30.0119,-31.2935],[30.0135,-31.2891],[30.0106,-31.2872],[30.0175,-31.2839],[30.0378,-31.267],[30.0395,-31.2625],[30.0452,-31.2577],[30.0455,-31.2519],[30.0484,-31.2467],[30.0565,-31.2451],[30.0693,-31.2371],[30.0686,-31.2281],[30.0705,-31.2207],[30.0852,-31.2111],[30.0968,-31.1935],[30.1024,-31.1921],[30.1021,-31.1893],[30.0977,-31.1876],[30.1137,-31.1831],[30.1196,-31.178],[30.1268,-31.1665],[30.1269,-31.1642],[30.1235,-31.1625],[30.1552,-31.1393],[30.1585,-31.1273],[30.1615,-31.1252],[30.1628,-31.1209],[30.1722,-31.1163],[30.1743,-31.1124],[30.1742,-31.1056],[30.1816,-31.101],[30.1939,-31.0813]]]}},{"type":"Feature","id":"ZA-FS","properties":{"code":"ZA-FS","name":"Free State","country":"ZA","level":"REGION"},"geometry":{"type":"Polygon","coordinates":[[[27.3774,-30.3271],[27.3773,-30.3248],[27.3839,-30.3199],[27.3869,-30.3241],[27.3909,-30.3222],[27.3918,-30.3189],[27.3853,-30.3108],[27.3877,-30.3082],[27.3944,-30.3105],[27.3952,-30.3077],[27.3934,-30.3036],[27.3835,-30.3043],[27.3799,-30.3002],[27.3892,-30.2934],[27.385,-30.2894],[27.3893,-30.2855],[27.3893,-30.2835],[27.3874,-30.2818],[27.3827,-30.2823],[27.3798,-30.2742],[27.3773,-30.2761],[27.3766,-30.2797],[27.3738,-30.2806],[27.3693,-30.279],[27.3669,-30.2738],[27.3701,-30.2703],[27.3708,-30.2672],[27.3658,-30.2592],[27.3706,-30.2486],[27.3666,-30.2372],[27.3701,-30.2274],[27.3654,-30.218],[27.3678,-30.2133],[27.3738,-30.2071],[27.3753,-30.1985],[27.3713,-30.1978],[27.3682,-30.1922],[27.3709,-30.1899],[27.3818,-30.1947],[27.3862,-30.1933],[27.3862,-30.1826],[27.3811,-30.1808],[27.381,-30.1775],[27.3895,-30.178],[27.3916,-30.1761],[27.3923,-30.167],[27.4017,-30.1637],[27.4014,-30.1584],[27.4091,-30.1555],[27.4101,-30.1521],[27.4045,-30.1498],[27.4073,-30.1445],[27.4021,-30.1391],[27.39,-30.1434],[27.3411,-30.146],[27.336,-30.1478],[27.3269,-30.1481],[27.3229,-30.1399],[27.2965,-30.0561],[27.2909,-30.0503],[27.2685,-30.043],[27.2654,-30.0332],[27.2695,-30.026],[27.2539,-30.0261],[27.2347,-30.0083],[27.2189,-30.01],[27.2241,-30.0058],[27.2229,-29.9968],[27.0966,-29.7299],[27.0833,-29.723],[27.088,-29.7195],[27.0644,-29.7051],[27.0385,-29.677],[27.0284,-29.6711],[27.0243,-29.6661],[27.0195,-29.6667],[27.0196,-29.6642],[27.0133,-29.661],[27.0116,-29.6486],[27.026,-29.642],[27.0281,-29.6388],[27.025,-29.6282],[27.0175,-29.6194],[27.0183,-29.6168],[27.0285,-29.6157],[27.0339,-29.6134],[27.0368,-29.6215],[27.0433,-29.6295],[27.0487,-29.6343],[27.0572,-29.6371],[27.0659,-29.6195],[27.064,-29.6116],[27.0666,-29.6064],[27.0649,-29.5993],[27.0663,-29.5973],[27.0695,-29.5978],[27.0754,-29.6021],[27.0791,-29.6117],[27.0816,-29.6146],[27.0851,-29.6151],[27.0893,-29.6084],[27.0947,-29.6046],[27.1061,-29.603],[27.104,-29.5903],[27.1145,-29.5852],[27.1194,-29.5777],[27.13,-29.5737],[27.1351,-29.5734],[27.1411,-29.5752],[27.1542,-29.561],[27.1587,-29.5596],[27.1651,-29.5625],[27.185,-29.5659],[27.1895,-29.5699],[27.1949,-29.5676],[27.2027,-29.5687],[27.2085,-29.5657],[27.206,-29.5605],[27.2068,-29.5578],[27.2217,-29.5495],[27.2206,-29.5458],[27.2221,-29.5445],[27.2269,-29.5437],[27.2314,-29.5543],[27.2383,-29.5531],[27.2439,-29.5545],[27.2559,-29.5475],[27.2549,-29.5368],[27.2573,-29.5333],[27.2628,-29.5333],[27.2769,-29.5263],[27.2831,-29.528],[27.2891,-29.5334],[27.3018,-29.5325],[27.3059,-29.5335],[27.3042,-29.5211],[27.3014,-29.5175],[27.3002,-29.5123],[27.3051,-29.5062],[27.3043,-29.5003],[27.306,-29.4972],[27.3294,-29.4807],[27.3335,-29.4807],[27.3401,-29.486],[27.3473,-29.488],[27.3611,-29.4858],[27.3635,-29.4786],[27.3567,-29.4666],[27.358,-29.4607],[27.3567,-29.4527],[27.3622,-29.45],[27.3705,-29.4488],[27.3749,-29.4431],[27.3801,-29.4408],[27.3824,-29.4325],[27.3895,-29.4272],[27.3922,-29.4229],[27.3918,-29.4162],[27.3958,-29.4112],[27.404,-29.414],[27.4124,-29.4112],[27.4183,-29.411],[27.4244,-29.4045],[27.4217,-29.3971],[27.4215,-29.3876],[27.4098,-29.3783],[27.4056,-29.3716],[27.4055,-29.3664],[27.4069,-29.3641],[27.4103,-29.3639],[27.4264,-29.3737],[27.43,-29.3742],[27.4323,-29.373],[27.4353,-29.3702],[27.4377,-29.3642],[27.4338,-29.3522],[27.4363,-29.3342],[27.4445,-29.3287],[27.4609,-29.3266],[27.4723,-29.3203],[27.472,-29.3181],[27.4647,-29.3135],[27.4636,-29.3076],[27.457,-29.3054],[27.4546,-29.2977],[27.4619,-29.2963],[27.4656,-29.2941],[27.4717,-29.2953],[27.4807,-29.2936],[27.4844,-29.2965],[27.4846,-29.3018],[27.4893,-29.302],[27.4917,-29.3004],[27.4902,-29.2941],[27.4941,-29.2898],[27.4949,-29.284],[27.4997,-29.2844],[27.5051,-29.2822],[27.5105,-29.2832],[27.5145,-29.2819],[27.5202,-29.2762],[27.525,-29.2661],[27.5409,-29.2599],[27.5462,-29.2525],[27.5476,-29.2464],[27.542,-29.2414],[27.5338,-29.2402],[27.5304,-29.237],[27.5251,-29.2409],[27.5223,-29.2407],[27.5205,-29.2385],[27.5243,-29.2346],[27.5247,-29.2317],[27.52,-29.2269],[27.5147,-29.2255],[27.5149,-29.2244],[27.5254,-29.217],[27.5296,-29.2194],[27.535,-29.2175],[27.5406,-29.206],[27.5456,-29.2037],[27.5514,-29.1962],[27.5559,-29.1939],[27.5651,-29.1925],[27.5671,-29.1876],[27.5748,-29.1848],[27.5767,-29.1823],[27.5782,-29.1717],[27.5806,-29.1663],[27.5906,-29.1661],[27.5929,-29.1695],[27.5964,-29.1711],[27.6002,-29.1685],[27.6063,-29.1677],[27.6142,-29.1642],[27.6171,-29.1575],[27.6169,-29.1523],[27.6026,-29.1401],[27.6014,-29.1371],[27.6109,-29.1335],[27.6183,-29.1353],[27.6331,-29.1315],[27.6358,-29.1234],[27.6309,-29.1198],[27.6327,-29.1152],[27.6379,-29.1151],[27.6442,-29.1186],[27.6463,-29.1177],[27.6508,-29.1091],[27.65,-29.105],[27.6524,-29.1012],[27.6484,-29.0956],[27.6512,-29.0909],[27.647,-29.0856],[27.64,-29.0855],[27.6405,-29.0816],[27.6497,-29.0783],[27.6552,-29.0815],[27.6576,-29.0853],[27.6609,-29.0862],[27.6659,-29.0778],[27.6726,-29.0793],[27.6755,-29.0773],[27.6771,-29.0736],[27.6746,-29.0701],[27.6765,-29.0668],[27.6749,-29.0651],[27.6674,-29.0636],[27.6599,-29.0557],[27.6548,-29.0614],[27.6521,-29.0614],[27.6526,-29.0563],[27.6446,-29.0562],[27.6414,-29.0458],[27.6473,-29.0442],[27.6484,-29.0423],[27.6512,-29.0415],[27.6551,-29.0468],[27.6588,-29.0487],[27.6613,-29.0465],[27.673,-29.044],[27.6756,-29.0389],[27.675,-29.0333],[27.6698,-29.0296],[27.6701,-29.0273],[27.6748,-29.026],[27.6812,-29.0284],[27.6816,-29.024],[27.6859,-29.0251],[27.688,-29.0232],[27.6809,-29.0164],[27.6824,-29.0066],[27.6851,-29.0036],[27.6922,-29.0049],[27.7056,-29.0116],[27.711,-29.0118],[27.7136,-29.0101],[27.717,-29.0003],[27.7145,-28.9974],[27.7163,-28.9916],[27.7096,-28.9906],[27.7074,-28.9824],[27.7084,-28.9813],[27.7168,-28.9824],[27.7229,-28.9756],[27.725,-28.9674],[27.7201,-28.963],[27.721,-28.9576],[27.7255,-28.9564],[27.7257,-28.9529],[27.7231,-28.9516],[27.7231,-28.9494],[27.7282,-28.9506],[27.7296,-28.9466],[27.7351,-28.9445],[27.7393,-28.9377],[27.7426,-28.9422],[27.7459,-28.9419],[27.7428,-28.9375],[27.7435,-28.9357],[27.7473,-28.9386],[27.7483,-28.9417],[27.76,-28.9414],[27.7619,-28.938],[27.7569,-28.9342],[27.7616,-28.9303],[27.7656,-28.9241],[27.7667,-28.917],[27.7624,-28.9125],[27.7569,-28.9125],[27.7549,-28.9084],[27.754,-28.8973],[27.7628,-28.8975],[27.7773,-28.9069],[27.7868,-28.9095],[27.7934,-28.9092],[27.7918,-28.9146],[27.7983,-28.9184],[27.8078,-28.917],[27.8163,-28.9211],[27.8268,-28.9127],[27.8315,-28.9127],[27.8294,-28.9087],[27.8299,-28.9035],[27.8398,-28.9153],[27.848,-28.9096],[27.8476,-28.9038],[27.8515,-28.903],[27.8541,-28.9097],[27.8585,-28.9104],[27.8594,-28.914],[27.864,-28.9136],[27.8689,-28.9198],[27.8795,-28.9173],[27.8835,-28.9148],[27.8884,-28.9167],[27.8909,-28.9144],[27.8912,-28.9106],[27.8963,-28.9085],[27.8982,-28.9024],[27.8978,-28.8976],[27.9001,-28.8941],[27.8978,-28.8903],[27.893,-28.8909],[27.8878,-28.8884],[27.8931,-28.8792],[27.9,-28.8785],[27.9086,-28.8816],[27.92,-28.8775],[27.9201,-28.8719],[27.9158,-28.8662],[27.9187,-28.8603],[27.9211,-28.859],[27.9274,-28.8619],[27.9267,-28.8568],[27.9298,-28.8529],[27.9385,-28.8523],[27.9384,-28.8483],[27.9483,-28.8525],[27.9554,-28.8582],[27.9618,-28.8596],[27.9625,-28.8656],[27.9658,-28.871],[27.97,-28.8743],[27.984,-28.8769],[27.9906,-28.883],[27.9921,-28.8804],[27.9871,-28.877],[27.9935,-28.8761],[27.9941,-28.8727],[27.9958,-28.872],[27.9999,-28.8774],[28.0022,-28.8765],[28.0048,-28.8716],[28.0076,-28.8727],[28.0131,-28.8799],[28.0184,-28.8757],[28.0247,-28.8741],[28.0289,-28.8791],[28.0303,-28.8766],[28.0286,-28.8735],[28.0341,-28.8742],[28.0309,-28.8721],[28.0325,-28.8676],[28.0282,-28.8667],[28.0303,-28.8649],[28.0297,-28.8598],[28.0257,-28.8624],[28.024,-28.8594],[28.0285,-28.8556],[28.0315,-28.856],[28.0361,-28.8499],[28.0405,-28.8506],[28.0413,-28.8463],[28.0447,-28.8455],[28.0478,-28.8417],[28.0515,-28.8441],[28.0545,-28.8414],[28.0543,-28.8348],[28.0501,-28.83],[28.052,-28.8266],[28.0508,-28.8181],[28.0591,-28.8144],[28.0732,-28.8158],[28.0749,-28.815],[28.0754,-28.8111],[28.0784,-28.8103],[28.0773,-28.8073],[28.0806,-28.8062],[28.0868,-28.7998],[28.0856,-28.7941],[28.0827,-28.7932],[28.0893,-28.793],[28.0954,-28.7853],[28.0946,-28.7834],[28.0978,-28.7819],[28.0961,-28.7783],[28.1001,-28.7685],[28.1024,-28.766],[28.1082,-28.765],[28.1138,-28.7577],[28.12,-28.7575],[28.1191,-28.7416],[28.122,-28.7405],[28.1251,-28.7451],[28.1282,-28.7468],[28.1309,-28.7458],[28.13,-28.7411],[28.1353,-28.7387],[28.1384,-28.7343],[28.1427,-28.738],[28.1433,-28.7294],[28.1467,-28.7276],[28.1505,-28.7227],[28.155,-28.7312],[28.1577,-28.7308],[28.1553,-28.7239],[28.1572,-28.7234],[28.1596,-28.7258],[28.1607,-28.7225],[28.1553,-28.7191],[28.1624,-28.7179],[28.1598,-28.7152],[28.1662,-28.7127],[28.1682,-28.7095],[28.167,-28.7055],[28.1761,-28.7084],[28.184,-28.7088],[28.1815,-28.7014],[28.1852,-28.6969],[28.1831,-28.6939],[28.1902,-28.6968],[28.1905,-28.7056],[28.1964,-28.7112],[28.2103,-28.7073],[28.2138,-28.7024],[28.2179,-28.702],[28.2207,-28.7043],[28.2288,-28.7023],[28.2296,-28.6983],[28.2335,-28.6951],[28.2414,-28.6967],[28.2433,-28.7026],[28.2478,-28.703],[28.2495,-28.7008],[28.253,-28.7016],[28.2576,-28.7003],[28.2582,-28.7062],[28.2605,-28.7092],[28.2661,-28.7083],[28.2683,-28.7061],[28.2732,-28.7112],[28.2812,-28.7149],[28.2859,-28.7133],[28.2871,-28.7102],[28.2902,-28.7114],[28.2919,-28.7078],[28.2949,-28.7077],[28.2944,-28.7051],[28.2959,-28.7034],[28.2978,-28.7043],[28.2971,-28.7077],[28.299,-28.7072],[28.2993,-28.7049],[28.3018,-28.7062],[28.3001,-28.7034],[28.3035,-28.7021],[28.3049,-28.6924],[28.3104,-28.6961],[28.3094,-28.6994],[28.3105,-28.7005],[28.317,-28.701],[28.3203,-28.7037],[28.3289,-28.7058],[28.33,-28.7041],[28.3254,-28.7016],[28.3258,-28.7003],[28.3313,-28.6994],[28.3328,-28.6961],[28.3356,-28.6985],[28.3421,-28.6938],[28.344,-28.695],[28.3441,-28.6994],[28.3494,-28.6991],[28.3496,-28.7034],[28.3554,-28.6951],[28.3573,-28.6957],[28.3567,-28.6923],[28.3603,-28.6918],[28.3609,-28.69],[28.3595,-28.6885],[28.3643,-28.6878],[28.3637,-28.6857],[28.3672,-28.6864],[28.3672,-28.6838],[28.372,-28.6837],[28.3729,-28.6793],[28.3687,-28.675],[28.3706,-28.6737],[28.3703,-28.6704],[28.3659,-28.6654],[28.372,-28.6659],[28.3757,-28.6606],[28.3852,-28.6566],[28.3871,-28.6529],[28.3889,-28.6537],[28.3873,-28.649],[28.3902,-28.6481],[28.3907,-28.644],[28.394,-28.6442],[28.396,-28.6465],[28.399,-28.6438],[28.4028,-28.6443],[28.4044,-28.6375],[28.4009,-28.6321],[28.4029,-28.6276],[28.4009,-28.6251],[28.4019,-28.6243],[28.4094,-28.622],[28.4132,-28.6274],[28.417,-28.6262],[28.4195,-28.6277],[28.4246,-28.6243],[28.4261,-28.6255],[28.4301,-28.6201],[28.4371,-28.6204],[28.4376,-28.6218],[28.4413,-28.6181],[28.4426,-28.6201],[28.4451,-28.6154],[28.4466,-28.6195],[28.4493,-28.6165],[28.4536,-28.6193],[28.4559,-28.6172],[28.4565,-28.6118],[28.4612,-28.6135],[28.4592,-28.6108],[28.461,-28.6119],[28.4628,-28.6089],[28.4641,-28.6096],[28.4665,-28.6081],[28.4674,-28.6098],[28.4699,-28.6095],[28.47,-28.6073],[28.4724,-28.6053],[28.4763,-28.6058],[28.4784,-28.6093],[28.4817,-28.6075],[28.4861,-28.6125],[28.4879,-28.6113],[28.4896,-28.6061],[28.4947,-28.6079],[28.4963,-28.6058],[28.4994,-28.6093],[28.5026,-28.6078],[28.5015,-28.6131],[28.5071,-28.6181],[28.5082,-28.6174],[28.506,-28.615],[28.5089,-28.6123],[28.5142,-28.6112],[28.5138,-28.6096],[28.5209,-28.6082],[28.5176,-28.607],[28.5181,-28.6027],[28.5212,-28.6035],[28.5241,-28.6012],[28.5284,-28.6059],[28.5285,-28.6098],[28.5303,-28.6103],[28.5325,-28.6096],[28.5318,-28.6072],[28.536,-28.6079],[28.5403,-28.6025],[28.5429,-28.6068],[28.5464,-28.6071],[28.5485,-28.6096],[28.5518,-28.6056],[28.554,-28.6066],[28.5557,-28.6024],[28.5637,-28.605],[28.5668,-28.6077],[28.567,-28.6104],[28.5681,-28.6084],[28.5725,-28.6073],[28.5757,-28.6102],[28.5783,-28.6038],[28.5837,-28.6038],[28.5907,-28.6084],[28.5939,-28.6024],[28.604,-28.6006],[28.604,-28.5983],[28.6062,-28.5981],[28.6074,-28.5954],[28.6128,-28.5975],[28.6135,-28.5939],[28.6168,-28.5909],[28.6172,-28.5879],[28.6193,-28.5869],[28.622,-28.5806],[28.6287,-28.5808],[28.6324,-28.5826],[28.6326,-28.5789],[28.6351,-28.5788],[28.6366,-28.5756],[28.6388,-28.5778],[28.6395,-28.5754],[28.6447,-28.5753],[28.645,-28.5731],[28.6514,-28.5708],[28.6519,-28.5733],[28.6612,-28.5781],[28.6642,-28.5772],[28.674,-28.5861],[28.6818,-28.5896],[28.6859,-28.5991],[28.692,-28.604],[28.6939,-28.6075],[28.6969,-28.6082],[28.6982,-28.6124],[28.7036,-28.6181],[28.6977,-28.6262],[28.6981,-28.631],[28.7009,-28.6366],[28.6961,-28.6382],[28.6969,-28.6397],[28.6948,-28.6444],[28.6981,-28.6451],[28.7064,-28.6523],[28.7047,-28.6563],[28.7081,-28.6638],[28.7047,-28.6714],[28.7242,-28.6816],[28.7265,-28.6843],[28.7261,-28.6877],[28.73,-28.689],[28.7345,-28.6864],[28.7434,-28.6877],[28.7535,-28.6838],[28.7658,-28.6901],[28.7778,-28.7008],[28.7847,-28.7012],[28.7906,-28.6987],[28.7935,-28.699],[28.7992,-28.7073],[28.8062,-28.7099],[28.807,-28.7176],[28.8117,-28.7207],[28.8033,-28.73],[28.8004,-28.7426],[28.8009,-28.7454],[28.8042,-28.7474],[28.8039,-28.7592],[28.8075,-28.7643],[28.8085,-28.7715],[28.8179,-28.7757],[28.8231,-28.772],[28.8243,-28.7671],[28.829,-28.7658],[28.8304,-28.7633],[28.8404,-28.7603],[28.8415,-28.7586],[28.8466,-28.7599],[28.8524,-28.7596],[28.8576,-28.756],[28.8686,-28.7606],[28.8736,-28.7707],[28.883,-28.7487],[28.8913,-28.7465],[28.8921,-28.7449],[28.9,-28.7032],[28.8962,-28.6947],[28.8972,-28.6909],[28.8991,-28.6873],[28.9034,-28.6872],[28.9089,-28.6814],[28.9148,-28.6718],[28.922,-28.6637],[28.926,-28.6638],[28.9284,-28.6601],[28.9346,-28.6569],[28.9357,-28.6538],[28.9428,-28.6509],[28.9446,-28.6387],[28.9409,-28.6314],[28.9443,-28.6226],[28.9466,-28.6208],[28.9486,-28.6133],[28.9559,-28.6075],[28.966,-28.6053],[28.9613,-28.5972],[28.974,-28.5746],[29.0963,-28.5451],[29.135,-28.5663],[29.1615,-28.5421],[29.171,-28.53],[29.1787,-28.5427],[29.1964,-28.545],[29.2162,-28.519],[29.1915,-28.4938],[29.229,-28.4563],[29.2487,-28.4249],[29.2615,-28.4337],[29.2685,-28.4318],[29.2901,-28.4379],[29.3226,-28.424],[29.3201,-28.4068],[29.3388,-28.3988],[29.3575,-28.388],[29.3734,-28.3719],[29.4143,-28.3759],[29.4277,-28.3393],[29.4381,-28.3321],[29.4376,-28.3211],[29.4587,-28.3104],[29.4793,-28.2907],[29.4829,-28.2722],[29.5099,-28.2654],[29.5506,-28.2472],[29.5587,-28.2583],[29.6198,-28.2412],[29.6244,-28.2249],[29.6096,-28.215],[29.6263,-28.1857],[29.6628,-28.1773],[29.6633,-28.142],[29.6541,-28.1383],[29.6606,-28.1261],[29.6526,-28.0988],[29.6555,-28.09],[29.6318,-28.069],[29.6169,-28.0468],[29.6394,-28.0156],[29.6359,-27.9945],[29.6508,-27.9667],[29.6636,-27.9573],[29.6668,-27.9584],[29.6737,-27.9576],[29.6768,-27.9595],[29.6797,-27.9574],[29.6732,-27.9432],[29.6646,-27.9418],[29.6576,-27.9374],[29.6632,-27.93],[29.6578,-27.9245],[29.6538,-27.9233],[29.6567,-27.9189],[29.6641,-27.9213],[29.6717,-27.917],[29.678,-27.9088],[29.682,-27.9068],[29.6903,-27.8957],[29.6869,-27.8907],[29.6827,-27.888],[29.683,-27.8836],[29.6858,-27.8831],[29.6872,-27.878],[29.685,-27.8675],[29.6896,-27.8644],[29.6871,-27.8585],[29.699,-27.8598],[29.7028,-27.8566],[29.6969,-27.8437],[29.6931,-27.8393],[29.6938,-27.8323],[29.6963,-27.8291],[29.697,-27.8245],[29.7023,-27.8222],[29.7038,-27.8189],[29.7095,-27.8157],[29.7134,-27.8181],[29.716,-27.8147],[29.7217,-27.8118],[29.7229,-27.8128],[29.7293,-27.812],[29.7313,-27.8081],[29.7283,-27.801],[29.724,-27.7968],[29.7108,-27.7956],[29.7115,-27.7927],[29.7175,-27.7875],[29.7127,-27.7805],[29.709,-27.7799],[29.7078,-27.7752],[29.7108,-27.7716],[29.7035,-27.7667],[29.703,-27.7614],[29.7083,-27.7572],[29.7047,-27.7469],[29.7091,-27.7389],[29.7103,-27.7302],[29.7086,-27.7262],[29.71,-27.7222],[29.7123,-27.7209],[29.7086,-27.7165],[29.709,-27.6985],[29.6997,-27.698],[29.6939,-27.6953],[29.6854,-27.6862],[29.6854,-27.6814],[29.6838,-27.6796],[29.6779,-27.6771],[29.6701,-27.6701],[29.6698,-27.6672],[29.6743,-27.66],[29.6712,-27.6505],[29.678,-27.6389],[29.6844,-27.6377],[29.6979,-27.6408],[29.7084,-27.6344],[29.7072,-27.6336],[29.7121,-27.6306],[29.7148,-27.6319],[29.7183,-27.6295],[29.7206,-27.6268],[29.7196,-27.6257],[29.7229,-27.6188],[29.7281,-27.6167],[29.7312,-27.6177],[29.7315,-27.613],[29.7348,-27.6071],[29.7402,-27.6056],[29.7489,-27.6137],[29.7522,-27.6051],[29.7569,-27.604],[29.7589,-27.6015],[29.7707,-27.5956],[29.774,-27.5951],[29.7808,-27.5994],[29.7851,-27.5967],[29.7796,-27.5873],[29.7808,-27.5791],[29.7838,-27.5735],[29.7804,-27.5595],[29.7721,-27.5534],[29.7711,-27.5465],[29.766,-27.5413],[29.7655,-27.5367],[29.7585,-27.5295],[29.7584,-27.5271],[29.7448,-27.5255],[29.7434,-27.5231],[29.736,-27.5196],[29.7246,-27.5243],[29.7124,-27.5184],[29.7092,-27.5136],[29.7109,-27.5101],[29.7105,-27.4987],[29.7216,-27.4883],[29.725,-27.4894],[29.7319,-27.4879],[29.7143,-27.4804],[29.7032,-27.472],[29.7084,-27.4618],[29.7169,-27.4649],[29.7352,-27.4507],[29.7587,-27.4426],[29.7466,-27.4352],[29.7446,-27.4326],[29.7325,-27.4309],[29.7214,-27.4328],[29.7197,-27.4383],[29.717,-27.4384],[29.7172,-27.4403],[29.7106,-27.4439],[29.7044,-27.4454],[29.6991,-27.4508],[29.6994,-27.4591],[29.7024,-27.4658],[29.6984,-27.4726],[29.6993,-27.4747],[29.6977,-27.4754],[29.6992,-27.4778],[29.7063,-27.4817],[29.7049,-27.4858],[29.7065,-27.4879],[29.7014,-27.4939],[29.6989,-27.4947],[29.6935,-27.4922],[29.6883,-27.4935],[29.6858,-27.4978],[29.681,-27.5001],[29.6795,-27.4968],[29.6741,-27.498],[29.6669,-27.4959],[29.6551,-27.4962],[29.6505,-27.4997],[29.6494,-27.5042],[29.6368,-27.5047],[29.6297,-27.5023],[29.6255,-27.5057],[29.6189,-27.506],[29.6093,-27.4964],[29.6068,-27.4966],[29.604,-27.4942],[29.6049,-27.4854],[29.6018,-27.4817],[29.6039,-27.4802],[29.601,-27.4768],[29.603,-27.4741],[29.6016,-27.4718],[29.5998,-27.4728],[29.6007,-27.4701],[29.5993,-27.4689],[29.5979,-27.4701],[29.5944,-27.4674],[29.5897,-27.4663],[29.589,-27.4633],[29.5845,-27.4644],[29.5836,-27.4623],[29.5846,-27.4619],[29.581,-27.4607],[29.58,-27.4584],[29.5781,-27.4596],[29.5767,-27.4569],[29.5787,-27.4565],[29.5791,-27.4545],[29.5691,-27.4421],[29.5675,-27.4413],[29.5633,-27.4427],[29.5613,-27.4413],[29.5599,-27.4322],[29.5561,-27.431],[29.5541,-27.432],[29.5465,-27.4311],[29.5463,-27.4292],[29.55,-27.4241],[29.5426,-27.42],[29.5474,-27.4141],[29.552,-27.4136],[29.5491,-27.4092],[29.5489,-27.4047],[29.552,-27.3987],[29.5502,-27.3978],[29.5435,-27.399],[29.5416,-27.3915],[29.5381,-27.387],[29.5271,-27.3941],[29.5257,-27.3863],[29.5298,-27.3864],[29.5304,-27.3828],[29.5271,-27.3783],[29.5239,-27.3772],[29.5183,-27.3779],[29.5222,-27.3828],[29.52,-27.3844],[29.5119,-27.3796],[29.5088,-27.3764],[29.5087,-27.3727],[29.5095,-27.3692],[29.5124,-27.3679],[29.5052,-27.365],[29.5029,-27.3582],[29.4866,-27.3628],[29.4828,-27.36],[29.483,-27.3569],[29.4871,-27.3506],[29.4848,-27.347],[29.4899,-27.3447],[29.4901,-27.3369],[29.4878,-27.3376],[29.4865,-27.3407],[29.4837,-27.3388],[29.4864,-27.3274],[29.4833,-27.3281],[29.4826,-27.3322],[29.4807,-27.3328],[29.4694,-27.3248],[29.4702,-27.3204],[29.4676,-27.3156],[29.4722,-27.3095],[29.4698,-27.3036],[29.4709,-27.3015],[29.4687,-27.3015],[29.47,-27.3003],[29.4687,-27.2987],[29.4663,-27.299],[29.4637,-27.2877],[29.4617,-27.2853],[29.4611,-27.2867],[29.4591,-27.2863],[29.4603,-27.2844],[29.4565,-27.2842],[29.4566,-27.2815],[29.4548,-27.2826],[29.4551,-27.2796],[29.4533,-27.2769],[29.4517,-27.2763],[29.4506,-27.2781],[29.4507,-27.2748],[29.4483,-27.2754],[29.4481,-27.273],[29.4434,-27.2669],[29.4395,-27.2676],[29.4364,-27.261],[29.4357,-27.2628],[29.4344,-27.2613],[29.432,-27.2622],[29.4282,-27.2539],[29.4248,-27.2547],[29.4265,-27.2563],[29.4233,-27.2576],[29.4213,-27.2566],[29.422,-27.254],[29.4203,-27.2539],[29.4194,-27.2554],[29.4151,-27.2505],[29.4107,-27.2523],[29.4043,-27.2523],[29.4015,-27.2496],[29.4002,-27.2429],[29.3909,-27.2427],[29.3869,-27.2436],[29.3902,-27.2477],[29.3875,-27.2499],[29.3863,-27.2489],[29.389,-27.2475],[29.3884,-27.246],[29.3845,-27.249],[29.3807,-27.2474],[29.3751,-27.251],[29.3726,-27.2503],[29.3698,-27.2515],[29.3619,-27.247],[29.3532,-27.2498],[29.3515,-27.2487],[29.3427,-27.2485],[29.3397,-27.252],[29.3408,-27.2604],[29.3392,-27.2636],[29.3382,-27.2645],[29.3312,-27.2634],[29.3253,-27.2521],[29.3281,-27.2466],[29.3321,-27.2446],[29.3352,-27.2398],[29.3344,-27.2364],[29.3382,-27.2351],[29.3362,-27.232],[29.3321,-27.2305],[29.3362,-27.2267],[29.3335,-27.2239],[29.3351,-27.2226],[29.3365,-27.2246],[29.3378,-27.2239],[29.3356,-27.2219],[29.3371,-27.2181],[29.3359,-27.2145],[29.3355,-27.2173],[29.3329,-27.217],[29.3329,-27.2191],[29.3315,-27.2182],[29.3341,-27.2141],[29.3311,-27.213],[29.3312,-27.2103],[29.3328,-27.2101],[29.3326,-27.2086],[29.3346,-27.2089],[29.3351,-27.2074],[29.3308,-27.208],[29.3299,-27.2036],[29.3255,-27.2085],[29.3182,-27.2105],[29.3143,-27.2097],[29.3112,-27.2113],[29.3119,-27.2142],[29.309,-27.2162],[29.3046,-27.2151],[29.3005,-27.2119],[29.3019,-27.2097],[29.2988,-27.2092],[29.2972,-27.2058],[29.298,-27.2041],[29.2954,-27.2031],[29.2958,-27.201],[29.2916,-27.1996],[29.2887,-27.1965],[29.2876,-27.1927],[29.2849,-27.1925],[29.2871,-27.1911],[29.2864,-27.1903],[29.2841,-27.1907],[29.2839,-27.1936],[29.2818,-27.1921],[29.285,-27.195],[29.2819,-27.1996],[29.2807,-27.1989],[29.282,-27.195],[29.2767,-27.1943],[29.2732,-27.1956],[29.2747,-27.1927],[29.2722,-27.1916],[29.2719,-27.1962],[29.2682,-27.1983],[29.2683,-27.1961],[29.2708,-27.1958],[29.2694,-27.1929],[29.2702,-27.1893],[29.2657,-27.1916],[29.2682,-27.1849],[29.2668,-27.184],[29.2658,-27.1868],[29.2633,-27.1874],[29.2602,-27.1838],[29.2629,-27.183],[29.2604,-27.1813],[29.2583,-27.1843],[29.2563,-27.1946],[29.2535,-27.194],[29.2541,-27.1897],[29.2463,-27.192],[29.2453,-27.1909],[29.2465,-27.1885],[29.2443,-27.1862],[29.2426,-27.1861],[29.2419,-27.1884],[29.2396,-27.1863],[29.2406,-27.1846],[29.2434,-27.1853],[29.2437,-27.1835],[29.2413,-27.1823],[29.2347,-27.1832],[29.2365,-27.1776],[29.2355,-27.1731],[29.2298,-27.1672],[29.2307,-27.1604],[29.2281,-27.1611],[29.2286,-27.1568],[29.227,-27.1553],[29.2292,-27.151],[29.2271,-27.1499],[29.2278,-27.1471],[29.2239,-27.1447],[29.2158,-27.1476],[29.2097,-27.1424],[29.204,-27.1449],[29.1979,-27.1406],[29.195,-27.1402],[29.1927,-27.137],[29.1926,-27.1403],[29.1897,-27.1409],[29.1902,-27.1432],[29.1831,-27.1454],[29.1798,-27.1441],[29.1782,-27.1465],[29.1701,-27.1414],[29.1594,-27.1431],[29.1588,-27.1461],[29.1561,-27.1449],[29.1526,-27.146],[29.151,-27.1519],[29.1474,-27.1491],[29.1461,-27.1527],[29.1417,-27.1538],[29.1377,-27.1524],[29.1363,-27.1546],[29.138,-27.1584],[29.1372,-27.1612],[29.1334,-27.1626],[29.1321,-27.1602],[29.1316,-27.1624],[29.1296,-27.1628],[29.1296,-27.1684],[29.1269,-27.169],[29.1265,-27.1671],[29.1244,-27.1672],[29.1206,-27.1718],[29.1169,-27.1724],[29.1137,-27.1632],[29.1141,-27.1589],[29.1121,-27.1528],[29.1135,-27.1496],[29.1106,-27.1477],[29.1074,-27.1419],[29.1014,-27.1372],[29.1018,-27.1342],[29.1054,-27.1338],[29.104,-27.1303],[29.0992,-27.1269],[29.097,-27.1227],[29.0917,-27.1211],[29.0927,-27.1182],[29.0888,-27.1186],[29.0862,-27.116],[29.0887,-27.113],[29.0857,-27.1103],[29.0864,-27.1067],[29.0833,-27.1054],[29.0777,-27.0926],[29.0737,-27.0908],[29.0718,-27.0857],[29.0673,-27.0855],[29.0647,-27.0837],[29.0619,-27.0853],[29.0557,-27.0813],[29.0557,-27.0787],[29.0609,-27.0785],[29.0621,-27.0755],[29.061,-27.0718],[29.0654,-27.0651],[29.0674,-27.0647],[29.0682,-27.0674],[29.0701,-27.0678],[29.072,-27.0659],[29.0708,-27.064],[29.0733,-27.065],[29.0742,-27.0632],[29.0708,-27.0601],[29.0719,-27.0563],[29.0683,-27.055],[29.0618,-27.0489],[29.0615,-27.046],[29.0645,-27.0445],[29.0649,-27.0428],[29.0533,-27.0337],[29.0536,-27.0299],[29.0598,-27.0164],[29.0572,-27.0093],[29.0505,-27.0057],[29.0435,-27.0038],[29.0388,-27.0048],[29.0388,-27.0225],[29.0352,-27.0273],[29.0312,-27.029],[29.0262,-27.0221],[29.0281,-27.0185],[29.027,-27.0164],[29.0227,-27.0153],[29.0097,-27.0064],[28.9935,-27.0032],[28.9695,-26.9916],[28.9672,-26.9916],[28.9661,-26.9949],[28.9615,-26.9989],[28.9543,-27.0117],[28.9412,-27.0155],[28.9346,-27.0154],[28.9289,-27.0147],[28.9252,-27.0121],[28.9204,-27.0111],[28.9128,-27.0179],[28.9075,-27.0201],[28.9042,-27.0198],[28.8936,-27.0134],[28.8853,-27.0248],[28.8939,-27.0265],[28.898,-27.0296],[28.8991,-27.0347],[28.8962,-27.0427],[28.9004,-27.0481],[28.8963,-27.054],[28.8886,-27.0593],[28.8799,-27.0552],[28.8699,-27.0316],[28.8645,-27.0305],[28.8579,-27.0249],[28.8522,-27.0273],[28.8436,-27.0391],[28.839,-27.0416],[28.8344,-27.0417],[28.8259,-27.037],[28.814,-27.0426],[28.8108,-27.0383],[28.8117,-27.0334],[28.8098,-27.0193],[28.8049,-27.0115],[28.8013,-27.0125],[28.802,-27.0172],[28.7978,-27.0264],[28.795,-27.0289],[28.7922,-27.0254],[28.7738,-27.019],[28.7768,-27.009],[28.7707,-27.003],[28.7639,-27.0019],[28.7552,-26.9974],[28.7437,-27.0034],[28.7365,-27.0017],[28.7311,-26.9955],[28.7254,-26.9846],[28.7158,-26.9791],[28.7138,-26.9716],[28.7109,-26.9692],[28.7062,-26.9687],[28.7,-26.9757],[28.6834,-26.9752],[28.6614,-26.9608],[28.6545,-26.9602],[28.6455,-26.9527],[28.6434,-26.9542],[28.6369,-26.9551],[28.6345,-26.962],[28.6215,-26.9688],[28.605,-26.9932],[28.6059,-26.9944],[28.6097,-26.9938],[28.6172,-27.0002],[28.6233,-26.9951],[28.633,-26.9909],[28.6458,-26.9924],[28.6535,-26.9953],[28.6558,-26.9986],[28.6513,-27.0094],[28.6489,-27.0109],[28.6473,-27.0166],[28.6444,-27.0203],[28.6423,-27.021],[28.6394,-27.0199],[28.6255,-27.0107],[28.6083,-27.0082],[28.6089,-27.0207],[28.5932,-27.0238],[28.5833,-27.0378],[28.5762,-27.0392],[28.569,-27.0349],[28.5608,-27.0394],[28.5592,-27.0411],[28.5607,-27.0479],[28.5599,-27.0542],[28.5546,-27.0604],[28.5344,-27.067],[28.5327,-27.0638],[28.5364,-27.056],[28.5457,-27.0529],[28.5497,-27.045],[28.5495,-27.0413],[28.5429,-27.0347],[28.5385,-27.0337],[28.5308,-27.0271],[28.5276,-27.018],[28.5036,-27.008],[28.5043,-27.0022],[28.5109,-26.9928],[28.5096,-26.9866],[28.5004,-26.9778],[28.4924,-26.9756],[28.4859,-26.9711],[28.4779,-26.9503],[28.4754,-26.9505],[28.4703,-26.9565],[28.4712,-26.9584],[28.4756,-26.9602],[28.476,-26.9627],[28.4702,-26.9728],[28.4724,-26.98],[28.4676,-26.9828],[28.4645,-26.9829],[28.4616,-26.9774],[28.4613,-26.9723],[28.4514,-26.9638],[28.4438,-26.9603],[28.4366,-26.9646],[28.4365,-26.9669],[28.4515,-26.9789],[28.4514,-26.9813],[28.4317,-27.0057],[28.4185,-27.013],[28.4148,-27.0104],[28.4135,-27.0062],[28.4261,-26.994],[28.4291,-26.9892],[28.4207,-26.9781],[28.4149,-26.973],[28.405,-26.9551],[28.4003,-26.9509],[28.4015,-26.9407],[28.3996,-26.9357],[28.389,-26.9307],[28.3726,-26.9347],[28.3621,-26.9318],[28.3529,-26.9316],[28.3476,-26.934],[28.3295,-26.9472],[28.3245,-26.949],[28.3206,-26.9419],[28.3197,-26.9365],[28.3302,-26.9284],[28.3313,-26.9259],[28.3301,-26.9239],[28.3219,-26.9226],[28.3146,-26.9247],[28.3125,-26.9279],[28.3111,-26.9359],[28.306,-26.9406],[28.3017,-26.9409],[28.2886,-26.9281],[28.2814,-26.9148],[28.2815,-26.9061],[28.2775,-26.9065],[28.267,-26.9143],[28.2626,-26.9148],[28.2609,-26.9114],[28.2618,-26.9027],[28.2517,-26.893],[28.2515,-26.8892],[28.2443,-26.8848],[28.2388,-26.8816],[28.2354,-26.8814],[28.2283,-26.8918],[28.2273,-26.8972],[28.2297,-26.9063],[28.2385,-26.913],[28.2403,-26.9164],[28.2308,-26.9229],[28.2259,-26.9237],[28.2162,-26.9122],[28.203,-26.9116],[28.1932,-26.8962],[28.1858,-26.8917],[28.1842,-26.8887],[28.1856,-26.8741],[28.1799,-26.8618],[28.1786,-26.8532],[28.1717,-26.8458],[28.1601,-26.8454],[28.1562,-26.847],[28.1538,-26.8513],[28.1678,-26.868],[28.1713,-26.8837],[28.17,-26.8889],[28.1678,-26.8906],[28.1638,-26.8904],[28.1581,-26.8849],[28.1539,-26.8841],[28.1501,-26.8846],[28.1429,-26.8898],[28.1324,-26.8877],[28.1251,-26.8909],[28.1191,-26.8893],[28.1161,-26.8833],[28.1156,-26.8764],[28.1162,-26.8735],[28.1208,-26.8694],[28.1213,-26.8558],[28.1148,-26.8444],[28.088,-26.8379],[28.0763,-26.8323],[28.0709,-26.8264],[28.0657,-26.8235],[28.0656,-26.8209],[28.051,-26.8141],[28.0491,-26.8032],[28.0455,-26.8],[28.0378,-26.7973],[28.035,-26.7948],[28.0216,-26.7959],[28.0146,-26.7936],[28.0155,-26.7896],[28.0265,-26.7844],[28.0284,-26.7805],[28.0245,-26.7796],[28.0201,-26.7754],[28.0069,-26.7689],[28.0068,-26.7631],[28.0017,-26.7483],[27.993,-26.7346],[27.992,-26.7275],[28.0004,-26.7058],[27.9996,-26.696],[27.9869,-26.6827],[27.9827,-26.6801],[27.9775,-26.6719],[27.9729,-26.6692],[27.9691,-26.6688],[27.9636,-26.6712],[27.953,-26.6717],[27.9425,-26.6746],[27.9387,-26.6797],[27.9352,-26.6927],[27.9256,-26.7038],[27.9135,-26.7065],[27.908,-26.7059],[27.8932,-26.7109],[27.8918,-26.7144],[27.8955,-26.7178],[27.8949,-26.7212],[27.8928,-26.7259],[27.8847,-26.7343],[27.883,-26.744],[27.88,-26.7462],[27.8722,-26.7477],[27.8663,-26.7462],[27.8579,-26.747],[27.8495,-26.7456],[27.8306,-26.7511],[27.8216,-26.7495],[27.8098,-26.7509],[27.7902,-26.7496],[27.7824,-26.7508],[27.7705,-26.759],[27.7681,-26.7652],[27.7671,-26.7829],[27.7727,-26.7941],[27.7698,-26.7993],[27.7597,-26.7969],[27.7495,-26.7878],[27.742,-26.7706],[27.7325,-26.7627],[27.7283,-26.7608],[27.7249,-26.7603],[27.7017,-26.764],[27.6882,-26.7618],[27.6753,-26.7717],[27.6662,-26.7736],[27.6431,-26.7685],[27.6388,-26.7711],[27.6328,-26.7721],[27.6297,-26.7697],[27.6284,-26.766],[27.6358,-26.7515],[27.6323,-26.7455],[27.6346,-26.7388],[27.6334,-26.7337],[27.6295,-26.7324],[27.6105,-26.7326],[27.6087,-26.7392],[27.6064,-26.7413],[27.6009,-26.7406],[27.5967,-26.7373],[27.5904,-26.7384],[27.5795,-26.7448],[27.5698,-26.7473],[27.5699,-26.7546],[27.5825,-26.7684],[27.5818,-26.7737],[27.5756,-26.7787],[27.569,-26.7811],[27.5552,-26.7733],[27.5498,-26.7752],[27.5378,-26.7851],[27.5296,-26.7848],[27.5195,-26.7819],[27.5094,-26.7858],[27.5056,-26.792],[27.5059,-26.7948],[27.5153,-26.804],[27.5182,-26.8102],[27.5108,-26.8255],[27.5111,-26.8378],[27.4997,-26.845],[27.491,-26.8466],[27.4875,-26.8494],[27.481,-26.8634],[27.476,-26.8835],[27.4713,-26.8868],[27.4552,-26.8906],[27.4442,-26.9004],[27.44,-26.8995],[27.4238,-26.9192],[27.4143,-26.9257],[27.4075,-26.9258],[27.4003,-26.9222],[27.3983,-26.916],[27.3913,-26.9138],[27.389,-26.9039],[27.3842,-26.9004],[27.3808,-26.9009],[27.3766,-26.9049],[27.3709,-26.9042],[27.3678,-26.8956],[27.3684,-26.8917],[27.3651,-26.891],[27.3608,-26.8843],[27.3553,-26.8824],[27.3408,-26.872],[27.3395,-26.8685],[27.3402,-26.8609],[27.3328,-26.8542],[27.3154,-26.8527],[27.3059,-26.8534],[27.3005,-26.8561],[27.301,-26.8605],[27.2996,-26.8629],[27.2924,-26.8689],[27.2898,-26.8794],[27.2821,-26.8836],[27.2782,-26.8881],[27.2704,-26.8915],[27.2621,-26.9082],[27.255,-26.9126],[27.2469,-26.9144],[27.2416,-26.9187],[27.2344,-26.9274],[27.2295,-26.939],[27.2175,-26.9461],[27.2111,-26.9624],[27.2121,-26.9762],[27.2079,-26.9799],[27.2033,-26.9805],[27.1901,-26.9775],[27.174,-26.9685],[27.1752,-26.9636],[27.1815,-26.9577],[27.1832,-26.9503],[27.1818,-26.9407],[27.1829,-26.9304],[27.1813,-26.9274],[27.1764,-26.9249],[27.1701,-26.923],[27.1647,-26.9241],[27.1618,-26.9259],[27.1537,-26.937],[27.1435,-26.9419],[27.1259,-26.9336],[27.117,-26.9273],[27.113,-26.9263],[27.106,-26.9272],[27.0949,-26.931],[27.0868,-26.9385],[27.0734,-26.9348],[27.0646,-26.9373],[27.0506,-26.9367],[27.04,-26.9382],[27.0282,-26.9359],[27.0139,-26.9321],[27.0052,-26.9254],[26.9929,-26.9209],[26.9868,-26.9163],[26.9748,-26.9121],[26.9561,-26.9002],[26.9472,-26.892],[26.9513,-26.8783],[26.9508,-26.8745],[26.9404,-26.8715],[26.9272,-26.8871],[26.9202,-26.906],[26.9246,-26.9303],[26.9233,-26.9434],[26.925,-26.9573],[26.9232,-26.9691],[26.9201,-26.9735],[26.9169,-26.9725],[26.909,-26.9613],[26.9097,-26.9525],[26.9076,-26.9445],[26.8961,-26.9351],[26.8829,-26.9359],[26.8804,-26.9349],[26.8748,-26.9301],[26.8743,-26.9238],[26.8682,-26.9197],[26.8635,-26.9189],[26.858,-26.922],[26.8485,-26.9402],[26.8424,-26.9421],[26.8306,-26.9493],[26.8183,-26.9532],[26.8114,-26.9513],[26.8094,-26.9472],[26.8117,-26.9342],[26.8098,-26.9317],[26.805,-26.932],[26.7896,-26.9429],[26.7802,-26.946],[26.7667,-26.9481],[26.7615,-26.9525],[26.7552,-26.9619],[26.7496,-26.9651],[26.7411,-26.9649],[26.7155,-26.9739],[26.711,-26.978],[26.7064,-26.988],[26.7006,-27.0086],[26.6966,-27.0139],[26.6887,-27.018],[26.6842,-27.0176],[26.6789,-27.0146],[26.6765,-27.0102],[26.6764,-27.0008],[26.6728,-26.9964],[26.6687,-26.9946],[26.6589,-26.9938],[26.646,-27.0003],[26.6361,-27.0034],[26.6193,-27.0034],[26.6135,-27.0271],[26.5926,-27.0378],[26.5818,-27.0531],[26.5815,-27.0598],[26.5836,-27.0634],[26.5897,-27.0667],[26.5919,-27.07],[26.5938,-27.0793],[26.5881,-27.0953],[26.5869,-27.1034],[26.5836,-27.108],[26.5684,-27.1025],[26.549,-27.0986],[26.5385,-27.0903],[26.5287,-27.091],[26.5241,-27.0959],[26.5221,-27.1037],[26.5142,-27.1188],[26.507,-27.1272],[26.4984,-27.1329],[26.4874,-27.13],[26.4836,-27.131],[26.4781,-27.1373],[26.4763,-27.1485],[26.4731,-27.1542],[26.4592,-27.158],[26.4407,-27.15],[26.429,-27.1502],[26.4255,-27.1536],[26.4201,-27.1684],[26.4201,-27.1725],[26.4243,-27.1775],[26.4272,-27.1852],[26.4329,-27.1901],[26.4377,-27.21],[26.4437,-27.2174],[26.4547,-27.2228],[26.4639,-27.2298],[26.4768,-27.2446],[26.4889,-27.2506],[26.4946,-27.2591],[26.4972,-27.2678],[26.4962,-27.2738],[26.4889,-27.2833],[26.4885,-27.2862],[26.4883,-27.2963],[26.4939,-27.3083],[26.4934,-27.3191],[26.4849,-27.324],[26.4808,-27.3232],[26.4791,-27.3189],[26.4849,-27.3135],[26.4848,-27.3091],[26.4814,-27.3067],[26.4755,-27.3083],[26.4738,-27.3123],[26.4582,-27.3262],[26.4555,-27.3374],[26.4472,-27.344],[26.4464,-27.3497],[26.462,-27.3657],[26.4763,-27.3719],[26.4847,-27.3799],[26.4995,-27.3797],[26.5128,-27.3848],[26.5142,-27.3874],[26.5111,-27.3953],[26.5081,-27.3981],[26.5052,-27.3983],[26.4976,-27.3957],[26.4683,-27.3912],[26.4589,-27.3866],[26.4519,-27.3858],[26.4452,-27.3881],[26.435,-27.3988],[26.4231,-27.4069],[26.4165,-27.4027],[26.3943,-27.394],[26.388,-27.3895],[26.3802,-27.3884],[26.3724,-27.3838],[26.3687,-27.3845],[26.3616,-27.3893],[26.3457,-27.3854],[26.3396,-27.3894],[26.3354,-27.3984],[26.3272,-27.4058],[26.3279,-27.4199],[26.3266,-27.4292],[26.3241,-27.4329],[26.3211,-27.4334],[26.3168,-27.4315],[26.3136,-27.4224],[26.3099,-27.4183],[26.2956,-27.4158],[26.291,-27.4167],[26.2862,-27.4222],[26.2761,-27.4211],[26.2695,-27.4168],[26.2646,-27.4164],[26.2602,-27.4199],[26.2529,-27.4295],[26.245,-27.4299],[26.2423,-27.4314],[26.2397,-27.4354],[26.2339,-27.4542],[26.2199,-27.4744],[26.2208,-27.4833],[26.2312,-27.4954],[26.229,-27.5121],[26.2222,-27.5145],[26.2018,-27.5168],[26.186,-27.5315],[26.1701,-27.5361],[26.168,-27.5381],[26.1631,-27.5517],[26.1536,-27.564],[26.1451,-27.5626],[26.1403,-27.5576],[26.134,-27.5585],[26.1238,-27.5669],[26.1221,-27.5724],[26.1245,-27.5806],[26.1177,-27.5898],[26.1133,-27.5933],[26.1061,-27.5955],[26.0882,-27.5939],[26.0843,-27.5955],[26.0749,-27.6205],[26.0858,-27.6428],[26.0862,-27.648],[26.0799,-27.6534],[26.0637,-27.6602],[26.0547,-27.6692],[26.0678,-27.6808],[26.0928,-27.6824],[26.0948,-27.6846],[26.0948,-27.6901],[26.0922,-27.6966],[26.0659,-27.7187],[26.0477,-27.7255],[26.0355,-27.7366],[26.0262,-27.7347],[26.0204,-27.7279],[26.0127,-27.7223],[26.0027,-27.7066],[26.003,-27.7023],[26.0107,-27.6898],[26.0076,-27.6773],[26.0086,-27.6633],[26.0053,-27.653],[26.0023,-27.6489],[25.9931,-27.6417],[25.9819,-27.6385],[25.98,-27.6338],[25.9819,-27.6272],[25.9681,-27.625],[25.9473,-27.6329],[25.9403,-27.6149],[25.932,-27.6064],[25.9243,-27.6035],[25.9157,-27.6057],[25.9097,-27.6104],[25.9006,-27.6091],[25.8957,-27.61],[25.8951,-27.6147],[25.8983,-27.6225],[25.8913,-27.6261],[25.8724,-27.628],[25.8581,-27.6238],[25.8526,-27.621],[25.8448,-27.6076],[25.8436,-27.601],[25.8467,-27.595],[25.8452,-27.5901],[25.835,-27.5785],[25.8328,-27.567],[25.8274,-27.5667],[25.8147,-27.5728],[25.8048,-27.5831],[25.7986,-27.5844],[25.7882,-27.583],[25.7814,-27.5841],[25.764,-27.596],[25.7495,-27.5998],[25.7375,-27.6088],[25.7347,-27.6098],[25.7279,-27.609],[25.7099,-27.6246],[25.6852,-27.6262],[25.6789,-27.6296],[25.6755,-27.6349],[25.6784,-27.6408],[25.6796,-27.6489],[25.6767,-27.6592],[25.6785,-27.677],[25.6718,-27.6886],[25.6648,-27.6939],[25.6576,-27.6948],[25.6415,-27.6864],[25.633,-27.6761],[25.6323,-27.6698],[25.6308,-27.668],[25.6275,-27.6672],[25.6185,-27.6693],[25.6104,-27.66],[25.6034,-27.6598],[25.5966,-27.6551],[25.5907,-27.6552],[25.5847,-27.6587],[25.5724,-27.6775],[25.5558,-27.6867],[25.5374,-27.6912],[25.5132,-27.6948],[25.4948,-27.6939],[25.4879,-27.692],[25.4809,-27.6925],[25.4747,-27.6988],[25.4733,-27.7068],[25.4693,-27.7106],[25.4653,-27.7096],[25.458,-27.7109],[25.4404,-27.7169],[25.424,-27.7156],[25.4125,-27.7222],[25.3945,-27.7287],[25.3796,-27.7424],[25.364,-27.7505],[25.3486,-27.772],[25.3448,-27.7849],[25.3404,-27.793],[25.3374,-27.7935],[25.333,-27.7905],[25.3151,-27.7957],[25.3015,-27.7932],[25.2751,-27.7963],[25.2695,-27.8012],[25.2606,-27.822],[25.2536,-27.8262],[25.2441,-27.8292],[25.2384,-27.8344],[25.2382,-27.8375],[25.2422,-27.8437],[25.2578,-27.8551],[25.2575,-27.8602],[25.2541,-27.8651],[25.2497,-27.8686],[25.2282,-27.8785],[25.2067,-27.884],[25.1977,-27.8885],[25.193,-27.8933],[25.1851,-27.9089],[25.1721,-27.9185],[25.1657,-27.9214],[25.1606,-27.9271],[25.1506,-27.9286],[25.1387,-27.9236],[25.1335,-27.9253],[25.1309,-27.9291],[25.1328,-27.9433],[25.131,-27.9506],[25.1173,-27.9606],[25.1113,-27.9702],[25.0968,-27.9769],[25.0906,-27.984],[25.0903,-27.9885],[25.0951,-27.9918],[25.1025,-28.0009],[25.1064,-28.0068],[25.1074,-28.0119],[25.1049,-28.0167],[25.0769,-28.0484],[25.0739,-28.0659],[25.0702,-28.0685],[25.0591,-28.0707],[25.0385,-28.0681],[25.0281,-28.0735],[24.9646,-28.2507],[24.9267,-28.2469],[24.9053,-28.2748],[24.8705,-28.2704],[24.8903,-28.3102],[24.9376,-28.3249],[24.8868,-28.465],[24.8814,-28.4632],[24.8469,-28.5038],[24.8678,-28.5171],[24.8277,-28.627],[24.9018,-28.648],[24.6619,-29.0792],[24.3466,-29.6559],[24.3522,-29.6587],[24.3535,-29.6619],[24.3488,-29.7032],[24.3545,-29.7131],[24.3678,-29.7205],[24.376,-29.727],[24.3879,-29.7539],[24.4022,-29.7741],[24.4105,-29.7895],[24.4246,-29.8012],[24.4351,-29.8059],[24.4389,-29.8148],[24.4472,-29.8151],[24.4535,-29.8111],[24.459,-29.8107],[24.4872,-29.813],[24.4977,-29.8161],[24.5034,-29.8241],[24.5018,-29.8332],[24.5026,-29.8364],[24.5103,-29.8415],[24.524,-29.8452],[24.5395,-29.8423],[24.547,-29.8449],[24.5507,-29.8492],[24.5551,-29.8626],[24.5642,-29.8777],[24.5841,-29.8962],[24.5959,-29.9048],[24.6079,-29.9113],[24.6453,-29.9113],[24.6495,-29.9069],[24.6498,-29.9016],[24.6527,-29.8989],[24.6593,-29.8992],[24.665,-29.902],[24.6679,-29.9091],[24.6628,-29.9422],[24.6695,-29.9611],[24.6713,-29.9715],[24.6744,-29.9756],[24.6956,-29.9827],[24.7036,-29.9837],[24.7124,-29.9887],[24.7237,-29.9922],[24.7502,-29.9895],[24.7568,-29.9929],[24.7737,-29.9938],[24.7889,-29.9967],[24.794,-29.999],[24.8037,-30.0118],[24.808,-30.023],[24.8073,-30.0264],[24.8001,-30.0313],[24.7985,-30.0339],[24.7962,-30.0459],[24.7978,-30.0516],[24.8034,-30.0604],[24.8141,-30.0679],[24.8178,-30.0821],[24.8261,-30.0852],[24.8329,-30.0923],[24.8385,-30.0952],[24.8364,-30.1151],[24.8376,-30.1178],[24.8442,-30.1235],[24.8672,-30.1307],[24.8711,-30.1345],[24.8804,-30.1589],[24.8816,-30.1733],[24.8952,-30.1842],[24.8956,-30.1964],[24.9,-30.2067],[24.9032,-30.209],[24.9104,-30.2096],[24.9203,-30.2008],[24.9251,-30.2007],[24.9302,-30.2069],[24.934,-30.2175],[24.9426,-30.2216],[24.9461,-30.2253],[24.9516,-30.2249],[24.9542,-30.2261],[24.9558,-30.2312],[24.9553,-30.2386],[24.9468,-30.2467],[24.9465,-30.2518],[24.9632,-30.2675],[24.9761,-30.2733],[24.9803,-30.2842],[24.9863,-30.29],[25.0027,-30.2935],[25.0079,-30.2921],[25.0174,-30.2857],[25.0233,-30.2835],[25.0295,-30.2837],[25.0344,-30.2862],[25.0471,-30.3162],[25.0467,-30.3229],[25.0424,-30.3365],[25.0355,-30.3449],[25.0383,-30.3623],[25.0427,-30.3635],[25.0511,-30.3572],[25.064,-30.3569],[25.0716,-30.3594],[25.0809,-30.3669],[25.0961,-30.3732],[25.1021,-30.3913],[25.1112,-30.4036],[25.1135,-30.4092],[25.1256,-30.4202],[25.1399,-30.4242],[25.1467,-30.4329],[25.1577,-30.4426],[25.1612,-30.4495],[25.1531,-30.4532],[25.1527,-30.4593],[25.1601,-30.4647],[25.1671,-30.4737],[25.1837,-30.484],[25.1896,-30.4984],[25.203,-30.504],[25.21,-30.5051],[25.2252,-30.5036],[25.2313,-30.4995],[25.2353,-30.4999],[25.2395,-30.5046],[25.2434,-30.5136],[25.2547,-30.519],[25.2617,-30.5259],[25.2706,-30.5387],[25.279,-30.5441],[25.2838,-30.559],[25.3054,-30.5765],[25.3114,-30.5771],[25.3237,-30.5724],[25.326,-30.5696],[25.3284,-30.561],[25.3337,-30.5577],[25.34,-30.5583],[25.3504,-30.5643],[25.3572,-30.5636],[25.3636,-30.5581],[25.3747,-30.5591],[25.3993,-30.5731],[25.4057,-30.5721],[25.418,-30.5777],[25.42,-30.58],[25.4194,-30.5845],[25.4213,-30.587],[25.4536,-30.609],[25.4671,-30.6242],[25.4682,-30.6326],[25.4746,-30.635],[25.4841,-30.6319],[25.4878,-30.6292],[25.5037,-30.625],[25.5169,-30.617],[25.5256,-30.6139],[25.5343,-30.6131],[25.5563,-30.6166],[25.5623,-30.6163],[25.5738,-30.6095],[25.5901,-30.5911],[25.5967,-30.5904],[25.6031,-30.5944],[25.609,-30.6072],[25.617,-30.6189],[25.6248,-30.6243],[25.623,-30.6324],[25.6094,-30.6498],[25.6101,-30.653],[25.6137,-30.656],[25.6191,-30.6581],[25.6298,-30.6593],[25.6417,-30.6577],[25.654,-30.6524],[25.6716,-30.6409],[25.6755,-30.6401],[25.6853,-30.6471],[25.6854,-30.6506],[25.6801,-30.6598],[25.6797,-30.6662],[25.6932,-30.6761],[25.7006,-30.6796],[25.7166,-30.6825],[25.7497,-30.6825],[25.7568,-30.6875],[25.7642,-30.6885],[25.7715,-30.686],[25.7769,-30.6816],[25.7789,-30.6759],[25.7791,-30.6566],[25.7808,-30.649],[25.7831,-30.6452],[25.793,-30.6371],[25.8003,-30.6347],[25.819,-30.635],[25.8338,-30.6324],[25.8467,-30.6336],[25.8512,-30.6293],[25.8562,-30.6175],[25.8606,-30.6129],[25.8724,-30.6107],[25.8873,-30.6122],[25.891,-30.6103],[25.8932,-30.6045],[25.892,-30.5968],[25.8748,-30.5728],[25.8718,-30.5622],[25.8726,-30.5581],[25.8792,-30.549],[25.8856,-30.5438],[25.8952,-30.5406],[25.9032,-30.5432],[25.9238,-30.5643],[25.9268,-30.5713],[25.9227,-30.579],[25.923,-30.5813],[25.9257,-30.5836],[25.931,-30.585],[25.9377,-30.5836],[25.9413,-30.5796],[25.9406,-30.5649],[25.9438,-30.5569],[25.9552,-30.5471],[25.977,-30.5382],[25.9991,-30.5369],[26.0295,-30.5321],[26.052,-30.5227],[26.0696,-30.5235],[26.0974,-30.5165],[26.1084,-30.5214],[26.1182,-30.5354],[26.1341,-30.5406],[26.1421,-30.5402],[26.1463,-30.5389],[26.1494,-30.5359],[26.1487,-30.5175],[26.1435,-30.5104],[26.1367,-30.5098],[26.1319,-30.5074],[26.1301,-30.5049],[26.1301,-30.5001],[26.1357,-30.4924],[26.1455,-30.4853],[26.1518,-30.4835],[26.1626,-30.4835],[26.1794,-30.4912],[26.1941,-30.5038],[26.1962,-30.5129],[26.1938,-30.528],[26.1973,-30.5316],[26.206,-30.5336],[26.2186,-30.5316],[26.2298,-30.5354],[26.2562,-30.5394],[26.2631,-30.543],[26.265,-30.5494],[26.2653,-30.5663],[26.2696,-30.5715],[26.2805,-30.5781],[26.2804,-30.5814],[26.2768,-30.5855],[26.2802,-30.5896],[26.291,-30.5918],[26.3091,-30.584],[26.3164,-30.5825],[26.344,-30.5936],[26.356,-30.595],[26.3616,-30.5928],[26.3719,-30.5818],[26.3897,-30.5815],[26.3956,-30.5778],[26.4016,-30.5716],[26.4179,-30.5663],[26.4293,-30.5655],[26.4491,-30.5693],[26.4606,-30.5783],[26.4789,-30.5893],[26.4873,-30.5916],[26.4894,-30.5938],[26.49,-30.6],[26.4857,-30.6131],[26.4807,-30.6213],[26.4809,-30.627],[26.4834,-30.6296],[26.5042,-30.6318],[26.5105,-30.636],[26.5217,-30.6402],[26.5512,-30.6618],[26.5579,-30.6641],[26.5755,-30.6668],[26.5909,-30.6626],[26.6078,-30.664],[26.629,-30.6617],[26.6365,-30.6728],[26.6278,-30.6782],[26.6249,-30.6832],[26.6253,-30.6912],[26.6295,-30.6939],[26.6396,-30.6936],[26.6535,-30.6901],[26.6608,-30.6853],[26.6698,-30.6706],[26.6753,-30.6675],[26.6773,-30.6683],[26.6807,-30.6785],[26.6857,-30.686],[26.6932,-30.6879],[26.7031,-30.6869],[26.7091,-30.684],[26.7257,-30.6664],[26.7366,-30.6646],[26.7516,-30.6662],[26.762,-30.658],[26.7687,-30.6555],[26.7761,-30.6484],[26.8053,-30.6394],[26.8141,-30.6427],[26.8283,-30.6596],[26.8388,-30.6694],[26.8443,-30.6826],[26.8543,-30.6848],[26.8636,-30.6841],[26.8727,-30.6813],[26.8761,-30.6781],[26.8773,-30.6737],[26.8758,-30.6649],[26.8787,-30.6596],[26.8862,-30.6594],[26.8962,-30.6671],[26.9031,-30.6689],[26.918,-30.6651],[26.9286,-30.666],[26.9346,-30.6651],[26.9488,-30.6586],[26.9493,-30.6529],[26.9301,-30.6276],[26.9293,-30.6245],[26.933,-30.619],[26.9398,-30.6174],[26.9479,-30.6076],[26.9794,-30.5979],[27.0005,-30.5946],[27.0056,-30.5957],[27.0103,-30.6041],[27.0138,-30.6064],[27.0279,-30.6046],[27.0337,-30.6007],[27.0426,-30.5876],[27.0415,-30.5815],[27.0392,-30.5791],[27.0265,-30.5786],[27.0178,-30.5613],[27.0054,-30.5579],[27.0004,-30.5534],[26.9981,-30.5487],[27.0024,-30.5398],[27.0057,-30.5373],[27.0129,-30.5363],[27.0226,-30.5375],[27.0274,-30.5343],[27.0349,-30.5374],[27.0427,-30.537],[27.065,-30.5297],[27.0853,-30.5281],[27.089,-30.5305],[27.0871,-30.5393],[27.0913,-30.5477],[27.0963,-30.5537],[27.1061,-30.5583],[27.1135,-30.5534],[27.1213,-30.5409],[27.1327,-30.538],[27.138,-30.5322],[27.1349,-30.5238],[27.1272,-30.5153],[27.1282,-30.5118],[27.1305,-30.5101],[27.1395,-30.5097],[27.1611,-30.5142],[27.1697,-30.5123],[27.1763,-30.5199],[27.1864,-30.5246],[27.206,-30.5074],[27.2057,-30.5006],[27.2095,-30.4935],[27.2099,-30.489],[27.2128,-30.487],[27.2154,-30.4876],[27.219,-30.4923],[27.2183,-30.5055],[27.2197,-30.5086],[27.2215,-30.5104],[27.2283,-30.5107],[27.2297,-30.5096],[27.2295,-30.4992],[27.2336,-30.4933],[27.2331,-30.4848],[27.2395,-30.4806],[27.2448,-30.4807],[27.2456,-30.4818],[27.2481,-30.4868],[27.2482,-30.4953],[27.2511,-30.5025],[27.2622,-30.5037],[27.2665,-30.5063],[27.2747,-30.5022],[27.2833,-30.5031],[27.2902,-30.5103],[27.2964,-30.5122],[27.2985,-30.5116],[27.3007,-30.5088],[27.3012,-30.5016],[27.2984,-30.4946],[27.3064,-30.4906],[27.3243,-30.4877],[27.3284,-30.4834],[27.3261,-30.4783],[27.3211,-30.4756],[27.3148,-30.469],[27.2991,-30.4639],[27.296,-30.4616],[27.2935,-30.4552],[27.3006,-30.4437],[27.3049,-30.4413],[27.311,-30.4411],[27.3235,-30.4467],[27.3396,-30.4506],[27.3479,-30.4492],[27.3556,-30.4431],[27.3687,-30.437],[27.3684,-30.4334],[27.3615,-30.4253],[27.3407,-30.431],[27.3338,-30.4294],[27.3242,-30.4232],[27.3236,-30.4177],[27.3319,-30.4157],[27.3346,-30.4121],[27.3391,-30.4035],[27.3389,-30.3983],[27.3446,-30.3973],[27.3522,-30.4011],[27.366,-30.403],[27.3734,-30.4053],[27.3769,-30.4088],[27.3809,-30.4064],[27.3832,-30.4013],[27.4035,-30.3924],[27.4019,-30.385],[27.4029,-30.3804],[27.3959,-30.3703],[27.3967,-30.3611],[27.3914,-30.3575],[27.3834,-30.3583],[27.3799,-30.3619],[27.3787,-30.3745],[27.3721,-30.3746],[27.3683,-30.3709],[27.3629,-30.3552],[27.367,-30.3452],[27.3664,-30.3387],[27.3583,-30.3358],[27.3534,-30.3359],[27.3489,-30.3324],[27.3511,-30.329],[27.3627,-30.3237],[27.3774,-30.3271]]]}},{"type":"Feature","id":"ZA-GP","properties":{"code":"ZA-GP","name":"Gauteng","country":"ZA","level":"REGION"},"geometry":{"type":"Polygon","coordinates":[[[28.2443,-26.8848],[28.2484,-26.8841],[28.2435,-26.8737],[28.2619,-26.8752],[28.2633,-26.8665],[28.2843,-26.8644],[28.2835,-26.8771],[28.3096,-26.8794],[28.325,-26.8411],[28.3226,-26.8202],[28.3193,-26.8194],[28.3183,-26.8118],[28.3216,-26.8117],[28.3194,-26.7927],[28.3394,-26.7856],[28.3435,-26.7855],[28.3426,-26.7791],[28.3491,-26.7779],[28.3482,-26.7729],[28.4069,-26.7617],[28.394,-26.7168],[28.383,-26.7175],[28.4001,-26.655],[28.415,-26.6562],[28.422,-26.6547],[28.4438,-26.6544],[28.4431,-26.6392],[28.4903,-26.6353],[28.4798,-26.6175],[28.4816,-26.6171],[28.4831,-26.6187],[28.486,-26.6096],[28.4877,-26.6086],[28.4911,-26.6105],[28.4988,-26.6039],[28.5076,-26.6038],[28.5063,-26.5965],[28.5089,-26.5938],[28.5054,-26.5897],[28.5278,-26.5906],[28.533,-26.5779],[28.5285,-26.5649],[28.526,-26.5625],[28.5242,-26.5285],[28.5277,-26.5022],[28.5332,-26.5009],[28.5375,-26.5033],[28.5418,-26.501],[28.5406,-26.5036],[28.5437,-26.507],[28.5738,-26.5161],[28.569,-26.525],[28.5772,-26.5268],[28.58,-26.518],[28.5866,-26.52],[28.5849,-26.5386],[28.6382,-26.5473],[28.6312,-26.5246],[28.6416,-26.5076],[28.6499,-26.5111],[28.6502,-26.508],[28.6534,-26.5087],[28.6618,-26.5059],[28.6889,-26.5131],[28.7639,-26.518],[28.7659,-26.4714],[28.7803,-26.4505],[28.7865,-26.4492],[28.7838,-26.4381],[28.7899,-26.4265],[28.8,-26.424],[28.7991,-26.4211],[28.8055,-26.4222],[28.8322,-26.4078],[28.8613,-26.3986],[28.8503,-26.367],[28.8384,-26.3408],[28.8178,-26.3457],[28.8051,-26.3066],[28.7789,-26.3169],[28.7536,-26.3207],[28.7394,-26.3245],[28.7101,-26.3412],[28.6727,-26.3209],[28.6728,-26.3117],[28.6269,-26.2924],[28.6223,-26.2484],[28.582,-26.2373],[28.5305,-26.2253],[28.5343,-26.1722],[28.5272,-26.1787],[28.5213,-26.1445],[28.4905,-26.1264],[28.4969,-26.1039],[28.5052,-26.0992],[28.5012,-26.0896],[28.5158,-26.0812],[28.5031,-26.0638],[28.5158,-26.0585],[28.5308,-26.0616],[28.5386,-26.0478],[28.5789,-26.0596],[28.5867,-26.016],[28.5909,-26.0025],[28.6323,-25.9708],[28.6527,-25.9743],[28.7108,-25.9906],[28.7575,-25.9906],[28.7579,-25.9837],[28.7624,-25.9831],[28.7739,-26.0137],[28.7939,-26.0046],[28.8329,-26.0048],[28.8648,-26.0013],[28.8673,-26.007],[28.885,-25.9744],[28.8852,-25.9714],[28.8833,-25.9714],[28.8825,-25.9698],[28.8795,-25.9252],[28.889,-25.8803],[28.8839,-25.8784],[28.8868,-25.8714],[28.9382,-25.8886],[28.9504,-25.8374],[28.9433,-25.8244],[28.9382,-25.8233],[28.9576,-25.7746],[28.9813,-25.7425],[28.9507,-25.7283],[28.9688,-25.6733],[29.0646,-25.6424],[29.0566,-25.6326],[29.0661,-25.6305],[29.0642,-25.6207],[29.04,-25.6176],[29.0456,-25.5808],[29.042,-25.5733],[29.0343,-25.5634],[29.0684,-25.5523],[29.0869,-25.5486],[29.0984,-25.5377],[29.0914,-25.5306],[29.08,-25.4946],[29.0774,-25.4962],[29.0787,-25.4996],[29.0587,-25.5272],[29.0482,-25.5202],[29.0474,-25.517],[29.0422,-25.521],[29.036,-25.5213],[29.0137,-25.5132],[29.019,-25.5278],[29.0106,-25.5332],[29.0067,-25.5376],[28.9932,-25.5425],[28.9881,-25.5395],[28.9869,-25.5402],[29.0078,-25.5742],[28.9465,-25.5998],[28.9152,-25.558],[28.9101,-25.5245],[28.8582,-25.5691],[28.8741,-25.5271],[28.8699,-25.5248],[28.8518,-25.5018],[28.8219,-25.5224],[28.7971,-25.542],[28.8085,-25.5732],[28.8431,-25.5664],[28.8584,-25.6348],[28.8629,-25.6355],[28.872,-25.6416],[28.8693,-25.6581],[28.8457,-25.6523],[28.8416,-25.6545],[28.8355,-25.6456],[28.836,-25.6374],[28.8115,-25.643],[28.81,-25.6591],[28.8229,-25.6589],[28.847,-25.6824],[28.8193,-25.6951],[28.8082,-25.689],[28.7927,-25.7024],[28.7793,-25.7019],[28.7693,-25.6988],[28.7681,-25.7009],[28.7653,-25.7006],[28.7649,-25.7036],[28.7572,-25.7059],[28.7574,-25.6953],[28.7528,-25.6939],[28.759,-25.678],[28.7663,-25.647],[28.7382,-25.6339],[28.7239,-25.6318],[28.7221,-25.6442],[28.7088,-25.6828],[28.6838,-25.6754],[28.6727,-25.665],[28.6747,-25.6588],[28.6425,-25.5899],[28.6473,-25.5856],[28.6454,-25.5858],[28.635,-25.5592],[28.6267,-25.5311],[28.6258,-25.523],[28.634,-25.5199],[28.6321,-25.4884],[28.621,-25.4707],[28.6154,-25.4679],[28.6208,-25.4632],[28.6295,-25.4594],[28.6253,-25.4476],[28.6198,-25.4114],[28.6389,-25.394],[28.6226,-25.3336],[28.6332,-25.3315],[28.6413,-25.3276],[28.6792,-25.303],[28.6956,-25.2945],[28.7329,-25.2827],[28.7396,-25.2885],[28.7324,-25.2692],[28.7638,-25.2211],[28.7791,-25.2308],[28.7846,-25.2287],[28.7754,-25.1838],[28.7765,-25.1837],[28.7574,-25.1499],[28.7592,-25.1497],[28.7446,-25.1096],[28.7101,-25.1161],[28.6683,-25.1385],[28.6516,-25.1429],[28.6159,-25.1516],[28.6381,-25.1839],[28.6381,-25.1866],[28.6553,-25.2135],[28.6786,-25.2108],[28.6768,-25.2171],[28.6799,-25.2203],[28.6756,-25.227],[28.6755,-25.235],[28.6691,-25.2414],[28.6712,-25.2477],[28.6643,-25.2518],[28.6593,-25.2348],[28.6326,-25.28],[28.6313,-25.2802],[28.6044,-25.2521],[28.6047,-25.2535],[28.6029,-25.2542],[28.5948,-25.2494],[28.5637,-25.2494],[28.5643,-25.2522],[28.5133,-25.2561],[28.5012,-25.2655],[28.5036,-25.3088],[28.4393,-25.3102],[28.4337,-25.3224],[28.3826,-25.3211],[28.3792,-25.2921],[28.2982,-25.3104],[28.2981,-25.3393],[28.2896,-25.3412],[28.2895,-25.3383],[28.2834,-25.3381],[28.2826,-25.3426],[28.2283,-25.3542],[28.2015,-25.3237],[28.1768,-25.3286],[28.1767,-25.3659],[28.1107,-25.3789],[28.108,-25.367],[28.0834,-25.3849],[28.0555,-25.4001],[28.0447,-25.4017],[28.0004,-25.3594],[27.9708,-25.3629],[27.9456,-25.4067],[27.9582,-25.4263],[27.9604,-25.4273],[27.9697,-25.4391],[27.9917,-25.4245],[28.036,-25.4706],[28.0119,-25.4805],[28.0075,-25.4841],[27.9924,-25.518],[28.0244,-25.5307],[28.0524,-25.5358],[28.0495,-25.5596],[28.0307,-25.5584],[27.9815,-25.5428],[27.9576,-25.5926],[27.9722,-25.5979],[27.9806,-25.6328],[27.9649,-25.6348],[27.9652,-25.6454],[27.9571,-25.6437],[27.9572,-25.6477],[27.9523,-25.6535],[27.9519,-25.6713],[27.9538,-25.6729],[27.9575,-25.6937],[27.9482,-25.6952],[27.9795,-25.7515],[27.9731,-25.7568],[27.9646,-25.7577],[27.9558,-25.7566],[27.9527,-25.7596],[27.9493,-25.7597],[27.9546,-25.7869],[27.9596,-25.7861],[27.9632,-25.7871],[27.9622,-25.7919],[27.9637,-25.7991],[27.9572,-25.8005],[27.9602,-25.816],[27.9401,-25.8197],[27.9258,-25.8241],[27.9395,-25.8368],[27.9005,-25.8408],[27.8982,-25.8597],[27.8826,-25.8619],[27.8847,-25.8517],[27.8835,-25.8457],[27.8844,-25.8388],[27.8853,-25.8354],[27.8901,-25.8299],[27.8917,-25.8229],[27.8587,-25.8188],[27.8482,-25.8393],[27.8518,-25.8464],[27.844,-25.8489],[27.8315,-25.8602],[27.791,-25.8747],[27.7445,-25.8946],[27.7427,-25.8502],[27.7358,-25.8553],[27.7303,-25.8552],[27.7046,-25.8683],[27.6849,-25.8754],[27.6639,-25.84],[27.6546,-25.8453],[27.6497,-25.8435],[27.6505,-25.8427],[27.6471,-25.8406],[27.6489,-25.835],[27.6455,-25.8198],[27.6411,-25.8128],[27.6418,-25.8115],[27.6466,-25.8141],[27.6435,-25.7959],[27.6056,-25.8082],[27.5993,-25.8127],[27.5983,-25.8196],[27.5746,-25.836],[27.5598,-25.8428],[27.546,-25.8462],[27.5474,-25.8514],[27.5425,-25.8526],[27.5336,-25.8521],[27.5323,-25.85],[27.5133,-25.8603],[27.5002,-25.8613],[27.4975,-25.8596],[27.4844,-25.8635],[27.4619,-25.8676],[27.47,-25.8881],[27.457,-25.8883],[27.4633,-25.9215],[27.4536,-25.9202],[27.457,-25.9818],[27.4498,-26.0163],[27.4389,-26.0143],[27.4357,-26.0226],[27.434,-26.0225],[27.4352,-26.0269],[27.4313,-26.0523],[27.4252,-26.0894],[27.4224,-26.0892],[27.4194,-26.1175],[27.3617,-26.1157],[27.3583,-26.1546],[27.2914,-26.1446],[27.3084,-26.2252],[27.3301,-26.2818],[27.2993,-26.3045],[27.2748,-26.3143],[27.2348,-26.3383],[27.188,-26.3779],[27.2248,-26.444],[27.2238,-26.4518],[27.2314,-26.5055],[27.2125,-26.5148],[27.1828,-26.5203],[27.1882,-26.5258],[27.1786,-26.521],[27.1563,-26.5243],[27.1588,-26.5254],[27.1671,-26.5514],[27.1745,-26.5492],[27.1826,-26.5631],[27.1826,-26.5746],[27.2284,-26.5711],[27.2345,-26.5949],[27.2332,-26.5955],[27.235,-26.6186],[27.2419,-26.6365],[27.2474,-26.6344],[27.2489,-26.6361],[27.2494,-26.6341],[27.2513,-26.6347],[27.2537,-26.6325],[27.2575,-26.632],[27.2574,-26.6308],[27.2605,-26.6315],[27.2617,-26.6335],[27.2644,-26.6317],[27.2657,-26.6325],[27.2671,-26.6306],[27.2683,-26.6329],[27.2718,-26.6304],[27.2731,-26.6322],[27.2769,-26.629],[27.2768,-26.6259],[27.2789,-26.6265],[27.2793,-26.6244],[27.2797,-26.6258],[27.2855,-26.625],[27.2842,-26.6222],[27.2862,-26.6214],[27.2933,-26.6223],[27.2969,-26.6203],[27.2991,-26.6221],[27.3442,-26.6131],[27.3315,-26.5903],[27.3389,-26.5781],[27.3386,-26.5717],[27.3658,-26.5738],[27.3854,-26.6043],[27.3783,-26.6107],[27.4258,-26.6495],[27.4347,-26.6318],[27.4548,-26.6303],[27.5065,-26.6462],[27.5691,-26.6472],[27.5702,-26.6837],[27.5742,-26.6841],[27.5742,-26.7158],[27.6028,-26.6924],[27.6022,-26.7229],[27.5891,-26.7241],[27.5814,-26.731],[27.5888,-26.7357],[27.5904,-26.7384],[27.5967,-26.7373],[27.6009,-26.7406],[27.6064,-26.7413],[27.6087,-26.7392],[27.6105,-26.7326],[27.6295,-26.7324],[27.6334,-26.7337],[27.6346,-26.7388],[27.6323,-26.7455],[27.6358,-26.7515],[27.6284,-26.766],[27.6297,-26.7697],[27.6328,-26.7721],[27.6388,-26.7711],[27.6431,-26.7685],[27.6662,-26.7736],[27.6753,-26.7717],[27.6882,-26.7618],[27.7017,-26.764],[27.7249,-26.7603],[27.7283,-26.7608],[27.7325,-26.7627],[27.742,-26.7706],[27.7495,-26.7878],[27.7597,-26.7969],[27.7698,-26.7993],[27.7727,-26.7941],[27.7671,-26.7829],[27.7681,-26.7652],[27.7705,-26.759],[27.7824,-26.7508],[27.7902,-26.7496],[27.8098,-26.7509],[27.8216,-26.7495],[27.8306,-26.7511],[27.8495,-26.7456],[27.8579,-26.747],[27.8663,-26.7462],[27.8722,-26.7477],[27.88,-26.7462],[27.883,-26.744],[27.8847,-26.7343],[27.8928,-26.7259],[27.8949,-26.7212],[27.8955,-26.7178],[27.8918,-26.7144],[27.8932,-26.7109],[27.908,-26.7059],[27.9135,-26.7065],[27.9256,-26.7038],[27.9352,-26.6927],[27.9387,-26.6797],[27.9425,-26.6746],[27.953,-26.6717],[27.9636,-26.6712],[27.9691,-26.6688],[27.9729,-26.6692],[27.9775,-26.6719],[27.9827,-26.6801],[27.9869,-26.6827],[27.9996,-26.696],[28.0004,-26.7058],[27.992,-26.7275],[27.993,-26.7346],[28.0017,-26.7483],[28.0068,-26.7631],[28.0069,-26.7689],[28.0201,-26.7754],[28.0245,-26.7796],[28.0284,-26.7805],[28.0265,-26.7844],[28.0155,-26.7896],[28.0146,-26.7936],[28.0216,-26.7959],[28.035,-26.7948],[28.0378,-26.7973],[28.0455,-26.8],[28.0491,-26.8032],[28.051,-26.8141],[28.0656,-26.8209],[28.0657,-26.8235],[28.0709,-26.8264],[28.0763,-26.8323],[28.088,-26.8379],[28.1148,-26.8444],[28.1213,-26.8558],[28.1208,-26.8694],[28.1162,-26.8735],[28.1156,-26.8764],[28.1161,-26.8833],[28.1191,-26.8893],[28.1251,-26.8909],[28.1324,-26.8877],[28.1429,-26.8898],[28.1501,-26.8846],[28.1539,-26.8841],[28.1581,-26.8849],[28.1638,-26.8904],[28.1678,-26.8906],[28.17,-26.8889],[28.1713,-26.8837],[28.1678,-26.868],[28.1538,-26.8513],[28.1562,-26.847],[28.1601,-26.8454],[28.1717,-26.8458],[28.1786,-26.8532],[28.1799,-26.8618],[28.1856,-26.8741],[28.1842,-26.8887],[28.1858,-26.8917],[28.1932,-26.8962],[28.203,-26.9116],[28.2162,-26.9122],[28.2259,-26.9237],[28.2308,-26.9229],[28.2403,-26.9164],[28.2385,-26.913],[28.2297,-26.9063],[28.2273,-26.8972],[28.2283,-26.8918],[28.2354,-26.8814],[28.2388,-26.8816],[28.2443,-26.8848]]]}},{"type":"Feature","id":"ZA-KZN","properties":{"code":"ZA-KZN","name":"KwaZulu-Natal","country":"ZA","level":"REGION"},"geometry":{"type":"Polygon","coordinates":[[[30.1939,-31.0813],[30.194,-31.0826],[30.1966,-31.0821],[30.2034,-31.0766],[30.2096,-31.0747],[30.2132,-31.07],[30.2258,-31.0602],[30.2306,-31.0501],[30.2283,-31.0433],[30.2365,-31.0363],[30.2377,-31.0326],[30.2413,-31.0301],[30.2444,-31.03],[30.2471,-31.0223],[30.2551,-31.0188],[30.256,-31.0159],[30.2588,-31.0143],[30.2583,-31.0106],[30.2677,-31.0031],[30.2689,-30.9957],[30.2748,-30.9921],[30.2776,-30.9874],[30.2775,-30.9835],[30.2836,-30.9741],[30.2983,-30.9629],[30.3026,-30.9537],[30.3011,-30.9489],[30.3048,-30.9446],[30.3045,-30.9413],[30.3077,-30.9369],[30.3161,-30.93],[30.3173,-30.9264],[30.3288,-30.9189],[30.3296,-30.9162],[30.3345,-30.9122],[30.3337,-30.9102],[30.3355,-30.9076],[30.3377,-30.9074],[30.3377,-30.9056],[30.3415,-30.9043],[30.3436,-30.9004],[30.3469,-30.8986],[30.3465,-30.8953],[30.3496,-30.892],[30.3492,-30.8898],[30.3564,-30.8841],[30.3584,-30.8812],[30.3581,-30.8788],[30.3668,-30.8735],[30.368,-30.8707],[30.3704,-30.8702],[30.3725,-30.8662],[30.3722,-30.8618],[30.3786,-30.8565],[30.3863,-30.8532],[30.3938,-30.8437],[30.3963,-30.8381],[30.3952,-30.8358],[30.4045,-30.8284],[30.4067,-30.8215],[30.4052,-30.8204],[30.4059,-30.8181],[30.4116,-30.814],[30.4115,-30.8109],[30.4139,-30.809],[30.413,-30.805],[30.4223,-30.7944],[30.4242,-30.7871],[30.432,-30.7801],[30.4364,-30.7726],[30.4443,-30.7662],[30.4482,-30.7594],[30.4481,-30.7559],[30.4599,-30.7428],[30.4585,-30.7398],[30.4634,-30.7321],[30.4806,-30.7155],[30.4804,-30.7119],[30.4832,-30.7078],[30.4918,-30.7008],[30.4988,-30.6881],[30.5102,-30.677],[30.5111,-30.6718],[30.5141,-30.6656],[30.518,-30.6621],[30.519,-30.6574],[30.5328,-30.6429],[30.535,-30.6422],[30.5375,-30.6383],[30.5366,-30.6364],[30.5397,-30.6325],[30.5472,-30.6275],[30.5447,-30.6242],[30.5475,-30.6149],[30.5627,-30.5962],[30.5691,-30.5914],[30.584,-30.5601],[30.5909,-30.5549],[30.5935,-30.5485],[30.6061,-30.5397],[30.6087,-30.5346],[30.6075,-30.5316],[30.611,-30.5244],[30.6247,-30.5127],[30.625,-30.5077],[30.6328,-30.4975],[30.6343,-30.4875],[30.6426,-30.4748],[30.6536,-30.464],[30.6542,-30.4558],[30.6604,-30.4474],[30.6612,-30.4436],[30.6682,-30.4372],[30.6707,-30.4318],[30.6738,-30.4299],[30.6719,-30.4249],[30.6737,-30.4203],[30.6805,-30.413],[30.6855,-30.4021],[30.6932,-30.3958],[30.6958,-30.3881],[30.701,-30.3831],[30.7024,-30.3761],[30.7081,-30.3689],[30.7179,-30.3607],[30.7186,-30.3564],[30.7226,-30.3508],[30.7357,-30.3388],[30.7351,-30.3328],[30.7412,-30.3224],[30.7469,-30.3052],[30.7517,-30.2975],[30.7598,-30.2889],[30.7611,-30.2808],[30.7595,-30.2782],[30.7614,-30.2737],[30.7707,-30.2612],[30.7818,-30.2506],[30.7815,-30.2456],[30.7878,-30.2373],[30.79,-30.2307],[30.7984,-30.2215],[30.7982,-30.2165],[30.8031,-30.2061],[30.8033,-30.2022],[30.8109,-30.1906],[30.8194,-30.1716],[30.8366,-30.144],[30.8466,-30.1324],[30.8593,-30.1027],[30.8635,-30.0967],[30.8632,-30.0935],[30.8849,-30.0584],[30.8987,-30.0417],[30.9254,-30.0183],[30.9431,-30.0054],[30.9536,-29.993],[30.9685,-29.9823],[30.991,-29.9556],[31.0134,-29.9334],[31.0213,-29.9224],[31.0358,-29.9086],[31.0596,-29.8795],[31.0614,-29.876],[31.0604,-29.8688],[31.064,-29.8654],[31.0591,-29.8664],[31.0555,-29.8701],[31.0467,-29.8654],[31.0387,-29.8483],[31.0368,-29.8345],[31.0386,-29.8224],[31.044,-29.8044],[31.0599,-29.771],[31.0888,-29.7281],[31.096,-29.7116],[31.1129,-29.6838],[31.1175,-29.673],[31.123,-29.6663],[31.1313,-29.6483],[31.1591,-29.6128],[31.1719,-29.5912],[31.1841,-29.5767],[31.1858,-29.5718],[31.2055,-29.5528],[31.2164,-29.5449],[31.2235,-29.5366],[31.2231,-29.5339],[31.2281,-29.5245],[31.2277,-29.522],[31.2357,-29.508],[31.2511,-29.4901],[31.2575,-29.486],[31.2648,-29.4783],[31.2787,-29.46],[31.2853,-29.455],[31.2878,-29.4485],[31.2934,-29.4437],[31.2926,-29.4422],[31.2948,-29.4385],[31.3112,-29.4215],[31.318,-29.4098],[31.3342,-29.3967],[31.3359,-29.3935],[31.3353,-29.3902],[31.3401,-29.3828],[31.3487,-29.3758],[31.3578,-29.3656],[31.3918,-29.3382],[31.3953,-29.3311],[31.4093,-29.3164],[31.4225,-29.3079],[31.4293,-29.2985],[31.4378,-29.2927],[31.4434,-29.284],[31.4432,-29.2796],[31.4522,-29.2688],[31.4708,-29.2532],[31.4821,-29.2476],[31.4828,-29.2441],[31.4891,-29.2351],[31.5002,-29.2301],[31.5046,-29.2247],[31.5229,-29.2105],[31.5397,-29.194],[31.5576,-29.1809],[31.5713,-29.1682],[31.6033,-29.1327],[31.6374,-29.0902],[31.6583,-29.0731],[31.6771,-29.0527],[31.7112,-29.0225],[31.7306,-28.9983],[31.7581,-28.9703],[31.7796,-28.9586],[31.7998,-28.9506],[31.8156,-28.9465],[31.8203,-28.9436],[31.8423,-28.9415],[31.8844,-28.9262],[31.9185,-28.9175],[31.9355,-28.9094],[31.9408,-28.9055],[31.9603,-28.9005],[32.0042,-28.8822],[32.0128,-28.877],[32.0281,-28.8646],[32.0293,-28.8654],[32.0662,-28.8316],[32.0886,-28.8147],[32.0997,-28.7999],[32.125,-28.7815],[32.1568,-28.7485],[32.1941,-28.7194],[32.2257,-28.6853],[32.2498,-28.6665],[32.2737,-28.6528],[32.2897,-28.6406],[32.2975,-28.6342],[32.3027,-28.6254],[32.3123,-28.6144],[32.3397,-28.5959],[32.3592,-28.5787],[32.3808,-28.553],[32.3994,-28.5253],[32.4012,-28.5177],[32.4114,-28.4951],[32.4148,-28.4764],[32.4706,-28.4853],[32.476,-28.4546],[32.483,-28.4303],[32.4833,-28.4228],[32.4796,-28.4061],[32.483,-28.3883],[32.4947,-28.3664],[32.5316,-28.3096],[32.578,-28.2275],[32.5987,-28.186],[32.6146,-28.1417],[32.6142,-28.112],[32.616,-28.0926],[32.6329,-28.0156],[32.6406,-27.9874],[32.6499,-27.9397],[32.6511,-27.928],[32.6484,-27.9234],[32.6457,-27.9017],[32.6555,-27.8319],[32.6638,-27.7907],[32.6791,-27.7365],[32.6945,-27.698],[32.6975,-27.6837],[32.7025,-27.6709],[32.7023,-27.6654],[32.7103,-27.6368],[32.7153,-27.604],[32.7268,-27.5766],[32.735,-27.5508],[32.7361,-27.5412],[32.732,-27.5382],[32.7297,-27.5301],[32.7328,-27.5106],[32.7528,-27.4673],[32.7663,-27.4477],[32.773,-27.4244],[32.7844,-27.4028],[32.7843,-27.3991],[32.7921,-27.3752],[32.8039,-27.3534],[32.8036,-27.3458],[32.8054,-27.3391],[32.8183,-27.3156],[32.8244,-27.3006],[32.8266,-27.2945],[32.8251,-27.2895],[32.8274,-27.2801],[32.8464,-27.2464],[32.8477,-27.2425],[32.8463,-27.2377],[32.8472,-27.2331],[32.8616,-27.2043],[32.8584,-27.2004],[32.8603,-27.1879],[32.8813,-27.1537],[32.8843,-27.1519],[32.881,-27.1492],[32.8822,-27.1446],[32.8911,-27.1277],[32.8964,-27.1208],[32.8942,-27.1127],[32.9035,-27.09],[32.9046,-27.0716],[32.914,-27.0507],[32.9164,-27.0361],[32.9222,-27.0226],[32.9191,-27.0187],[32.919,-27.0133],[32.9264,-26.9929],[32.9309,-26.9745],[32.9278,-26.9567],[32.9335,-26.9346],[32.9367,-26.8957],[32.945,-26.872],[32.8913,-26.8579],[32.891,-26.8589],[32.8909,-26.8579],[32.8878,-26.858],[32.8573,-26.864],[32.8069,-26.8645],[32.7725,-26.8628],[32.7258,-26.8677],[32.6829,-26.8681],[32.5657,-26.8645],[32.3468,-26.8641],[32.3461,-26.8551],[32.3412,-26.8556],[32.3387,-26.86],[32.331,-26.8639],[32.3254,-26.8562],[32.3206,-26.8527],[32.3165,-26.8528],[32.3082,-26.8565],[32.2957,-26.8528],[32.2879,-26.853],[32.2804,-26.8488],[32.2753,-26.8496],[32.2636,-26.8473],[32.2569,-26.8486],[32.2534,-26.8434],[32.2488,-26.8405],[32.2369,-26.8389],[32.2197,-26.8328],[32.2151,-26.8346],[32.2078,-26.8404],[32.2045,-26.8548],[32.1976,-26.8566],[32.1863,-26.863],[32.182,-26.8631],[32.1645,-26.8595],[32.1547,-26.8559],[32.1439,-26.8486],[32.1405,-26.8408],[32.1237,-26.8401],[32.1202,-26.8388],[32.1084,-26.821],[32.1052,-26.8093],[32.1001,-26.8051],[32.093,-26.8048],[32.0716,-26.8097],[32.0655,-26.8118],[32.0602,-26.8172],[32.054,-26.8184],[32.0452,-26.8169],[32.0387,-26.8122],[32.0346,-26.8071],[32.0275,-26.8058],[32.0176,-26.8075],[32.0113,-26.8102],[32.0159,-26.8199],[31.996,-26.9241],[32.0005,-26.9381],[31.9844,-27.0012],[31.9867,-27.0062],[31.9849,-27.0386],[31.9796,-27.091],[31.9745,-27.1164],[31.9767,-27.1219],[31.977,-27.1306],[31.9741,-27.1484],[31.9771,-27.2228],[31.9757,-27.3108],[31.9778,-27.3175],[31.4937,-27.3152],[31.2743,-27.2432],[31.2048,-27.3171],[31.1659,-27.3685],[31.1409,-27.3627],[31.101,-27.3358],[31.1016,-27.3332],[31.0988,-27.3298],[31.084,-27.3356],[31.0788,-27.3431],[31.0652,-27.3383],[31.0508,-27.3432],[31.0484,-27.3451],[31.0462,-27.3519],[31.044,-27.3533],[31.038,-27.3515],[31.0348,-27.3458],[31.0309,-27.3463],[31.0243,-27.3519],[31.0205,-27.3606],[31.0139,-27.355],[31.0106,-27.3491],[31.0084,-27.3488],[31.0052,-27.3515],[31.0026,-27.3588],[30.9847,-27.3575],[30.9815,-27.3592],[30.9774,-27.358],[30.97,-27.3633],[30.9631,-27.3658],[30.9599,-27.3641],[30.9581,-27.3606],[30.9554,-27.3597],[30.948,-27.3661],[30.9422,-27.3681],[30.9405,-27.3652],[30.9413,-27.3601],[30.9382,-27.3567],[30.9393,-27.3466],[30.9315,-27.3405],[30.9233,-27.3305],[30.9245,-27.3255],[30.921,-27.3182],[30.9245,-27.3113],[30.9238,-27.306],[30.9222,-27.305],[30.9155,-27.3054],[30.9116,-27.3081],[30.9097,-27.3054],[30.9065,-27.3055],[30.9023,-27.3081],[30.8867,-27.3108],[30.8841,-27.3087],[30.8821,-27.3124],[30.8752,-27.3143],[30.8659,-27.3127],[30.8637,-27.3196],[30.8648,-27.3318],[30.8618,-27.334],[30.8613,-27.3391],[30.8579,-27.3368],[30.8559,-27.337],[30.8576,-27.3433],[30.8543,-27.3444],[30.8499,-27.3433],[30.8449,-27.3461],[30.8437,-27.3527],[30.8414,-27.3529],[30.8378,-27.35],[30.8302,-27.35],[30.8223,-27.3542],[30.8233,-27.3458],[30.8286,-27.3447],[30.8282,-27.3433],[30.8213,-27.3395],[30.8205,-27.3361],[30.8161,-27.3401],[30.8082,-27.3389],[30.8114,-27.3324],[30.8048,-27.3345],[30.8022,-27.3321],[30.8088,-27.3283],[30.8062,-27.3273],[30.8041,-27.3243],[30.7972,-27.3266],[30.7969,-27.3224],[30.791,-27.3185],[30.7889,-27.3128],[30.7826,-27.3148],[30.7786,-27.3144],[30.7804,-27.3169],[30.7855,-27.3192],[30.7844,-27.3243],[30.7742,-27.3243],[30.771,-27.3264],[30.769,-27.319],[30.7662,-27.3193],[30.7628,-27.3145],[30.76,-27.3136],[30.7627,-27.3074],[30.7583,-27.3044],[30.7556,-27.3046],[30.7508,-27.2987],[30.7433,-27.3061],[30.7419,-27.3032],[30.7438,-27.3006],[30.7403,-27.2946],[30.7344,-27.2952],[30.7283,-27.2993],[30.7251,-27.2956],[30.7261,-27.2936],[30.7249,-27.2896],[30.7207,-27.2909],[30.7179,-27.2872],[30.7188,-27.2845],[30.7178,-27.2838],[30.7132,-27.2861],[30.7068,-27.2833],[30.6606,-27.2879],[30.5871,-27.3231],[30.5577,-27.3276],[30.5511,-27.3255],[30.5462,-27.3258],[30.5408,-27.3216],[30.5257,-27.3151],[30.4974,-27.3124],[30.475,-27.3195],[30.4663,-27.3243],[30.4659,-27.3263],[30.4621,-27.3252],[30.4583,-27.3267],[30.4532,-27.3251],[30.4483,-27.3277],[30.4335,-27.3257],[30.426,-27.315],[30.4264,-27.2698],[30.3976,-27.2738],[30.3676,-27.2674],[30.3684,-27.2873],[30.3667,-27.3117],[30.3284,-27.2996],[30.3175,-27.302],[30.3022,-27.3174],[30.2825,-27.3144],[30.2816,-27.3282],[30.2787,-27.3326],[30.2804,-27.3503],[30.2799,-27.3686],[30.2466,-27.3739],[30.2347,-27.3807],[30.2286,-27.3653],[30.1981,-27.3552],[30.1901,-27.3689],[30.1781,-27.3783],[30.1658,-27.3875],[30.1607,-27.3871],[30.1502,-27.3922],[30.1541,-27.397],[30.1527,-27.4043],[30.1434,-27.4134],[30.1116,-27.3865],[30.0868,-27.3685],[30.079,-27.3702],[30.0683,-27.3659],[30.0522,-27.3797],[30.0464,-27.3868],[30.0396,-27.3893],[30.0306,-27.3867],[30.0245,-27.3945],[30.0162,-27.3976],[29.9951,-27.3884],[29.9785,-27.373],[29.9555,-27.3649],[29.9172,-27.3544],[29.9094,-27.3738],[29.8988,-27.3858],[29.8901,-27.3855],[29.8864,-27.3817],[29.8851,-27.3766],[29.8662,-27.3841],[29.8463,-27.3787],[29.8402,-27.379],[29.8349,-27.3903],[29.836,-27.3969],[29.8337,-27.4038],[29.8249,-27.407],[29.8217,-27.4115],[29.8226,-27.4273],[29.8145,-27.4306],[29.8137,-27.4339],[29.8113,-27.4357],[29.8114,-27.4461],[29.8058,-27.4504],[29.7991,-27.4512],[29.7962,-27.4577],[29.7909,-27.4592],[29.7734,-27.4538],[29.7594,-27.4444],[29.7587,-27.4426],[29.7352,-27.4507],[29.7169,-27.4649],[29.7084,-27.4618],[29.7032,-27.472],[29.7143,-27.4804],[29.7319,-27.4879],[29.725,-27.4894],[29.7216,-27.4883],[29.7105,-27.4987],[29.7109,-27.5101],[29.7092,-27.5136],[29.7124,-27.5184],[29.7246,-27.5243],[29.736,-27.5196],[29.7434,-27.5231],[29.7448,-27.5255],[29.7584,-27.5271],[29.7585,-27.5295],[29.7655,-27.5367],[29.766,-27.5413],[29.7711,-27.5465],[29.7721,-27.5534],[29.7804,-27.5595],[29.7838,-27.5735],[29.7808,-27.5791],[29.7796,-27.5873],[29.7851,-27.5967],[29.7808,-27.5994],[29.774,-27.5951],[29.7707,-27.5956],[29.7589,-27.6015],[29.7569,-27.604],[29.7522,-27.6051],[29.7489,-27.6137],[29.7402,-27.6056],[29.7348,-27.6071],[29.7315,-27.613],[29.7312,-27.6177],[29.7281,-27.6167],[29.7229,-27.6188],[29.7196,-27.6257],[29.7206,-27.6268],[29.7183,-27.6295],[29.7148,-27.6319],[29.7121,-27.6306],[29.7072,-27.6336],[29.7084,-27.6344],[29.6979,-27.6408],[29.6844,-27.6377],[29.678,-27.6389],[29.6712,-27.6505],[29.6743,-27.66],[29.6698,-27.6672],[29.6701,-27.6701],[29.6779,-27.6771],[29.6838,-27.6796],[29.6854,-27.6814],[29.6854,-27.6862],[29.6939,-27.6953],[29.6997,-27.698],[29.709,-27.6985],[29.7086,-27.7165],[29.7123,-27.7209],[29.71,-27.7222],[29.7086,-27.7262],[29.7103,-27.7302],[29.7091,-27.7389],[29.7047,-27.7469],[29.7083,-27.7572],[29.703,-27.7614],[29.7035,-27.7667],[29.7108,-27.7716],[29.7078,-27.7752],[29.709,-27.7799],[29.7127,-27.7805],[29.7175,-27.7875],[29.7115,-27.7927],[29.7108,-27.7956],[29.724,-27.7968],[29.7283,-27.801],[29.7313,-27.8081],[29.7293,-27.812],[29.7229,-27.8128],[29.7217,-27.8118],[29.716,-27.8147],[29.7134,-27.8181],[29.7095,-27.8157],[29.7038,-27.8189],[29.7023,-27.8222],[29.697,-27.8245],[29.6963,-27.8291],[29.6938,-27.8323],[29.6931,-27.8393],[29.6969,-27.8437],[29.7028,-27.8566],[29.699,-27.8598],[29.6871,-27.8585],[29.6896,-27.8644],[29.685,-27.8675],[29.6872,-27.878],[29.6858,-27.8831],[29.683,-27.8836],[29.6827,-27.888],[29.6869,-27.8907],[29.6903,-27.8957],[29.682,-27.9068],[29.678,-27.9088],[29.6717,-27.917],[29.6641,-27.9213],[29.6567,-27.9189],[29.6538,-27.9233],[29.6578,-27.9245],[29.6632,-27.93],[29.6576,-27.9374],[29.6646,-27.9418],[29.6732,-27.9432],[29.6797,-27.9574],[29.6768,-27.9595],[29.6737,-27.9576],[29.6668,-27.9584],[29.6636,-27.9573],[29.6508,-27.9667],[29.6359,-27.9945],[29.6394,-28.0156],[29.6169,-28.0468],[29.6318,-28.069],[29.6555,-28.09],[29.6526,-28.0988],[29.6606,-28.1261],[29.6541,-28.1383],[29.6633,-28.142],[29.6628,-28.1773],[29.6263,-28.1857],[29.6096,-28.215],[29.6244,-28.2249],[29.6198,-28.2412],[29.5587,-28.2583],[29.5506,-28.2472],[29.5099,-28.2654],[29.4829,-28.2722],[29.4793,-28.2907],[29.4587,-28.3104],[29.4376,-28.3211],[29.4381,-28.3321],[29.4277,-28.3393],[29.4143,-28.3759],[29.3734,-28.3719],[29.3575,-28.388],[29.3388,-28.3988],[29.3201,-28.4068],[29.3226,-28.424],[29.2901,-28.4379],[29.2685,-28.4318],[29.2615,-28.4337],[29.2487,-28.4249],[29.229,-28.4563],[29.1915,-28.4938],[29.2162,-28.519],[29.1964,-28.545],[29.1787,-28.5427],[29.171,-28.53],[29.1615,-28.5421],[29.135,-28.5663],[29.0963,-28.5451],[28.974,-28.5746],[28.9613,-28.5972],[28.966,-28.6053],[28.9559,-28.6075],[28.9486,-28.6133],[28.9466,-28.6208],[28.9443,-28.6226],[28.9409,-28.6314],[28.9446,-28.6387],[28.9428,-28.6509],[28.9357,-28.6538],[28.9346,-28.6569],[28.9284,-28.6601],[28.926,-28.6638],[28.922,-28.6637],[28.9148,-28.6718],[28.9089,-28.6814],[28.9034,-28.6872],[28.8991,-28.6873],[28.8972,-28.6909],[28.8962,-28.6947],[28.9,-28.7032],[28.8921,-28.7449],[28.8913,-28.7465],[28.883,-28.7487],[28.8736,-28.7707],[28.8738,-28.7725],[28.8805,-28.7746],[28.8883,-28.775],[28.8936,-28.7662],[28.9064,-28.759],[28.9078,-28.7605],[28.9124,-28.7606],[28.9154,-28.7643],[28.9154,-28.77],[28.921,-28.7707],[28.9321,-28.7749],[28.9438,-28.7827],[28.9452,-28.7872],[28.9421,-28.7875],[28.939,-28.7854],[28.9359,-28.7918],[28.9322,-28.7919],[28.9478,-28.798],[28.949,-28.8043],[28.9404,-28.8066],[28.9362,-28.8048],[28.9342,-28.8068],[28.9348,-28.8094],[28.9297,-28.8097],[28.922,-28.8128],[28.9242,-28.8171],[28.931,-28.8203],[28.9351,-28.8204],[28.9396,-28.8184],[28.9377,-28.8236],[28.9459,-28.8251],[28.945,-28.8272],[28.9483,-28.8286],[28.9457,-28.8339],[28.9477,-28.8409],[28.9446,-28.843],[28.9462,-28.8462],[28.951,-28.8492],[28.953,-28.8534],[28.9521,-28.8551],[28.9465,-28.8539],[28.9432,-28.8551],[28.9445,-28.8567],[28.9395,-28.8597],[28.9398,-28.8624],[28.9485,-28.8689],[28.9535,-28.8678],[28.958,-28.8696],[28.962,-28.8688],[28.9609,-28.8701],[28.9629,-28.8712],[28.9572,-28.8768],[28.9613,-28.8811],[28.9643,-28.8821],[28.9627,-28.8845],[28.9639,-28.887],[28.9742,-28.8912],[28.975,-28.9039],[28.9727,-28.9069],[28.9802,-28.9147],[28.9865,-28.9157],[28.9908,-28.9143],[28.9942,-28.9052],[29.0035,-28.9025],[29.0055,-28.8976],[29.012,-28.8973],[29.0134,-28.8944],[29.01,-28.8904],[29.0114,-28.8873],[29.0101,-28.8859],[29.0121,-28.8853],[29.011,-28.8844],[29.0123,-28.8835],[29.019,-28.8819],[29.0291,-28.888],[29.029,-28.8982],[29.0378,-28.9055],[29.039,-28.9079],[29.0381,-28.9112],[29.0413,-28.9151],[29.0488,-28.9141],[29.0579,-28.9185],[29.0598,-28.9162],[29.0638,-28.9157],[29.0711,-28.9185],[29.0778,-28.9181],[29.0724,-28.9227],[29.0772,-28.9285],[29.0735,-28.9351],[29.0739,-28.9377],[29.0789,-28.9393],[29.0856,-28.9358],[29.0892,-28.9375],[29.0933,-28.9367],[29.0935,-28.9386],[29.0994,-28.9422],[29.1012,-28.9481],[29.1083,-28.9493],[29.1112,-28.9532],[29.1267,-28.9639],[29.1305,-28.969],[29.1286,-28.9696],[29.1263,-28.9682],[29.1233,-28.9704],[29.1245,-28.9803],[29.1336,-28.9851],[29.1376,-28.9837],[29.1378,-28.9814],[29.1408,-28.9817],[29.1434,-28.9847],[29.1517,-28.9878],[29.1492,-28.9897],[29.1527,-28.9902],[29.1546,-28.9975],[29.1592,-29.0031],[29.1669,-29.002],[29.1782,-29.0033],[29.1856,-29.0133],[29.2019,-29.0154],[29.2088,-29.0224],[29.2153,-29.0261],[29.2173,-29.0311],[29.215,-29.0348],[29.2111,-29.0372],[29.2136,-29.0407],[29.2119,-29.0461],[29.2153,-29.0485],[29.2256,-29.0494],[29.2296,-29.0568],[29.2279,-29.0631],[29.2398,-29.073],[29.2413,-29.076],[29.2526,-29.0822],[29.2548,-29.0895],[29.2588,-29.0906],[29.2611,-29.0895],[29.2632,-29.0856],[29.2693,-29.0812],[29.2746,-29.0797],[29.2795,-29.0756],[29.3078,-29.0766],[29.3125,-29.0793],[29.3146,-29.0856],[29.3255,-29.0972],[29.3261,-29.1013],[29.3295,-29.1016],[29.338,-29.1069],[29.3388,-29.1096],[29.3494,-29.1187],[29.3489,-29.1208],[29.3564,-29.1282],[29.3548,-29.1311],[29.3571,-29.1352],[29.3536,-29.1375],[29.3513,-29.1423],[29.3531,-29.1476],[29.3488,-29.1485],[29.3439,-29.1535],[29.3487,-29.1627],[29.3467,-29.165],[29.3472,-29.1738],[29.344,-29.1777],[29.3446,-29.1875],[29.3548,-29.1949],[29.357,-29.202],[29.3628,-29.2051],[29.3681,-29.2052],[29.3811,-29.2014],[29.388,-29.2048],[29.4009,-29.2081],[29.4083,-29.2123],[29.4136,-29.2212],[29.4089,-29.2219],[29.4069,-29.2288],[29.4153,-29.2318],[29.4182,-29.2369],[29.4217,-29.2384],[29.426,-29.2498],[29.4228,-29.2525],[29.4187,-29.2521],[29.4185,-29.2581],[29.4209,-29.2601],[29.4266,-29.2603],[29.4348,-29.2631],[29.4401,-29.2698],[29.4396,-29.2798],[29.4352,-29.2797],[29.4365,-29.286],[29.4397,-29.289],[29.4402,-29.2941],[29.4432,-29.2987],[29.4427,-29.3011],[29.4393,-29.3037],[29.4398,-29.3077],[29.4383,-29.3093],[29.4425,-29.3119],[29.4416,-29.3145],[29.4471,-29.3163],[29.4486,-29.3208],[29.4517,-29.321],[29.4523,-29.3293],[29.4557,-29.3363],[29.4556,-29.3412],[29.4414,-29.346],[29.4433,-29.3514],[29.4416,-29.3578],[29.4446,-29.3649],[29.4489,-29.3684],[29.4483,-29.3713],[29.4461,-29.3725],[29.447,-29.3763],[29.4364,-29.3861],[29.4373,-29.3945],[29.4359,-29.3961],[29.4195,-29.3968],[29.4185,-29.4063],[29.4226,-29.4141],[29.42,-29.4166],[29.4105,-29.4171],[29.4066,-29.4207],[29.4023,-29.4297],[29.4019,-29.4339],[29.3996,-29.4358],[29.4034,-29.4445],[29.3999,-29.4451],[29.4004,-29.447],[29.3974,-29.4472],[29.3936,-29.4512],[29.3885,-29.4518],[29.3876,-29.4557],[29.3833,-29.4563],[29.3802,-29.4541],[29.3771,-29.4548],[29.3731,-29.4632],[29.3679,-29.4639],[29.3644,-29.4666],[29.3631,-29.4702],[29.3459,-29.4652],[29.3404,-29.4684],[29.3394,-29.4722],[29.3278,-29.4707],[29.3258,-29.4742],[29.3211,-29.4757],[29.3197,-29.4779],[29.3238,-29.4869],[29.316,-29.488],[29.3099,-29.4862],[29.3071,-29.4829],[29.3005,-29.4863],[29.2966,-29.4866],[29.2933,-29.4901],[29.2948,-29.4937],[29.3041,-29.5034],[29.305,-29.5098],[29.3069,-29.5103],[29.3051,-29.5171],[29.2997,-29.5192],[29.2932,-29.5172],[29.2972,-29.5223],[29.3031,-29.5262],[29.3071,-29.5337],[29.313,-29.5369],[29.3127,-29.5458],[29.3069,-29.5494],[29.3056,-29.5542],[29.3148,-29.5585],[29.3165,-29.5625],[29.3205,-29.5631],[29.3212,-29.5661],[29.3241,-29.567],[29.3251,-29.5698],[29.3197,-29.5814],[29.3163,-29.5831],[29.3096,-29.5845],[29.3049,-29.5832],[29.2975,-29.5854],[29.2852,-29.5845],[29.2856,-29.59],[29.2925,-29.6008],[29.2931,-29.6088],[29.2911,-29.6132],[29.2924,-29.6163],[29.2827,-29.6214],[29.2871,-29.6277],[29.2823,-29.6427],[29.2773,-29.6448],[29.269,-29.6429],[29.2646,-29.639],[29.2552,-29.6421],[29.2402,-29.6425],[29.235,-29.6397],[29.2303,-29.6429],[29.2296,-29.6465],[29.227,-29.6451],[29.2219,-29.648],[29.218,-29.6474],[29.2144,-29.655],[29.2114,-29.6551],[29.2086,-29.6598],[29.2001,-29.6599],[29.1911,-29.6707],[29.1879,-29.6715],[29.1828,-29.6681],[29.1785,-29.6759],[29.1718,-29.6789],[29.1629,-29.6769],[29.1597,-29.6826],[29.1636,-29.6887],[29.1615,-29.6911],[29.1627,-29.6924],[29.1622,-29.6973],[29.1591,-29.7016],[29.1607,-29.7068],[29.1507,-29.7085],[29.1495,-29.7122],[29.1464,-29.7135],[29.1452,-29.7164],[29.1516,-29.7336],[29.1489,-29.7347],[29.1498,-29.7369],[29.1465,-29.7385],[29.146,-29.741],[29.136,-29.7391],[29.1358,-29.7439],[29.1379,-29.7485],[29.1407,-29.7503],[29.14,-29.7591],[29.1338,-29.7612],[29.1348,-29.765],[29.1285,-29.7643],[29.1236,-29.7674],[29.1311,-29.7732],[29.1295,-29.7766],[29.1294,-29.7893],[29.1249,-29.7952],[29.1237,-29.8073],[29.1272,-29.8123],[29.1325,-29.8148],[29.1295,-29.8189],[29.1316,-29.8259],[29.1288,-29.8316],[29.1183,-29.8334],[29.1137,-29.8414],[29.1101,-29.8441],[29.103,-29.845],[29.1011,-29.8469],[29.1026,-29.8501],[29.1083,-29.8514],[29.1119,-29.8542],[29.1159,-29.8535],[29.1318,-29.8599],[29.1388,-29.861],[29.1393,-29.8643],[29.1454,-29.8682],[29.1412,-29.875],[29.1414,-29.8771],[29.1459,-29.8789],[29.1489,-29.8839],[29.1543,-29.885],[29.1605,-29.8828],[29.1629,-29.8838],[29.1621,-29.8878],[29.1636,-29.8928],[29.1609,-29.8955],[29.1616,-29.9031],[29.1582,-29.906],[29.1684,-29.912],[29.1696,-29.9161],[29.1621,-29.9214],[29.158,-29.9219],[29.1554,-29.9258],[29.1486,-29.925],[29.1376,-29.9293],[29.1256,-29.9302],[29.1222,-29.933],[29.1186,-29.9331],[29.115,-29.9369],[29.1114,-29.9357],[29.109,-29.937],[29.1091,-29.9423],[29.1064,-29.9443],[29.1045,-29.9548],[29.1025,-29.9571],[29.1041,-29.9591],[29.1037,-29.967],[29.0838,-29.9531],[29.0671,-29.9724],[29.0509,-29.9822],[29.0446,-29.9822],[29.0418,-29.985],[29.0387,-29.9841],[29.0339,-29.986],[29.0322,-29.9876],[29.0334,-29.9923],[29.03,-29.9972],[29.0243,-29.9992],[29.0202,-29.9967],[29.0147,-30.0018],[29.0449,-30.013],[29.0678,-30.044],[29.0901,-30.0567],[29.1073,-30.0785],[29.1119,-30.0972],[29.1137,-30.0963],[29.1172,-30.1002],[29.1212,-30.0988],[29.1186,-30.1029],[29.1196,-30.1054],[29.1174,-30.1054],[29.1145,-30.1023],[29.1123,-30.1056],[29.1152,-30.1078],[29.1148,-30.1106],[29.1186,-30.1094],[29.12,-30.1106],[29.1153,-30.1144],[29.1194,-30.1222],[29.1158,-30.1247],[29.1177,-30.1259],[29.1153,-30.1328],[29.1163,-30.1364],[29.1188,-30.1386],[29.1163,-30.1421],[29.1215,-30.1435],[29.1206,-30.1512],[29.118,-30.1528],[29.1139,-30.1518],[29.1104,-30.1538],[29.1134,-30.1576],[29.1204,-30.1604],[29.1171,-30.1633],[29.1139,-30.1621],[29.1131,-30.1682],[29.1103,-30.1683],[29.1067,-30.1721],[29.1068,-30.1762],[29.1041,-30.1753],[29.1025,-30.1771],[29.1037,-30.1805],[29.1099,-30.1838],[29.1132,-30.1904],[29.1174,-30.1898],[29.1221,-30.192],[29.1208,-30.1943],[29.1141,-30.1939],[29.1108,-30.1969],[29.1124,-30.2096],[29.1197,-30.2059],[29.1216,-30.2073],[29.1215,-30.2099],[29.1271,-30.2112],[29.1323,-30.2149],[29.1318,-30.2166],[29.1241,-30.2179],[29.1224,-30.222],[29.1282,-30.2242],[29.1302,-30.2266],[29.1297,-30.2337],[29.126,-30.2387],[29.1292,-30.2396],[29.1289,-30.2478],[29.133,-30.2497],[29.1319,-30.2516],[29.1355,-30.2562],[29.136,-30.2612],[29.1373,-30.2624],[29.1411,-30.2617],[29.1518,-30.2567],[29.1538,-30.2611],[29.1518,-30.2647],[29.1564,-30.2648],[29.1556,-30.2619],[29.157,-30.2633],[29.1627,-30.2636],[29.1621,-30.2663],[29.1578,-30.2668],[29.156,-30.2685],[29.161,-30.2707],[29.1593,-30.2742],[29.1618,-30.2723],[29.1632,-30.2738],[29.1612,-30.2759],[29.1579,-30.2744],[29.1568,-30.2756],[29.1579,-30.277],[29.1558,-30.2775],[29.1674,-30.2816],[29.1742,-30.2808],[29.1757,-30.2828],[29.1726,-30.2834],[29.1881,-30.2887],[29.2275,-30.2974],[29.2334,-30.3063],[29.2547,-30.3048],[29.2315,-30.2691],[29.2368,-30.2669],[29.2622,-30.2784],[29.3019,-30.3201],[29.2987,-30.3343],[29.2919,-30.3456],[29.2988,-30.3532],[29.305,-30.3799],[29.2771,-30.3762],[29.2824,-30.3957],[29.2382,-30.4049],[29.2276,-30.4103],[29.2273,-30.4263],[29.2185,-30.4212],[29.1968,-30.4344],[29.1984,-30.4623],[29.1878,-30.4842],[29.1773,-30.5157],[29.1504,-30.5104],[29.1402,-30.5338],[29.1448,-30.531],[29.1466,-30.5316],[29.1455,-30.5327],[29.1476,-30.5412],[29.1531,-30.547],[29.1517,-30.5486],[29.1528,-30.5546],[29.1556,-30.5554],[29.1577,-30.5538],[29.1614,-30.547],[29.1579,-30.5476],[29.1578,-30.5451],[29.1598,-30.5447],[29.1611,-30.5418],[29.1653,-30.5435],[29.1663,-30.5414],[29.1631,-30.5396],[29.1651,-30.538],[29.1738,-30.5517],[29.1629,-30.5582],[29.162,-30.5601],[29.1515,-30.5604],[29.1153,-30.5796],[29.1238,-30.5871],[29.146,-30.5952],[29.1353,-30.6051],[29.1681,-30.6131],[29.168,-30.6176],[29.173,-30.6243],[29.1807,-30.6189],[29.1853,-30.6185],[29.1854,-30.6213],[29.1808,-30.6236],[29.1778,-30.6287],[29.1809,-30.6396],[29.1829,-30.6413],[29.1919,-30.6348],[29.1979,-30.6344],[29.1987,-30.632],[29.1955,-30.6283],[29.1952,-30.6245],[29.2046,-30.6202],[29.2111,-30.6215],[29.218,-30.6185],[29.2202,-30.6207],[29.2284,-30.6197],[29.2613,-30.6212],[29.2773,-30.6373],[29.3035,-30.6394],[29.3198,-30.645],[29.3225,-30.6445],[29.3456,-30.6717],[29.3728,-30.649],[29.3855,-30.6501],[29.4013,-30.6394],[29.443,-30.639],[29.4686,-30.6242],[29.5124,-30.6182],[29.5243,-30.6412],[29.5713,-30.6558],[29.5722,-30.6551],[29.5713,-30.6577],[29.5803,-30.654],[29.5876,-30.659],[29.5942,-30.6674],[29.5958,-30.6858],[29.5995,-30.6895],[29.6103,-30.687],[29.6132,-30.6879],[29.6143,-30.6867],[29.617,-30.6889],[29.6202,-30.6885],[29.6349,-30.6839],[29.6365,-30.6859],[29.6371,-30.6838],[29.6487,-30.6838],[29.6493,-30.6854],[29.6515,-30.6858],[29.6572,-30.6806],[29.6671,-30.6763],[29.6719,-30.6714],[29.6714,-30.67],[29.6737,-30.6692],[29.6766,-30.6715],[29.6763,-30.6737],[29.6868,-30.6795],[29.6865,-30.6819],[29.6831,-30.6835],[29.6834,-30.6854],[29.6874,-30.6883],[29.6917,-30.6862],[29.6936,-30.6874],[29.6942,-30.6958],[29.6965,-30.6967],[29.7008,-30.7053],[29.7048,-30.703],[29.7079,-30.7048],[29.7153,-30.7043],[29.7204,-30.7083],[29.7336,-30.7074],[29.735,-30.7091],[29.7296,-30.7159],[29.7344,-30.7196],[29.7389,-30.7176],[29.7406,-30.7187],[29.7411,-30.72],[29.7389,-30.7215],[29.7406,-30.7234],[29.7445,-30.7228],[29.7497,-30.7195],[29.7507,-30.7164],[29.7494,-30.7126],[29.7525,-30.707],[29.7553,-30.7106],[29.7566,-30.7178],[29.7591,-30.7192],[29.7707,-30.7185],[29.7716,-30.7162],[29.7685,-30.7128],[29.7719,-30.7121],[29.7722,-30.7054],[29.7861,-30.71],[29.779,-30.7012],[29.7777,-30.6974],[29.7806,-30.6954],[29.7856,-30.6962],[29.7857,-30.6988],[29.7963,-30.7044],[29.8003,-30.7089],[29.8058,-30.7035],[29.8048,-30.7003],[29.809,-30.6985],[29.8129,-30.6994],[29.8154,-30.7016],[29.8146,-30.7067],[29.8066,-30.7144],[29.804,-30.7151],[29.8044,-30.7231],[29.808,-30.7296],[29.8142,-30.7315],[29.8187,-30.7236],[29.8251,-30.7206],[29.8275,-30.7231],[29.8242,-30.7283],[29.8246,-30.7345],[29.831,-30.7349],[29.8337,-30.7381],[29.8296,-30.7408],[29.8299,-30.7439],[29.8334,-30.7426],[29.8421,-30.7439],[29.8448,-30.7368],[29.8477,-30.7365],[29.8518,-30.7488],[29.8515,-30.7524],[29.8477,-30.7584],[29.8519,-30.7617],[29.8594,-30.7565],[29.8638,-30.7575],[29.8712,-30.7548],[29.8734,-30.7587],[29.8766,-30.7582],[29.882,-30.7621],[29.8863,-30.7591],[29.8926,-30.7589],[29.8965,-30.766],[29.8961,-30.769],[29.8884,-30.7704],[29.886,-30.7726],[29.8867,-30.7847],[29.8969,-30.7742],[29.9041,-30.7754],[29.9112,-30.7701],[29.9147,-30.771],[29.9159,-30.7745],[29.9098,-30.7807],[29.9097,-30.7846],[29.9063,-30.792],[29.908,-30.7982],[29.9219,-30.7896],[29.9252,-30.7936],[29.9275,-30.794],[29.9293,-30.792],[29.9295,-30.7807],[29.9266,-30.775],[29.9215,-30.7708],[29.9223,-30.7687],[29.9342,-30.7684],[29.9492,-30.7708],[29.9513,-30.7744],[29.9502,-30.7811],[29.955,-30.7869],[29.9552,-30.7897],[29.9406,-30.7921],[29.9332,-30.8008],[29.9323,-30.8072],[29.9376,-30.8094],[29.945,-30.8099],[29.9566,-30.808],[29.9658,-30.8082],[29.9685,-30.8064],[29.9685,-30.8037],[29.9724,-30.8023],[29.974,-30.8066],[29.9673,-30.8108],[29.9665,-30.8171],[29.9704,-30.819],[29.9678,-30.8251],[29.9638,-30.8248],[29.9592,-30.8215],[29.9581,-30.823],[29.9596,-30.8274],[29.9648,-30.8323],[29.9705,-30.8343],[29.9748,-30.8381],[29.9799,-30.8374],[29.9833,-30.835],[29.9898,-30.838],[29.9937,-30.836],[30.0003,-30.8375],[30.0015,-30.8279],[30.0037,-30.8261],[30.0077,-30.8257],[30.0112,-30.8284],[30.0119,-30.8321],[30.0069,-30.8422],[30.0098,-30.8432],[30.0162,-30.8396],[30.0218,-30.8392],[30.0224,-30.8474],[30.0194,-30.853],[30.0221,-30.8568],[30.025,-30.8566],[30.0254,-30.8488],[30.0364,-30.8466],[30.039,-30.8446],[30.046,-30.848],[30.0532,-30.8468],[30.0579,-30.8485],[30.0622,-30.8481],[30.0668,-30.8517],[30.0701,-30.8516],[30.0742,-30.8564],[30.0732,-30.8658],[30.0818,-30.8659],[30.0828,-30.8637],[30.0874,-30.8641],[30.0948,-30.8623],[30.0951,-30.8649],[30.0926,-30.8687],[30.0932,-30.878],[30.0882,-30.8745],[30.0739,-30.8708],[30.0704,-30.8713],[30.0703,-30.8747],[30.0745,-30.8784],[30.0757,-30.8822],[30.081,-30.885],[30.0913,-30.883],[30.0984,-30.8848],[30.1092,-30.8845],[30.115,-30.8877],[30.1195,-30.888],[30.1211,-30.891],[30.1136,-30.9005],[30.1269,-30.9058],[30.1201,-30.9101],[30.1323,-30.9091],[30.1362,-30.9115],[30.1395,-30.9181],[30.1464,-30.9224],[30.1428,-30.927],[30.1464,-30.9311],[30.1465,-30.9339],[30.1447,-30.9374],[30.1413,-30.9375],[30.1378,-30.9406],[30.141,-30.951],[30.1392,-30.9544],[30.1347,-30.9562],[30.1345,-30.9638],[30.1411,-30.9664],[30.1477,-30.9713],[30.1551,-30.9729],[30.1564,-30.9759],[30.152,-30.9853],[30.1413,-30.9873],[30.1409,-30.9967],[30.1452,-30.9984],[30.1469,-31.0026],[30.1446,-31.0054],[30.1362,-31.0074],[30.1354,-31.009],[30.14,-31.0141],[30.1408,-31.0228],[30.1431,-31.0226],[30.1493,-31.0156],[30.1556,-31.0224],[30.1632,-31.0251],[30.17,-31.0254],[30.1675,-31.0389],[30.1632,-31.0456],[30.1633,-31.0498],[30.1698,-31.0598],[30.1759,-31.0655],[30.1883,-31.0691],[30.1934,-31.0762],[30.1939,-31.0813]]]}},{"type":"Feature","id":"ZA-LP","properties":{"code":"ZA-LP","name":"Limpopo","country":"ZA","level":"REGION"},"geometry":{"type":"Polygon","coordinates":[[[28.6516,-25.1429],[28.6489,-25.1129],[28.635,-25.1183],[28.6361,-25.1281],[28.5967,-25.1385],[28.5961,-25.1426],[28.5366,-25.1524],[28.5321,-25.1698],[28.4977,-25.1818],[28.4616,-25.2015],[28.3869,-25.2134],[28.411,-25.2048],[28.3919,-25.1642],[28.3793,-25.1553],[28.4005,-25.1478],[28.443,-25.129],[28.4466,-25.1359],[28.4952,-25.1318],[28.4737,-25.0893],[28.6069,-25.0704],[28.6095,-25.0599],[28.6343,-25.0582],[28.6057,-25.0034],[28.6338,-24.9844],[28.6589,-24.9722],[28.7138,-24.9536],[28.7594,-24.9114],[28.8374,-24.916],[28.8464,-24.9333],[28.9241,-24.9015],[28.937,-24.9228],[28.9418,-24.9336],[28.8916,-24.9555],[28.9094,-24.9955],[28.9053,-24.996],[28.9103,-25.0071],[28.9349,-25.0],[28.9462,-25.017],[28.9717,-25.0702],[28.9754,-25.0687],[28.9764,-25.0708],[29.0188,-25.0549],[29.0707,-25.0655],[29.0857,-25.0888],[29.0903,-25.0918],[29.0849,-25.0977],[29.0883,-25.1036],[29.0912,-25.1002],[29.0942,-25.1032],[29.0979,-25.1003],[29.1016,-25.1027],[29.1058,-25.1004],[29.1284,-25.113],[29.0869,-25.1365],[29.0898,-25.1485],[29.0425,-25.1405],[29.0449,-25.2022],[29.0318,-25.2509],[29.0414,-25.261],[29.0349,-25.2646],[29.0384,-25.2765],[29.0503,-25.2802],[29.0565,-25.2793],[29.0727,-25.2869],[29.0761,-25.2846],[29.0827,-25.2871],[29.0844,-25.2929],[29.0902,-25.2894],[29.0959,-25.3212],[29.1184,-25.3132],[29.167,-25.3034],[29.1746,-25.3185],[29.1641,-25.3545],[29.142,-25.3858],[29.1313,-25.3902],[29.1957,-25.3703],[29.2073,-25.4146],[29.2375,-25.4023],[29.243,-25.4036],[29.2531,-25.3835],[29.2644,-25.3755],[29.3214,-25.3799],[29.3421,-25.3731],[29.35,-25.4046],[29.3989,-25.4148],[29.453,-25.4065],[29.5188,-25.4228],[29.5226,-25.405],[29.587,-25.3952],[29.6128,-25.4006],[29.6739,-25.3722],[29.7276,-25.3842],[29.7702,-25.4015],[29.7932,-25.3621],[29.8171,-25.362],[29.8201,-25.3607],[29.8203,-25.3589],[29.8229,-25.3623],[29.8258,-25.3621],[29.8273,-25.365],[29.832,-25.3655],[29.8327,-25.37],[29.8372,-25.3768],[29.8373,-25.3818],[29.8403,-25.3863],[29.8878,-25.3643],[29.8879,-25.3386],[29.9376,-25.331],[30.0062,-25.3403],[30.0007,-25.2795],[30.0129,-25.231],[30.0098,-25.2313],[30.0054,-25.1444],[29.9789,-25.0921],[30.0298,-25.0846],[30.0299,-25.0641],[30.0902,-25.1081],[30.0908,-25.1255],[30.1212,-25.1209],[30.1444,-25.1238],[30.1444,-25.0912],[30.1486,-25.0899],[30.1485,-25.0324],[30.1593,-25.028],[30.1987,-25.0364],[30.1972,-25.0309],[30.1792,-24.9991],[30.1795,-24.9896],[30.1721,-24.9892],[30.1717,-24.9698],[30.1785,-24.9221],[30.192,-24.8555],[30.2973,-24.8677],[30.3068,-24.8815],[30.3063,-24.8843],[30.308,-24.885],[30.3089,-24.8827],[30.3117,-24.8838],[30.3124,-24.8825],[30.31,-24.8806],[30.3086,-24.8754],[30.3109,-24.8729],[30.3529,-24.8834],[30.3542,-24.8493],[30.3965,-24.8712],[30.3986,-24.8683],[30.396,-24.861],[30.3916,-24.8623],[30.3897,-24.8603],[30.3908,-24.8521],[30.3897,-24.8494],[30.4251,-24.8549],[30.438,-24.8643],[30.4515,-24.912],[30.4942,-24.9533],[30.4963,-24.9147],[30.5629,-24.8965],[30.5812,-24.9169],[30.58,-24.8874],[30.6084,-24.8724],[30.6187,-24.8442],[30.6349,-24.8528],[30.6562,-24.8117],[30.6642,-24.7746],[30.6337,-24.7585],[30.6366,-24.7341],[30.6786,-24.7358],[30.6855,-24.7324],[30.7201,-24.7052],[30.7097,-24.6674],[30.6792,-24.6237],[30.7015,-24.5864],[30.7303,-24.6087],[30.7323,-24.5481],[30.7302,-24.4985],[30.759,-24.4602],[30.7993,-24.4989],[30.8717,-24.5385],[30.9089,-24.5258],[30.9543,-24.5213],[30.9593,-24.5821],[31.0537,-24.5703],[31.2262,-24.556],[31.2537,-24.4991],[31.2032,-24.4265],[31.1599,-24.4374],[31.16,-24.3756],[31.242,-24.3654],[31.2001,-24.3049],[31.1525,-24.3187],[31.1022,-24.3237],[31.056,-24.3219],[31.0604,-24.2718],[31.0544,-24.2319],[31.0499,-24.1873],[31.1073,-24.1457],[31.0961,-24.1174],[31.1151,-24.1192],[31.1206,-24.0903],[31.086,-24.0945],[31.0634,-24.0915],[31.0669,-24.0896],[31.0721,-24.0833],[31.0942,-24.0755],[31.1016,-24.0706],[31.1205,-24.0682],[31.1293,-24.0729],[31.1338,-24.0737],[31.1471,-24.0697],[31.1626,-24.06],[31.1698,-24.0586],[31.1713,-24.0442],[31.1757,-24.0364],[31.1934,-24.031],[31.206,-24.041],[31.22,-24.0456],[31.2347,-24.0576],[31.2452,-24.0714],[31.2523,-24.0977],[31.2572,-24.1011],[31.2641,-24.0998],[31.2751,-24.0938],[31.2935,-24.0744],[31.2964,-24.0732],[31.3016,-24.0738],[31.3132,-24.0814],[31.3206,-24.0826],[31.3495,-24.0727],[31.36,-24.0712],[31.3651,-24.0685],[31.3791,-24.0523],[31.3835,-24.0513],[31.3864,-24.0522],[31.3926,-24.0658],[31.3956,-24.0676],[31.399,-24.0676],[31.42,-24.0564],[31.428,-24.0545],[31.4312,-24.0524],[31.4406,-24.0383],[31.4409,-24.021],[31.4476,-24.0199],[31.4625,-24.0296],[31.482,-24.0316],[31.5055,-24.0408],[31.5099,-24.0432],[31.5209,-24.0543],[31.5291,-24.0567],[31.5379,-24.0559],[31.5426,-24.054],[31.5446,-24.0424],[31.5487,-24.0372],[31.5611,-24.0336],[31.5682,-24.0331],[31.5737,-24.0373],[31.5803,-24.0471],[31.5869,-24.0528],[31.5947,-24.0564],[31.5981,-24.0563],[31.6083,-24.0476],[31.6096,-24.0363],[31.6209,-24.0233],[31.6326,-24.0179],[31.6593,-24.0141],[31.666,-24.0167],[31.6688,-24.021],[31.6743,-24.043],[31.68,-24.0567],[31.6837,-24.0595],[31.7019,-24.0599],[31.7187,-24.0568],[31.7358,-24.0461],[31.7376,-24.039],[31.7373,-24.0321],[31.7336,-24.0184],[31.7349,-24.0113],[31.7466,-24.0035],[31.7518,-23.9976],[31.77,-23.9832],[31.7764,-23.9812],[31.7827,-23.9821],[31.7946,-23.9919],[31.8012,-23.9941],[31.8047,-23.9972],[31.8125,-23.9993],[31.8204,-23.9984],[31.8221,-23.9965],[31.8216,-23.9909],[31.825,-23.9862],[31.8527,-23.9868],[31.8838,-23.9846],[31.8809,-23.9679],[31.8807,-23.9551],[31.7692,-23.8878],[31.6974,-23.7219],[31.6905,-23.6294],[31.6658,-23.5914],[31.561,-23.482],[31.5507,-23.4103],[31.5559,-23.2691],[31.5636,-23.1982],[31.5458,-23.1372],[31.4753,-22.9256],[31.3074,-22.4235],[31.3094,-22.422],[31.2871,-22.4044],[31.2783,-22.3904],[31.2737,-22.3748],[31.2685,-22.3676],[31.2631,-22.3649],[31.2495,-22.3629],[31.2209,-22.3698],[31.2131,-22.3687],[31.2009,-22.3609],[31.1874,-22.3389],[31.1741,-22.3315],[31.163,-22.3285],[31.1565,-22.3286],[31.141,-22.3319],[31.0976,-22.3477],[31.0884,-22.349],[31.0648,-22.3407],[31.0501,-22.3371],[31.022,-22.3245],[30.9997,-22.3164],[30.9953,-22.3175],[30.9929,-22.3241],[30.9901,-22.3266],[30.9809,-22.3276],[30.9732,-22.3238],[30.9687,-22.3149],[30.9463,-22.3151],[30.9411,-22.312],[30.9338,-22.303],[30.9301,-22.3012],[30.9172,-22.3007],[30.908,-22.2973],[30.9002,-22.2964],[30.8855,-22.3043],[30.8823,-22.3048],[30.8698,-22.2986],[30.8354,-22.292],[30.7959,-22.301],[30.7744,-22.3044],[30.7603,-22.3042],[30.7498,-22.308],[30.7319,-22.3094],[30.7086,-22.3171],[30.6694,-22.3106],[30.6633,-22.311],[30.6526,-22.3161],[30.6391,-22.3323],[30.6317,-22.3363],[30.6231,-22.3354],[30.6072,-22.323],[30.5947,-22.3197],[30.5809,-22.3189],[30.5671,-22.3216],[30.5625,-22.3242],[30.5577,-22.3298],[30.5528,-22.3316],[30.5174,-22.323],[30.5058,-22.3226],[30.4894,-22.3164],[30.4757,-22.3191],[30.4522,-22.3315],[30.4407,-22.3356],[30.3992,-22.3447],[30.3822,-22.3509],[30.3611,-22.3482],[30.3361,-22.3506],[30.3163,-22.3477],[30.302,-22.3544],[30.2902,-22.3563],[30.2829,-22.354],[30.2737,-22.3469],[30.2662,-22.3374],[30.2576,-22.3207],[30.2498,-22.3134],[30.2406,-22.3084],[30.2363,-22.2998],[30.2311,-22.2959],[30.2217,-22.2949],[30.1932,-22.2961],[30.1573,-22.2998],[30.1502,-22.3019],[30.133,-22.311],[30.1262,-22.3111],[30.1216,-22.3087],[30.1013,-22.2867],[30.0758,-22.2743],[30.0581,-22.2571],[30.0505,-22.2549],[30.0315,-22.256],[30.0256,-22.2536],[30.0219,-22.2498],[30.0196,-22.2446],[30.0198,-22.2334],[30.0176,-22.2289],[30.0112,-22.2274],[29.9998,-22.2288],[29.9819,-22.2235],[29.9699,-22.2242],[29.9605,-22.213],[29.9257,-22.1899],[29.916,-22.1896],[29.8903,-22.1952],[29.8845,-22.1946],[29.8777,-22.191],[29.8599,-22.1752],[29.8311,-22.175],[29.8052,-22.1655],[29.798,-22.1575],[29.7736,-22.1414],[29.766,-22.1405],[29.7319,-22.1413],[29.7166,-22.1434],[29.7002,-22.1371],[29.6922,-22.1364],[29.6726,-22.1388],[29.6628,-22.1276],[29.6567,-22.1251],[29.653,-22.1255],[29.6407,-22.1323],[29.6282,-22.1356],[29.6221,-22.1415],[29.6165,-22.1521],[29.6102,-22.1557],[29.6019,-22.1544],[29.5883,-22.1434],[29.5802,-22.1409],[29.5748,-22.1423],[29.5625,-22.1498],[29.5392,-22.1527],[29.5355,-22.1552],[29.5342,-22.1584],[29.5348,-22.1703],[29.5316,-22.1754],[29.528,-22.178],[29.5108,-22.1769],[29.4991,-22.172],[29.4778,-22.1663],[29.4641,-22.1661],[29.4168,-22.1751],[29.4096,-22.1782],[29.4058,-22.1833],[29.3992,-22.1842],[29.3856,-22.1921],[29.3629,-22.1996],[29.3528,-22.198],[29.3497,-22.1934],[29.3466,-22.1928],[29.3402,-22.2021],[29.3352,-22.2047],[29.332,-22.2042],[29.3275,-22.2003],[29.3241,-22.1891],[29.3206,-22.187],[29.3092,-22.1883],[29.2994,-22.186],[29.291,-22.1881],[29.2842,-22.1861],[29.2772,-22.1926],[29.2712,-22.1932],[29.266,-22.1894],[29.2577,-22.1934],[29.2383,-22.1818],[29.227,-22.1788],[29.2182,-22.1782],[29.2115,-22.182],[29.1979,-22.1834],[29.1908,-22.1858],[29.1873,-22.1894],[29.1805,-22.1928],[29.1745,-22.2006],[29.1662,-22.2074],[29.1555,-22.2143],[29.1511,-22.2157],[29.1433,-22.2164],[29.1333,-22.2136],[29.1218,-22.2145],[29.108,-22.2124],[29.0864,-22.2206],[29.0813,-22.2211],[29.0715,-22.2182],[29.049,-22.2192],[29.0454,-22.2169],[29.0369,-22.2163],[29.0308,-22.2208],[29.0289,-22.2284],[29.0268,-22.229],[29.0198,-22.2262],[29.015,-22.2299],[29.0128,-22.238],[29.0137,-22.2569],[29.0049,-22.2626],[29.0028,-22.2747],[28.9965,-22.2805],[28.9821,-22.2852],[28.9776,-22.2913],[28.9779,-22.2963],[28.9761,-22.3005],[28.9687,-22.305],[28.9664,-22.3082],[28.9627,-22.3288],[28.9641,-22.3376],[28.9635,-22.3472],[28.969,-22.3574],[28.9718,-22.368],[28.9714,-22.377],[28.9677,-22.3842],[28.9524,-22.4041],[28.9512,-22.4155],[28.9445,-22.4262],[28.9443,-22.432],[28.9341,-22.4417],[28.9233,-22.457],[28.9174,-22.4611],[28.9118,-22.4614],[28.8993,-22.453],[28.8867,-22.4505],[28.8809,-22.4478],[28.8689,-22.4477],[28.8561,-22.4512],[28.8325,-22.4618],[28.8297,-22.4646],[28.8289,-22.4707],[28.8337,-22.4798],[28.8332,-22.4849],[28.8311,-22.4883],[28.7901,-22.4964],[28.7762,-22.5007],[28.7691,-22.5004],[28.7602,-22.5031],[28.7375,-22.5045],[28.7223,-22.512],[28.7077,-22.516],[28.7011,-22.5206],[28.7005,-22.5264],[28.6878,-22.5335],[28.6781,-22.5319],[28.6698,-22.5347],[28.6642,-22.5391],[28.658,-22.5483],[28.6413,-22.558],[28.6174,-22.5625],[28.5755,-22.5598],[28.5641,-22.561],[28.5611,-22.5622],[28.5419,-22.5786],[28.5328,-22.5816],[28.5235,-22.5874],[28.509,-22.5891],[28.4966,-22.5785],[28.4791,-22.5709],[28.4578,-22.5726],[28.45,-22.5694],[28.4428,-22.569],[28.4231,-22.5731],[28.4061,-22.5696],[28.3928,-22.5705],[28.3833,-22.5693],[28.3665,-22.573],[28.3479,-22.5718],[28.3414,-22.5748],[28.3361,-22.5867],[28.33,-22.5937],[28.3112,-22.6063],[28.3057,-22.6092],[28.2988,-22.6087],[28.2912,-22.6123],[28.2784,-22.6149],[28.2739,-22.6213],[28.271,-22.6325],[28.2672,-22.6388],[28.262,-22.6425],[28.2571,-22.6439],[28.2466,-22.6563],[28.2366,-22.657],[28.2261,-22.6605],[28.2192,-22.6646],[28.2097,-22.6645],[28.1979,-22.6777],[28.1826,-22.6886],[28.1783,-22.6955],[28.164,-22.7116],[28.1592,-22.7195],[28.1582,-22.7243],[28.1636,-22.7397],[28.1642,-22.748],[28.1624,-22.7559],[28.1564,-22.7609],[28.151,-22.7696],[28.141,-22.7771],[28.1214,-22.7845],[28.1101,-22.8005],[28.0948,-22.8137],[28.0826,-22.8172],[28.0737,-22.8222],[28.068,-22.8278],[28.0642,-22.8289],[28.0562,-22.8278],[28.0468,-22.8296],[28.0414,-22.8331],[28.0392,-22.8425],[28.0474,-22.8606],[28.0445,-22.8719],[28.05,-22.8797],[28.0513,-22.8846],[28.05,-22.8891],[28.0455,-22.8931],[28.0456,-22.899],[28.0436,-22.9037],[28.0371,-22.9128],[28.0244,-22.92],[28.0138,-22.931],[27.9936,-22.9374],[27.9788,-22.9486],[27.9662,-22.9546],[27.9597,-22.9606],[27.9484,-22.9611],[27.9457,-22.9601],[27.9424,-22.9558],[27.9398,-22.9563],[27.9354,-22.9626],[27.9353,-22.9656],[27.9405,-22.9802],[27.9426,-22.9948],[27.9414,-23.0005],[27.9379,-23.0049],[27.9373,-23.0134],[27.9431,-23.0282],[27.9435,-23.0362],[27.936,-23.0517],[27.9276,-23.0574],[27.9201,-23.0683],[27.9159,-23.0699],[27.9102,-23.0752],[27.8997,-23.0781],[27.8949,-23.0828],[27.8818,-23.0902],[27.854,-23.0998],[27.8479,-23.1048],[27.8327,-23.1089],[27.8285,-23.107],[27.8226,-23.1081],[27.8196,-23.1046],[27.8141,-23.1065],[27.8121,-23.1102],[27.8133,-23.1151],[27.8189,-23.1196],[27.8195,-23.1248],[27.8184,-23.1281],[27.8121,-23.1305],[27.8098,-23.1343],[27.807,-23.1356],[27.7938,-23.1375],[27.7911,-23.1414],[27.7876,-23.141],[27.7819,-23.1431],[27.7798,-23.1407],[27.7808,-23.1354],[27.7785,-23.1318],[27.7745,-23.1309],[27.7664,-23.1342],[27.7653,-23.1424],[27.7711,-23.146],[27.7833,-23.1577],[27.7856,-23.1647],[27.7851,-23.1708],[27.7809,-23.1769],[27.7696,-23.1805],[27.7684,-23.1846],[27.7596,-23.1906],[27.7596,-23.1959],[27.7561,-23.1989],[27.7541,-23.2038],[27.7508,-23.2057],[27.7521,-23.2193],[27.7416,-23.2304],[27.7353,-23.2332],[27.726,-23.2329],[27.7241,-23.2291],[27.7199,-23.2305],[27.714,-23.2286],[27.7118,-23.226],[27.7113,-23.2201],[27.7037,-23.2037],[27.6998,-23.2],[27.6893,-23.1962],[27.672,-23.2005],[27.6677,-23.2052],[27.6669,-23.2111],[27.6602,-23.2176],[27.6604,-23.2207],[27.6587,-23.2222],[27.6524,-23.2219],[27.6495,-23.2257],[27.6408,-23.2248],[27.639,-23.2261],[27.6318,-23.2236],[27.6295,-23.2212],[27.6244,-23.2206],[27.6213,-23.2181],[27.6131,-23.2197],[27.6048,-23.2159],[27.6025,-23.2162],[27.5979,-23.2197],[27.5961,-23.2329],[27.6012,-23.244],[27.6012,-23.2472],[27.5915,-23.2568],[27.5808,-23.2582],[27.5761,-23.2608],[27.5729,-23.2653],[27.574,-23.2693],[27.5731,-23.2722],[27.5763,-23.2809],[27.5726,-23.2904],[27.5731,-23.2942],[27.5687,-23.2989],[27.5683,-23.303],[27.5638,-23.3058],[27.5602,-23.3149],[27.5707,-23.326],[27.5671,-23.3411],[27.5628,-23.3496],[27.5575,-23.3505],[27.5539,-23.3571],[27.548,-23.3582],[27.5416,-23.365],[27.5385,-23.3658],[27.5366,-23.3757],[27.5323,-23.3778],[27.5286,-23.3828],[27.5286,-23.3853],[27.523,-23.3873],[27.5186,-23.3854],[27.5138,-23.3856],[27.5044,-23.388],[27.4956,-23.3841],[27.4941,-23.3843],[27.4932,-23.387],[27.4828,-23.3846],[27.4806,-23.3861],[27.474,-23.3866],[27.4711,-23.3845],[27.4673,-23.3864],[27.4584,-23.3838],[27.4553,-23.3858],[27.4484,-23.3865],[27.442,-23.3847],[27.4414,-23.3922],[27.435,-23.3979],[27.4333,-23.4129],[27.4306,-23.4164],[27.4283,-23.4247],[27.4218,-23.4265],[27.41,-23.4243],[27.4052,-23.42],[27.4012,-23.413],[27.4102,-23.3996],[27.4105,-23.3912],[27.4084,-23.3891],[27.3877,-23.39],[27.3772,-23.399],[27.3767,-23.4039],[27.373,-23.4078],[27.3728,-23.41],[27.3808,-23.4203],[27.3757,-23.4228],[27.3743,-23.4271],[27.3581,-23.4278],[27.3495,-23.426],[27.348,-23.4224],[27.3505,-23.4202],[27.3525,-23.4137],[27.3564,-23.4106],[27.3555,-23.4037],[27.357,-23.4024],[27.3566,-23.4],[27.353,-23.3979],[27.3488,-23.3975],[27.337,-23.4004],[27.3298,-23.4031],[27.3252,-23.4066],[27.325,-23.4171],[27.3201,-23.4207],[27.3164,-23.429],[27.3127,-23.4309],[27.3118,-23.4336],[27.3156,-23.4352],[27.313,-23.4407],[27.3169,-23.4461],[27.3104,-23.4471],[27.3132,-23.4505],[27.311,-23.4523],[27.3084,-23.4509],[27.3054,-23.4532],[27.3057,-23.458],[27.3025,-23.463],[27.2949,-23.4601],[27.2876,-23.4623],[27.2843,-23.4706],[27.2672,-23.478],[27.2636,-23.4781],[27.2603,-23.4722],[27.2586,-23.4723],[27.2552,-23.4772],[27.2466,-23.4786],[27.2428,-23.483],[27.2391,-23.4829],[27.2364,-23.4849],[27.2355,-23.4944],[27.2333,-23.4959],[27.2265,-23.4972],[27.2238,-23.4947],[27.2269,-23.4861],[27.2261,-23.4851],[27.2093,-23.49],[27.2072,-23.4921],[27.1924,-23.4981],[27.194,-23.5146],[27.1996,-23.5155],[27.2026,-23.519],[27.2091,-23.5214],[27.2109,-23.526],[27.2104,-23.5274],[27.2048,-23.5268],[27.2019,-23.5287],[27.201,-23.5343],[27.197,-23.5347],[27.1937,-23.5315],[27.1918,-23.534],[27.1882,-23.533],[27.1722,-23.5219],[27.1661,-23.5247],[27.1674,-23.5286],[27.1647,-23.5364],[27.1599,-23.537],[27.159,-23.5332],[27.1564,-23.5354],[27.1548,-23.5346],[27.1544,-23.5304],[27.1479,-23.5237],[27.1437,-23.5248],[27.139,-23.5229],[27.1352,-23.5236],[27.1333,-23.5286],[27.1376,-23.5269],[27.1395,-23.5288],[27.1348,-23.5336],[27.1346,-23.5436],[27.14,-23.5533],[27.1484,-23.5513],[27.15,-23.5594],[27.1548,-23.5692],[27.1527,-23.5674],[27.1508,-23.5676],[27.1508,-23.5721],[27.1458,-23.5748],[27.1408,-23.5728],[27.1381,-23.5741],[27.1299,-23.5741],[27.1312,-23.5694],[27.1245,-23.5687],[27.1172,-23.5622],[27.117,-23.5665],[27.1133,-23.5705],[27.1101,-23.5704],[27.108,-23.5674],[27.1083,-23.5791],[27.1065,-23.5833],[27.1086,-23.5903],[27.1055,-23.5975],[27.0997,-23.599],[27.0997,-23.6029],[27.0941,-23.6006],[27.0816,-23.5989],[27.0795,-23.6001],[27.0797,-23.6072],[27.085,-23.609],[27.08,-23.6135],[27.0736,-23.6145],[27.071,-23.6119],[27.0726,-23.6094],[27.0594,-23.6126],[27.063,-23.6256],[27.0649,-23.6273],[27.0688,-23.6256],[27.0699,-23.6302],[27.0743,-23.6321],[27.0752,-23.6358],[27.0811,-23.6433],[27.0788,-23.6481],[27.0813,-23.6552],[27.0776,-23.6539],[27.0746,-23.6548],[27.0775,-23.6576],[27.0778,-23.6608],[27.0737,-23.6637],[27.0707,-23.6706],[27.0644,-23.6709],[27.0588,-23.6762],[27.0456,-23.6827],[27.038,-23.6827],[27.0311,-23.6757],[27.035,-23.6677],[27.0366,-23.6565],[27.0329,-23.6569],[27.031,-23.6598],[27.0264,-23.6595],[27.0211,-23.6547],[27.026,-23.651],[27.0257,-23.6445],[27.0194,-23.6438],[27.0103,-23.638],[27.0081,-23.6427],[27.0028,-23.6443],[26.9997,-23.6524],[26.9957,-23.6524],[26.9971,-23.6559],[27.0009,-23.6579],[27.0027,-23.6652],[27.0018,-23.6702],[26.9993,-23.6719],[26.9978,-23.6772],[27.0025,-23.6864],[27.0021,-23.6885],[26.9794,-23.6966],[26.9711,-23.7028],[26.9735,-23.7071],[26.9743,-23.7134],[26.9701,-23.7163],[26.9683,-23.7234],[26.9705,-23.728],[26.9666,-23.7299],[26.9666,-23.7336],[26.9646,-23.7362],[26.9646,-23.74],[26.9614,-23.7469],[26.9654,-23.7545],[26.9628,-23.7635],[26.9655,-23.7689],[26.9638,-23.7714],[26.964,-23.7771],[26.9575,-23.784],[26.9519,-23.794],[26.9534,-23.8055],[26.9491,-23.8139],[26.9488,-23.8235],[26.9545,-23.8262],[26.9588,-23.8304],[26.9509,-23.8415],[26.9398,-23.8439],[26.9323,-23.8511],[26.9339,-23.8568],[26.937,-23.8564],[26.9432,-23.8595],[26.9474,-23.8598],[26.951,-23.8627],[26.9539,-23.8671],[26.9552,-23.874],[26.9527,-23.8784],[26.9486,-23.8804],[26.9428,-23.8867],[26.9434,-23.89],[26.9413,-23.894],[26.9425,-23.9034],[26.9278,-23.9224],[26.9317,-23.9368],[26.9322,-23.9554],[26.9268,-23.9613],[26.9214,-23.9637],[26.9146,-23.9714],[26.9111,-23.9889],[26.9128,-23.9962],[26.9106,-23.9995],[26.9101,-24.0041],[26.9124,-24.012],[26.9093,-24.0284],[26.9038,-24.0327],[26.8942,-24.0446],[26.8892,-24.0548],[26.8889,-24.0742],[26.8848,-24.0895],[26.8817,-24.0941],[26.8632,-24.0997],[26.8602,-24.1066],[26.8642,-24.1124],[26.8676,-24.1239],[26.8617,-24.1385],[26.8665,-24.1437],[26.8745,-24.147],[26.8791,-24.1601],[26.8787,-24.1656],[26.8759,-24.1691],[26.8715,-24.1714],[26.8655,-24.172],[26.8645,-24.1791],[26.8675,-24.1821],[26.8687,-24.1904],[26.8718,-24.1912],[26.8755,-24.1895],[26.8798,-24.1914],[26.8812,-24.1877],[26.8833,-24.1897],[26.8801,-24.1929],[26.8809,-24.1965],[26.8786,-24.1962],[26.8794,-24.201],[26.873,-24.2069],[26.871,-24.2152],[26.8621,-24.2163],[26.8626,-24.2197],[26.8593,-24.2231],[26.8605,-24.2299],[26.8618,-24.2315],[26.8639,-24.2306],[26.8646,-24.2351],[26.8625,-24.2362],[26.8626,-24.238],[26.866,-24.2392],[26.8668,-24.2427],[26.8691,-24.2441],[26.8653,-24.2457],[26.8664,-24.248],[26.8644,-24.2496],[26.8659,-24.251],[26.8595,-24.2531],[26.8591,-24.2554],[26.8575,-24.2549],[26.8548,-24.2597],[26.8561,-24.2604],[26.8557,-24.2635],[26.854,-24.2637],[26.8537,-24.2622],[26.8513,-24.263],[26.8517,-24.2643],[26.85,-24.265],[26.8514,-24.2675],[26.8495,-24.2663],[26.8473,-24.2696],[26.8457,-24.2692],[26.8427,-24.2744],[26.8408,-24.2747],[26.8389,-24.2709],[26.8385,-24.2726],[26.8356,-24.2734],[26.834,-24.2701],[26.8328,-24.2742],[26.8286,-24.2707],[26.8277,-24.2715],[26.829,-24.273],[26.8269,-24.2732],[26.8263,-24.272],[26.825,-24.273],[26.8233,-24.2797],[26.8224,-24.2783],[26.8188,-24.2793],[26.8194,-24.2819],[26.8144,-24.2852],[26.8156,-24.2866],[26.8108,-24.2855],[26.8099,-24.2883],[26.8077,-24.2876],[26.8084,-24.2894],[26.8054,-24.2877],[26.8046,-24.2888],[26.8014,-24.2881],[26.8033,-24.2919],[26.8019,-24.2944],[26.803,-24.2964],[26.8008,-24.2998],[26.7975,-24.2986],[26.7979,-24.3009],[26.7897,-24.3013],[26.7858,-24.3066],[26.7839,-24.3054],[26.7816,-24.299],[26.7807,-24.3003],[26.7757,-24.3007],[26.7765,-24.3022],[26.7733,-24.3051],[26.7668,-24.3058],[26.7653,-24.3044],[26.7635,-24.3057],[26.7625,-24.3104],[26.7545,-24.3112],[26.755,-24.3126],[26.7519,-24.3132],[26.7461,-24.3115],[26.7471,-24.3065],[26.742,-24.3044],[26.7412,-24.3067],[26.7392,-24.3043],[26.7334,-24.3041],[26.7311,-24.3085],[26.729,-24.3089],[26.731,-24.3111],[26.7286,-24.3115],[26.7296,-24.3125],[26.7277,-24.3128],[26.7279,-24.315],[26.7264,-24.3136],[26.7228,-24.3165],[26.72,-24.3167],[26.7201,-24.3198],[26.7165,-24.3189],[26.7156,-24.3206],[26.7113,-24.3209],[26.7116,-24.3192],[26.7099,-24.3182],[26.7096,-24.32],[26.7076,-24.3202],[26.709,-24.3216],[26.7064,-24.3202],[26.704,-24.3218],[26.7052,-24.3248],[26.7021,-24.3255],[26.7008,-24.3306],[26.7025,-24.3322],[26.7005,-24.333],[26.7026,-24.3347],[26.6969,-24.3357],[26.697,-24.3392],[26.6937,-24.3377],[26.6904,-24.3381],[26.689,-24.3367],[26.6852,-24.3381],[26.6841,-24.342],[26.6757,-24.344],[26.6755,-24.3461],[26.6766,-24.345],[26.6776,-24.3463],[26.6766,-24.3485],[26.6748,-24.3487],[26.6757,-24.3512],[26.6742,-24.3502],[26.674,-24.3518],[26.6724,-24.3512],[26.671,-24.3546],[26.6686,-24.3536],[26.6702,-24.3559],[26.6678,-24.3551],[26.6682,-24.3564],[26.6665,-24.3573],[26.6677,-24.3576],[26.6672,-24.3605],[26.6641,-24.362],[26.6657,-24.362],[26.6681,-24.3669],[26.6701,-24.3675],[26.6689,-24.3727],[26.667,-24.3719],[26.6652,-24.3737],[26.6671,-24.3744],[26.6647,-24.3775],[26.6661,-24.3776],[26.6657,-24.3787],[26.6629,-24.3795],[26.6637,-24.3812],[26.6576,-24.3816],[26.6587,-24.3851],[26.6551,-24.3859],[26.6466,-24.3818],[26.6441,-24.383],[26.6444,-24.3845],[26.6356,-24.3875],[26.6373,-24.3902],[26.6354,-24.3899],[26.636,-24.392],[26.6346,-24.392],[26.6327,-24.3956],[26.6256,-24.3937],[26.6191,-24.3995],[26.6171,-24.3984],[26.6139,-24.4025],[26.6131,-24.4066],[26.6086,-24.4071],[26.6031,-24.4103],[26.6001,-24.409],[26.5974,-24.4102],[26.596,-24.4086],[26.5946,-24.4102],[26.5902,-24.4092],[26.5875,-24.4107],[26.5898,-24.4123],[26.5882,-24.4127],[26.5861,-24.4207],[26.5853,-24.4223],[26.5816,-24.4229],[26.5818,-24.4263],[26.5841,-24.4264],[26.5814,-24.429],[26.5789,-24.4285],[26.5752,-24.431],[26.5737,-24.4329],[26.5762,-24.4332],[26.5746,-24.4346],[26.5713,-24.4336],[26.5656,-24.4361],[26.5677,-24.4364],[26.5682,-24.4381],[26.566,-24.4392],[26.566,-24.4445],[26.5624,-24.4478],[26.5596,-24.4536],[26.5526,-24.4518],[26.5509,-24.4544],[26.5502,-24.461],[26.5467,-24.4654],[26.5407,-24.4634],[26.5381,-24.4662],[26.5386,-24.4697],[26.536,-24.4727],[26.5363,-24.4751],[26.5331,-24.4766],[26.5282,-24.4763],[26.5282,-24.4776],[26.53,-24.4776],[26.5292,-24.479],[26.5266,-24.4785],[26.5194,-24.4842],[26.5157,-24.4847],[26.5103,-24.488],[26.5117,-24.4952],[26.5096,-24.4946],[26.511,-24.4995],[26.5102,-24.5028],[26.5065,-24.5049],[26.506,-24.5069],[26.5029,-24.5064],[26.5015,-24.5084],[26.5011,-24.51],[26.5028,-24.5106],[26.5011,-24.5138],[26.5002,-24.5228],[26.4965,-24.53],[26.4925,-24.5344],[26.4927,-24.5361],[26.4897,-24.5386],[26.4877,-24.5511],[26.4812,-24.557],[26.4806,-24.5621],[26.482,-24.5669],[26.4711,-24.589],[26.4616,-24.5963],[26.4518,-24.6106],[26.4474,-24.6131],[26.4415,-24.6119],[26.4394,-24.6152],[26.4331,-24.6185],[26.4282,-24.6195],[26.4263,-24.6178],[26.4222,-24.6251],[26.4214,-24.634],[26.4088,-24.6461],[26.4083,-24.6503],[26.4276,-24.6582],[26.427,-24.6652],[26.4218,-24.6708],[26.4228,-24.6817],[26.4213,-24.6916],[26.4262,-24.6945],[26.4272,-24.6967],[26.4197,-24.716],[26.4226,-24.7206],[26.4182,-24.729],[26.4282,-24.7538],[26.4269,-24.7579],[26.4297,-24.7654],[26.426,-24.7712],[26.4354,-24.7829],[26.4446,-24.7908],[26.4483,-24.7921],[26.454,-24.7888],[26.4595,-24.7905],[26.4616,-24.7953],[26.4613,-24.8001],[26.4583,-24.8095],[26.5286,-24.8138],[26.5665,-24.8199],[26.601,-24.8158],[26.622,-24.8099],[26.6604,-24.8396],[26.6993,-24.8673],[26.7051,-24.857],[26.7513,-24.883],[26.7795,-24.8377],[26.9433,-24.7814],[26.9427,-24.7763],[26.9807,-24.7758],[26.9759,-24.7207],[27.0263,-24.7186],[27.0412,-24.887],[27.1012,-24.9],[27.1439,-24.9462],[27.154,-24.979],[27.1834,-24.9485],[27.2261,-24.9639],[27.2091,-24.9956],[27.2035,-25.0332],[27.2317,-25.0361],[27.2236,-25.0674],[27.2719,-25.0367],[27.3136,-25.0421],[27.337,-25.0878],[27.3825,-25.08],[27.4246,-25.0689],[27.4313,-25.082],[27.4818,-25.0671],[27.4869,-25.0784],[27.498,-25.0732],[27.5212,-25.076],[27.5212,-25.0797],[27.5339,-25.0832],[27.5323,-25.0944],[27.5428,-25.098],[27.5436,-25.0959],[27.5653,-25.0827],[27.5654,-25.0797],[27.5598,-25.0773],[27.5678,-25.0594],[27.594,-25.0294],[27.5975,-24.9849],[27.6286,-24.9737],[27.6847,-24.9858],[27.6873,-24.9944],[27.7389,-24.9831],[27.7591,-24.9689],[27.7889,-24.9665],[27.8217,-24.9746],[27.8331,-24.9735],[27.8867,-24.9883],[27.9129,-24.9911],[27.9465,-25.0012],[27.955,-24.9702],[27.9752,-24.9657],[27.9836,-24.9578],[27.9976,-24.9735],[28.0178,-24.9741],[28.037,-24.9853],[28.0378,-24.9838],[28.0801,-24.9795],[28.12,-24.9795],[28.1252,-25.0048],[28.1587,-25.0206],[28.2598,-25.0505],[28.2171,-25.113],[28.2171,-25.1229],[28.215,-25.1281],[28.1983,-25.1276],[28.1738,-25.12],[28.1751,-25.1136],[28.1539,-25.0868],[28.1366,-25.0933],[28.1179,-25.0981],[28.0839,-25.1004],[28.0943,-25.1485],[28.129,-25.1457],[28.1357,-25.2056],[28.1695,-25.2094],[28.2112,-25.1981],[28.2463,-25.2129],[28.2598,-25.2387],[28.2982,-25.2932],[28.2982,-25.3104],[28.3792,-25.2921],[28.3826,-25.3211],[28.4337,-25.3224],[28.4393,-25.3102],[28.5036,-25.3088],[28.5012,-25.2655],[28.5133,-25.2561],[28.5643,-25.2522],[28.5637,-25.2494],[28.5948,-25.2494],[28.6029,-25.2542],[28.6047,-25.2535],[28.6044,-25.2521],[28.6313,-25.2802],[28.6326,-25.28],[28.6593,-25.2348],[28.6643,-25.2518],[28.6712,-25.2477],[28.6691,-25.2414],[28.6755,-25.235],[28.6756,-25.227],[28.6799,-25.2203],[28.6768,-25.2171],[28.6786,-25.2108],[28.6553,-25.2135],[28.6381,-25.1866],[28.6381,-25.1839],[28.6159,-25.1516],[28.6516,-25.1429]]]}},{"type":"Feature","id":"ZA-MP","properties":{"code":"ZA-MP","name":"Mpumalanga","country":"ZA","level":"REGION"},"geometry":{"type":"Polygon","coordinates":[[[29.7587,-27.4426],[29.7594,-27.4444],[29.7734,-27.4538],[29.7909,-27.4592],[29.7962,-27.4577],[29.7991,-27.4512],[29.8058,-27.4504],[29.8114,-27.4461],[29.8113,-27.4357],[29.8137,-27.4339],[29.8145,-27.4306],[29.8226,-27.4273],[29.8217,-27.4115],[29.8249,-27.407],[29.8337,-27.4038],[29.836,-27.3969],[29.8349,-27.3903],[29.8402,-27.379],[29.8463,-27.3787],[29.8662,-27.3841],[29.8851,-27.3766],[29.8864,-27.3817],[29.8901,-27.3855],[29.8988,-27.3858],[29.9094,-27.3738],[29.9172,-27.3544],[29.9555,-27.3649],[29.9785,-27.373],[29.9951,-27.3884],[30.0162,-27.3976],[30.0245,-27.3945],[30.0306,-27.3867],[30.0396,-27.3893],[30.0464,-27.3868],[30.0522,-27.3797],[30.0683,-27.3659],[30.079,-27.3702],[30.0868,-27.3685],[30.1116,-27.3865],[30.1434,-27.4134],[30.1527,-27.4043],[30.1541,-27.397],[30.1502,-27.3922],[30.1607,-27.3871],[30.1658,-27.3875],[30.1781,-27.3783],[30.1901,-27.3689],[30.1981,-27.3552],[30.2286,-27.3653],[30.2347,-27.3807],[30.2466,-27.3739],[30.2799,-27.3686],[30.2804,-27.3503],[30.2787,-27.3326],[30.2816,-27.3282],[30.2825,-27.3144],[30.3022,-27.3174],[30.3175,-27.302],[30.3284,-27.2996],[30.3667,-27.3117],[30.3684,-27.2873],[30.3676,-27.2674],[30.3976,-27.2738],[30.4264,-27.2698],[30.426,-27.315],[30.4335,-27.3257],[30.4483,-27.3277],[30.4532,-27.3251],[30.4583,-27.3267],[30.4621,-27.3252],[30.4659,-27.3263],[30.4663,-27.3243],[30.475,-27.3195],[30.4974,-27.3124],[30.5257,-27.3151],[30.5408,-27.3216],[30.5462,-27.3258],[30.5511,-27.3255],[30.5577,-27.3276],[30.5871,-27.3231],[30.6606,-27.2879],[30.7068,-27.2833],[30.7132,-27.2861],[30.7178,-27.2838],[30.7188,-27.2845],[30.7179,-27.2872],[30.7207,-27.2909],[30.7249,-27.2896],[30.7261,-27.2936],[30.7251,-27.2956],[30.7283,-27.2993],[30.7344,-27.2952],[30.7403,-27.2946],[30.7438,-27.3006],[30.7419,-27.3032],[30.7433,-27.3061],[30.7508,-27.2987],[30.7556,-27.3046],[30.7583,-27.3044],[30.7627,-27.3074],[30.76,-27.3136],[30.7628,-27.3145],[30.7662,-27.3193],[30.769,-27.319],[30.771,-27.3264],[30.7742,-27.3243],[30.7844,-27.3243],[30.7855,-27.3192],[30.7804,-27.3169],[30.7786,-27.3144],[30.7826,-27.3148],[30.7889,-27.3128],[30.791,-27.3185],[30.7969,-27.3224],[30.7972,-27.3266],[30.8041,-27.3243],[30.8062,-27.3273],[30.8088,-27.3283],[30.8022,-27.3321],[30.8048,-27.3345],[30.8114,-27.3324],[30.8082,-27.3389],[30.8161,-27.3401],[30.8205,-27.3361],[30.8213,-27.3395],[30.8282,-27.3433],[30.8286,-27.3447],[30.8233,-27.3458],[30.8223,-27.3542],[30.8302,-27.35],[30.8378,-27.35],[30.8414,-27.3529],[30.8437,-27.3527],[30.8449,-27.3461],[30.8499,-27.3433],[30.8543,-27.3444],[30.8576,-27.3433],[30.8559,-27.337],[30.8579,-27.3368],[30.8613,-27.3391],[30.8618,-27.334],[30.8648,-27.3318],[30.8637,-27.3196],[30.8659,-27.3127],[30.8752,-27.3143],[30.8821,-27.3124],[30.8841,-27.3087],[30.8867,-27.3108],[30.9023,-27.3081],[30.9065,-27.3055],[30.9097,-27.3054],[30.9116,-27.3081],[30.9155,-27.3054],[30.9222,-27.305],[30.9238,-27.306],[30.9245,-27.3113],[30.921,-27.3182],[30.9245,-27.3255],[30.9233,-27.3305],[30.9315,-27.3405],[30.9393,-27.3466],[30.9382,-27.3567],[30.9413,-27.3601],[30.9405,-27.3652],[30.9422,-27.3681],[30.948,-27.3661],[30.9554,-27.3597],[30.9581,-27.3606],[30.9599,-27.3641],[30.9631,-27.3658],[30.97,-27.3633],[30.9774,-27.358],[30.9815,-27.3592],[30.9847,-27.3575],[31.0026,-27.3588],[31.0052,-27.3515],[31.0084,-27.3488],[31.0106,-27.3491],[31.0139,-27.355],[31.0205,-27.3606],[31.0243,-27.3519],[31.0309,-27.3463],[31.0348,-27.3458],[31.038,-27.3515],[31.044,-27.3533],[31.0462,-27.3519],[31.0484,-27.3451],[31.0508,-27.3432],[31.0652,-27.3383],[31.0788,-27.3431],[31.084,-27.3356],[31.0988,-27.3298],[31.1016,-27.3332],[31.101,-27.3358],[31.1409,-27.3627],[31.1659,-27.3685],[31.2048,-27.3171],[31.2743,-27.2432],[31.1506,-27.2021],[31.0613,-27.0963],[31.0218,-27.0678],[30.9848,-27.037],[30.9583,-26.9921],[30.9737,-26.9645],[30.9765,-26.9534],[30.9768,-26.9216],[30.9736,-26.9082],[30.9633,-26.9022],[30.9537,-26.8932],[30.943,-26.8882],[30.9407,-26.8839],[30.9372,-26.8831],[30.9252,-26.8718],[30.9074,-26.8599],[30.9069,-26.8549],[30.9022,-26.8518],[30.893,-26.8053],[30.8919,-26.7851],[30.8894,-26.789],[30.8896,-26.7947],[30.8877,-26.7992],[30.8888,-26.802],[30.8873,-26.8036],[30.872,-26.8093],[30.8617,-26.8187],[30.8532,-26.8177],[30.848,-26.819],[30.844,-26.8251],[30.8361,-26.8269],[30.8253,-26.8402],[30.8132,-26.8445],[30.8126,-26.8435],[30.8027,-26.824],[30.7908,-26.7123],[30.7918,-26.5691],[30.8051,-26.4667],[30.831,-26.4112],[30.8576,-26.3838],[30.8919,-26.3208],[30.9614,-26.2617],[31.071,-26.0673],[31.0896,-26.0262],[31.1128,-25.9826],[31.1266,-25.9211],[31.2636,-25.8096],[31.3159,-25.743],[31.4163,-25.7188],[31.8679,-25.9996],[31.9737,-25.9532],[31.9305,-25.8408],[31.9786,-25.6937],[31.9959,-25.6767],[32.0061,-25.6452],[32.0056,-25.626],[31.9958,-25.5263],[31.9813,-25.5238],[31.9774,-25.5098],[31.9774,-25.4747],[31.9796,-25.4571],[31.9895,-25.4377],[31.9905,-25.429],[32.0135,-25.3881],[32.0153,-25.3825],[32.0288,-25.2414],[32.032,-25.1831],[32.0336,-25.1325],[32.0302,-25.0657],[32.0155,-24.9251],[31.9983,-24.6897],[32.0089,-24.5752],[32.0131,-24.4546],[31.9871,-24.3022],[31.9813,-24.2973],[31.908,-24.1824],[31.8838,-23.9846],[31.8527,-23.9868],[31.825,-23.9862],[31.8216,-23.9909],[31.8221,-23.9965],[31.8204,-23.9984],[31.8125,-23.9993],[31.8047,-23.9972],[31.8012,-23.9941],[31.7946,-23.9919],[31.7827,-23.9821],[31.7764,-23.9812],[31.77,-23.9832],[31.7518,-23.9976],[31.7466,-24.0035],[31.7349,-24.0113],[31.7336,-24.0184],[31.7373,-24.0321],[31.7376,-24.039],[31.7358,-24.0461],[31.7187,-24.0568],[31.7019,-24.0599],[31.6837,-24.0595],[31.68,-24.0567],[31.6743,-24.043],[31.6688,-24.021],[31.666,-24.0167],[31.6593,-24.0141],[31.6326,-24.0179],[31.6209,-24.0233],[31.6096,-24.0363],[31.6083,-24.0476],[31.5981,-24.0563],[31.5947,-24.0564],[31.5869,-24.0528],[31.5803,-24.0471],[31.5737,-24.0373],[31.5682,-24.0331],[31.5611,-24.0336],[31.5487,-24.0372],[31.5446,-24.0424],[31.5426,-24.054],[31.5379,-24.0559],[31.5291,-24.0567],[31.5209,-24.0543],[31.5099,-24.0432],[31.5055,-24.0408],[31.482,-24.0316],[31.4625,-24.0296],[31.4476,-24.0199],[31.4409,-24.021],[31.4406,-24.0383],[31.4312,-24.0524],[31.428,-24.0545],[31.42,-24.0564],[31.399,-24.0676],[31.3956,-24.0676],[31.3926,-24.0658],[31.3864,-24.0522],[31.3835,-24.0513],[31.3791,-24.0523],[31.3651,-24.0685],[31.36,-24.0712],[31.3495,-24.0727],[31.3206,-24.0826],[31.3132,-24.0814],[31.3016,-24.0738],[31.2964,-24.0732],[31.2935,-24.0744],[31.2751,-24.0938],[31.2641,-24.0998],[31.2572,-24.1011],[31.2523,-24.0977],[31.2452,-24.0714],[31.2347,-24.0576],[31.22,-24.0456],[31.206,-24.041],[31.1934,-24.031],[31.1757,-24.0364],[31.1713,-24.0442],[31.1698,-24.0586],[31.1626,-24.06],[31.1471,-24.0697],[31.1338,-24.0737],[31.1293,-24.0729],[31.1205,-24.0682],[31.1016,-24.0706],[31.0942,-24.0755],[31.0721,-24.0833],[31.0669,-24.0896],[31.0634,-24.0915],[31.086,-24.0945],[31.1206,-24.0903],[31.1151,-24.1192],[31.0961,-24.1174],[31.1073,-24.1457],[31.0499,-24.1873],[31.0544,-24.2319],[31.0604,-24.2718],[31.056,-24.3219],[31.1022,-24.3237],[31.1525,-24.3187],[31.2001,-24.3049],[31.242,-24.3654],[31.16,-24.3756],[31.1599,-24.4374],[31.2032,-24.4265],[31.2537,-24.4991],[31.2262,-24.556],[31.0537,-24.5703],[30.9593,-24.5821],[30.9543,-24.5213],[30.9089,-24.5258],[30.8717,-24.5385],[30.7993,-24.4989],[30.759,-24.4602],[30.7302,-24.4985],[30.7323,-24.5481],[30.7303,-24.6087],[30.7015,-24.5864],[30.6792,-24.6237],[30.7097,-24.6674],[30.7201,-24.7052],[30.6855,-24.7324],[30.6786,-24.7358],[30.6366,-24.7341],[30.6337,-24.7585],[30.6642,-24.7746],[30.6562,-24.8117],[30.6349,-24.8528],[30.6187,-24.8442],[30.6084,-24.8724],[30.58,-24.8874],[30.5812,-24.9169],[30.5629,-24.8965],[30.4963,-24.9147],[30.4942,-24.9533],[30.4515,-24.912],[30.438,-24.8643],[30.4251,-24.8549],[30.3897,-24.8494],[30.3908,-24.8521],[30.3897,-24.8603],[30.3916,-24.8623],[30.396,-24.861],[30.3986,-24.8683],[30.3965,-24.8712],[30.3542,-24.8493],[30.3529,-24.8834],[30.3109,-24.8729],[30.3086,-24.8754],[30.31,-24.8806],[30.3124,-24.8825],[30.3117,-24.8838],[30.3089,-24.8827],[30.308,-24.885],[30.3063,-24.8843],[30.3068,-24.8815],[30.2973,-24.8677],[30.192,-24.8555],[30.1785,-24.9221],[30.1717,-24.9698],[30.1721,-24.9892],[30.1795,-24.9896],[30.1792,-24.9991],[30.1972,-25.0309],[30.1987,-25.0364],[30.1593,-25.028],[30.1485,-25.0324],[30.1486,-25.0899],[30.1444,-25.0912],[30.1444,-25.1238],[30.1212,-25.1209],[30.0908,-25.1255],[30.0902,-25.1081],[30.0299,-25.0641],[30.0298,-25.0846],[29.9789,-25.0921],[30.0054,-25.1444],[30.0098,-25.2313],[30.0129,-25.231],[30.0007,-25.2795],[30.0062,-25.3403],[29.9376,-25.331],[29.8879,-25.3386],[29.8878,-25.3643],[29.8403,-25.3863],[29.8373,-25.3818],[29.8372,-25.3768],[29.8327,-25.37],[29.832,-25.3655],[29.8273,-25.365],[29.8258,-25.3621],[29.8229,-25.3623],[29.8203,-25.3589],[29.8201,-25.3607],[29.8171,-25.362],[29.7932,-25.3621],[29.7702,-25.4015],[29.7276,-25.3842],[29.6739,-25.3722],[29.6128,-25.4006],[29.587,-25.3952],[29.5226,-25.405],[29.5188,-25.4228],[29.453,-25.4065],[29.3989,-25.4148],[29.35,-25.4046],[29.3421,-25.3731],[29.3214,-25.3799],[29.2644,-25.3755],[29.2531,-25.3835],[29.243,-25.4036],[29.2375,-25.4023],[29.2073,-25.4146],[29.1957,-25.3703],[29.1313,-25.3902],[29.142,-25.3858],[29.1641,-25.3545],[29.1746,-25.3185],[29.167,-25.3034],[29.1184,-25.3132],[29.0959,-25.3212],[29.0902,-25.2894],[29.0844,-25.2929],[29.0827,-25.2871],[29.0761,-25.2846],[29.0727,-25.2869],[29.0565,-25.2793],[29.0503,-25.2802],[29.0384,-25.2765],[29.0349,-25.2646],[29.0414,-25.261],[29.0318,-25.2509],[29.0449,-25.2022],[29.0425,-25.1405],[29.0898,-25.1485],[29.0869,-25.1365],[29.1284,-25.113],[29.1058,-25.1004],[29.1016,-25.1027],[29.0979,-25.1003],[29.0942,-25.1032],[29.0912,-25.1002],[29.0883,-25.1036],[29.0849,-25.0977],[29.0903,-25.0918],[29.0857,-25.0888],[29.0707,-25.0655],[29.0188,-25.0549],[28.9764,-25.0708],[28.9754,-25.0687],[28.9717,-25.0702],[28.9462,-25.017],[28.9349,-25.0],[28.9103,-25.0071],[28.9053,-24.996],[28.9094,-24.9955],[28.8916,-24.9555],[28.9418,-24.9336],[28.937,-24.9228],[28.9241,-24.9015],[28.8464,-24.9333],[28.8374,-24.916],[28.7594,-24.9114],[28.7138,-24.9536],[28.6589,-24.9722],[28.6338,-24.9844],[28.6057,-25.0034],[28.6343,-25.0582],[28.6095,-25.0599],[28.6069,-25.0704],[28.4737,-25.0893],[28.4952,-25.1318],[28.4466,-25.1359],[28.443,-25.129],[28.4005,-25.1478],[28.3793,-25.1553],[28.3919,-25.1642],[28.411,-25.2048],[28.3869,-25.2134],[28.4616,-25.2015],[28.4977,-25.1818],[28.5321,-25.1698],[28.5366,-25.1524],[28.5961,-25.1426],[28.5967,-25.1385],[28.6361,-25.1281],[28.635,-25.1183],[28.6489,-25.1129],[28.6516,-25.1429],[28.6683,-25.1385],[28.7101,-25.1161],[28.7446,-25.1096],[28.7592,-25.1497],[28.7574,-25.1499],[28.7765,-25.1837],[28.7754,-25.1838],[28.7846,-25.2287],[28.7791,-25.2308],[28.7638,-25.2211],[28.7324,-25.2692],[28.7396,-25.2885],[28.7329,-25.2827],[28.6956,-25.2945],[28.6792,-25.303],[28.6413,-25.3276],[28.6332,-25.3315],[28.6226,-25.3336],[28.6389,-25.394],[28.6198,-25.4114],[28.6253,-25.4476],[28.6295,-25.4594],[28.6208,-25.4632],[28.6154,-25.4679],[28.621,-25.4707],[28.6321,-25.4884],[28.634,-25.5199],[28.6258,-25.523],[28.6267,-25.5311],[28.635,-25.5592],[28.6454,-25.5858],[28.6473,-25.5856],[28.6425,-25.5899],[28.6747,-25.6588],[28.6727,-25.665],[28.6838,-25.6754],[28.7088,-25.6828],[28.7221,-25.6442],[28.7239,-25.6318],[28.7382,-25.6339],[28.7663,-25.647],[28.759,-25.678],[28.7528,-25.6939],[28.7574,-25.6953],[28.7572,-25.7059],[28.7649,-25.7036],[28.7653,-25.7006],[28.7681,-25.7009],[28.7693,-25.6988],[28.7793,-25.7019],[28.7927,-25.7024],[28.8082,-25.689],[28.8193,-25.6951],[28.847,-25.6824],[28.8229,-25.6589],[28.81,-25.6591],[28.8115,-25.643],[28.836,-25.6374],[28.8355,-25.6456],[28.8416,-25.6545],[28.8457,-25.6523],[28.8693,-25.6581],[28.872,-25.6416],[28.8629,-25.6355],[28.8584,-25.6348],[28.8431,-25.5664],[28.8085,-25.5732],[28.7971,-25.542],[28.8219,-25.5224],[28.8518,-25.5018],[28.8699,-25.5248],[28.8741,-25.5271],[28.8582,-25.5691],[28.9101,-25.5245],[28.9152,-25.558],[28.9465,-25.5998],[29.0078,-25.5742],[28.9869,-25.5402],[28.9881,-25.5395],[28.9932,-25.5425],[29.0067,-25.5376],[29.0106,-25.5332],[29.019,-25.5278],[29.0137,-25.5132],[29.036,-25.5213],[29.0422,-25.521],[29.0474,-25.517],[29.0482,-25.5202],[29.0587,-25.5272],[29.0787,-25.4996],[29.0774,-25.4962],[29.08,-25.4946],[29.0914,-25.5306],[29.0984,-25.5377],[29.0869,-25.5486],[29.0684,-25.5523],[29.0343,-25.5634],[29.042,-25.5733],[29.0456,-25.5808],[29.04,-25.6176],[29.0642,-25.6207],[29.0661,-25.6305],[29.0566,-25.6326],[29.0646,-25.6424],[28.9688,-25.6733],[28.9507,-25.7283],[28.9813,-25.7425],[28.9576,-25.7746],[28.9382,-25.8233],[28.9433,-25.8244],[28.9504,-25.8374],[28.9382,-25.8886],[28.8868,-25.8714],[28.8839,-25.8784],[28.889,-25.8803],[28.8795,-25.9252],[28.8825,-25.9698],[28.8833,-25.9714],[28.8852,-25.9714],[28.885,-25.9744],[28.8673,-26.007],[28.8648,-26.0013],[28.8329,-26.0048],[28.7939,-26.0046],[28.7739,-26.0137],[28.7624,-25.9831],[28.7579,-25.9837],[28.7575,-25.9906],[28.7108,-25.9906],[28.6527,-25.9743],[28.6323,-25.9708],[28.5909,-26.0025],[28.5867,-26.016],[28.5789,-26.0596],[28.5386,-26.0478],[28.5308,-26.0616],[28.5158,-26.0585],[28.5031,-26.0638],[28.5158,-26.0812],[28.5012,-26.0896],[28.5052,-26.0992],[28.4969,-26.1039],[28.4905,-26.1264],[28.5213,-26.1445],[28.5272,-26.1787],[28.5343,-26.1722],[28.5305,-26.2253],[28.582,-26.2373],[28.6223,-26.2484],[28.6269,-26.2924],[28.6728,-26.3117],[28.6727,-26.3209],[28.7101,-26.3412],[28.7394,-26.3245],[28.7536,-26.3207],[28.7789,-26.3169],[28.8051,-26.3066],[28.8178,-26.3457],[28.8384,-26.3408],[28.8503,-26.367],[28.8613,-26.3986],[28.8322,-26.4078],[28.8055,-26.4222],[28.7991,-26.4211],[28.8,-26.424],[28.7899,-26.4265],[28.7838,-26.4381],[28.7865,-26.4492],[28.7803,-26.4505],[28.7659,-26.4714],[28.7639,-26.518],[28.6889,-26.5131],[28.6618,-26.5059],[28.6534,-26.5087],[28.6502,-26.508],[28.6499,-26.5111],[28.6416,-26.5076],[28.6312,-26.5246],[28.6382,-26.5473],[28.5849,-26.5386],[28.5866,-26.52],[28.58,-26.518],[28.5772,-26.5268],[28.569,-26.525],[28.5738,-26.5161],[28.5437,-26.507],[28.5406,-26.5036],[28.5418,-26.501],[28.5375,-26.5033],[28.5332,-26.5009],[28.5277,-26.5022],[28.5242,-26.5285],[28.526,-26.5625],[28.5285,-26.5649],[28.533,-26.5779],[28.5278,-26.5906],[28.5054,-26.5897],[28.5089,-26.5938],[28.5063,-26.5965],[28.5076,-26.6038],[28.4988,-26.6039],[28.4911,-26.6105],[28.4877,-26.6086],[28.486,-26.6096],[28.4831,-26.6187],[28.4816,-26.6171],[28.4798,-26.6175],[28.4903,-26.6353],[28.4431,-26.6392],[28.4438,-26.6544],[28.422,-26.6547],[28.415,-26.6562],[28.4001,-26.655],[28.383,-26.7175],[28.394,-26.7168],[28.4069,-26.7617],[28.3482,-26.7729],[28.3491,-26.7779],[28.3426,-26.7791],[28.3435,-26.7855],[28.3394,-26.7856],[28.3194,-26.7927],[28.3216,-26.8117],[28.3183,-26.8118],[28.3193,-26.8194],[28.3226,-26.8202],[28.325,-26.8411],[28.3096,-26.8794],[28.2835,-26.8771],[28.2843,-26.8644],[28.2633,-26.8665],[28.2619,-26.8752],[28.2435,-26.8737],[28.2484,-26.8841],[28.2443,-26.8848],[28.2515,-26.8892],[28.2517,-26.893],[28.2618,-26.9027],[28.2609,-26.9114],[28.2626,-26.9148],[28.267,-26.9143],[28.2775,-26.9065],[28.2815,-26.9061],[28.2814,-26.9148],[28.2886,-26.9281],[28.3017,-26.9409],[28.306,-26.9406],[28.3111,-26.9359],[28.3125,-26.9279],[28.3146,-26.9247],[28.3219,-26.9226],[28.3301,-26.9239],[28.3313,-26.9259],[28.3302,-26.9284],[28.3197,-26.9365],[28.3206,-26.9419],[28.3245,-26.949],[28.3295,-26.9472],[28.3476,-26.934],[28.3529,-26.9316],[28.3621,-26.9318],[28.3726,-26.9347],[28.389,-26.9307],[28.3996,-26.9357],[28.4015,-26.9407],[28.4003,-26.9509],[28.405,-26.9551],[28.4149,-26.973],[28.4207,-26.9781],[28.4291,-26.9892],[28.4261,-26.994],[28.4135,-27.0062],[28.4148,-27.0104],[28.4185,-27.013],[28.4317,-27.0057],[28.4514,-26.9813],[28.4515,-26.9789],[28.4365,-26.9669],[28.4366,-26.9646],[28.4438,-26.9603],[28.4514,-26.9638],[28.4613,-26.9723],[28.4616,-26.9774],[28.4645,-26.9829],[28.4676,-26.9828],[28.4724,-26.98],[28.4702,-26.9728],[28.476,-26.9627],[28.4756,-26.9602],[28.4712,-26.9584],[28.4703,-26.9565],[28.4754,-26.9505],[28.4779,-26.9503],[28.4859,-26.9711],[28.4924,-26.9756],[28.5004,-26.9778],[28.5096,-26.9866],[28.5109,-26.9928],[28.5043,-27.0022],[28.5036,-27.008],[28.5276,-27.018],[28.5308,-27.0271],[28.5385,-27.0337],[28.5429,-27.0347],[28.5495,-27.0413],[28.5497,-27.045],[28.5457,-27.0529],[28.5364,-27.056],[28.5327,-27.0638],[28.5344,-27.067],[28.5546,-27.0604],[28.5599,-27.0542],[28.5607,-27.0479],[28.5592,-27.0411],[28.5608,-27.0394],[28.569,-27.0349],[28.5762,-27.0392],[28.5833,-27.0378],[28.5932,-27.0238],[28.6089,-27.0207],[28.6083,-27.0082],[28.6255,-27.0107],[28.6394,-27.0199],[28.6423,-27.021],[28.6444,-27.0203],[28.6473,-27.0166],[28.6489,-27.0109],[28.6513,-27.0094],[28.6558,-26.9986],[28.6535,-26.9953],[28.6458,-26.9924],[28.633,-26.9909],[28.6233,-26.9951],[28.6172,-27.0002],[28.6097,-26.9938],[28.6059,-26.9944],[28.605,-26.9932],[28.6215,-26.9688],[28.6345,-26.962],[28.6369,-26.9551],[28.6434,-26.9542],[28.6455,-26.9527],[28.6545,-26.9602],[28.6614,-26.9608],[28.6834,-26.9752],[28.7,-26.9757],[28.7062,-26.9687],[28.7109,-26.9692],[28.7138,-26.9716],[28.7158,-26.9791],[28.7254,-26.9846],[28.7311,-26.9955],[28.7365,-27.0017],[28.7437,-27.0034],[28.7552,-26.9974],[28.7639,-27.0019],[28.7707,-27.003],[28.7768,-27.009],[28.7738,-27.019],[28.7922,-27.0254],[28.795,-27.0289],[28.7978,-27.0264],[28.802,-27.0172],[28.8013,-27.0125],[28.8049,-27.0115],[28.8098,-27.0193],[28.8117,-27.0334],[28.8108,-27.0383],[28.814,-27.0426],[28.8259,-27.037],[28.8344,-27.0417],[28.839,-27.0416],[28.8436,-27.0391],[28.8522,-27.0273],[28.8579,-27.0249],[28.8645,-27.0305],[28.8699,-27.0316],[28.8799,-27.0552],[28.8886,-27.0593],[28.8963,-27.054],[28.9004,-27.0481],[28.8962,-27.0427],[28.8991,-27.0347],[28.898,-27.0296],[28.8939,-27.0265],[28.8853,-27.0248],[28.8936,-27.0134],[28.9042,-27.0198],[28.9075,-27.0201],[28.9128,-27.0179],[28.9204,-27.0111],[28.9252,-27.0121],[28.9289,-27.0147],[28.9346,-27.0154],[28.9412,-27.0155],[28.9543,-27.0117],[28.9615,-26.9989],[28.9661,-26.9949],[28.9672,-26.9916],[28.9695,-26.9916],[28.9935,-27.0032],[29.0097,-27.0064],[29.0227,-27.0153],[29.027,-27.0164],[29.0281,-27.0185],[29.0262,-27.0221],[29.0312,-27.029],[29.0352,-27.0273],[29.0388,-27.0225],[29.0388,-27.0048],[29.0435,-27.0038],[29.0505,-27.0057],[29.0572,-27.0093],[29.0598,-27.0164],[29.0536,-27.0299],[29.0533,-27.0337],[29.0649,-27.0428],[29.0645,-27.0445],[29.0615,-27.046],[29.0618,-27.0489],[29.0683,-27.055],[29.0719,-27.0563],[29.0708,-27.0601],[29.0742,-27.0632],[29.0733,-27.065],[29.0708,-27.064],[29.072,-27.0659],[29.0701,-27.0678],[29.0682,-27.0674],[29.0674,-27.0647],[29.0654,-27.0651],[29.061,-27.0718],[29.0621,-27.0755],[29.0609,-27.0785],[29.0557,-27.0787],[29.0557,-27.0813],[29.0619,-27.0853],[29.0647,-27.0837],[29.0673,-27.0855],[29.0718,-27.0857],[29.0737,-27.0908],[29.0777,-27.0926],[29.0833,-27.1054],[29.0864,-27.1067],[29.0857,-27.1103],[29.0887,-27.113],[29.0862,-27.116],[29.0888,-27.1186],[29.0927,-27.1182],[29.0917,-27.1211],[29.097,-27.1227],[29.0992,-27.1269],[29.104,-27.1303],[29.1054,-27.1338],[29.1018,-27.1342],[29.1014,-27.1372],[29.1074,-27.1419],[29.1106,-27.1477],[29.1135,-27.1496],[29.1121,-27.1528],[29.1141,-27.1589],[29.1137,-27.1632],[29.1169,-27.1724],[29.1206,-27.1718],[29.1244,-27.1672],[29.1265,-27.1671],[29.1269,-27.169],[29.1296,-27.1684],[29.1296,-27.1628],[29.1316,-27.1624],[29.1321,-27.1602],[29.1334,-27.1626],[29.1372,-27.1612],[29.138,-27.1584],[29.1363,-27.1546],[29.1377,-27.1524],[29.1417,-27.1538],[29.1461,-27.1527],[29.1474,-27.1491],[29.151,-27.1519],[29.1526,-27.146],[29.1561,-27.1449],[29.1588,-27.1461],[29.1594,-27.1431],[29.1701,-27.1414],[29.1782,-27.1465],[29.1798,-27.1441],[29.1831,-27.1454],[29.1902,-27.1432],[29.1897,-27.1409],[29.1926,-27.1403],[29.1927,-27.137],[29.195,-27.1402],[29.1979,-27.1406],[29.204,-27.1449],[29.2097,-27.1424],[29.2158,-27.1476],[29.2239,-27.1447],[29.2278,-27.1471],[29.2271,-27.1499],[29.2292,-27.151],[29.227,-27.1553],[29.2286,-27.1568],[29.2281,-27.1611],[29.2307,-27.1604],[29.2298,-27.1672],[29.2355,-27.1731],[29.2365,-27.1776],[29.2347,-27.1832],[29.2413,-27.1823],[29.2437,-27.1835],[29.2434,-27.1853],[29.2406,-27.1846],[29.2396,-27.1863],[29.2419,-27.1884],[29.2426,-27.1861],[29.2443,-27.1862],[29.2465,-27.1885],[29.2453,-27.1909],[29.2463,-27.192],[29.2541,-27.1897],[29.2535,-27.194],[29.2563,-27.1946],[29.2583,-27.1843],[29.2604,-27.1813],[29.2629,-27.183],[29.2602,-27.1838],[29.2633,-27.1874],[29.2658,-27.1868],[29.2668,-27.184],[29.2682,-27.1849],[29.2657,-27.1916],[29.2702,-27.1893],[29.2694,-27.1929],[29.2708,-27.1958],[29.2683,-27.1961],[29.2682,-27.1983],[29.2719,-27.1962],[29.2722,-27.1916],[29.2747,-27.1927],[29.2732,-27.1956],[29.2767,-27.1943],[29.282,-27.195],[29.2807,-27.1989],[29.2819,-27.1996],[29.285,-27.195],[29.2818,-27.1921],[29.2839,-27.1936],[29.2841,-27.1907],[29.2864,-27.1903],[29.2871,-27.1911],[29.2849,-27.1925],[29.2876,-27.1927],[29.2887,-27.1965],[29.2916,-27.1996],[29.2958,-27.201],[29.2954,-27.2031],[29.298,-27.2041],[29.2972,-27.2058],[29.2988,-27.2092],[29.3019,-27.2097],[29.3005,-27.2119],[29.3046,-27.2151],[29.309,-27.2162],[29.3119,-27.2142],[29.3112,-27.2113],[29.3143,-27.2097],[29.3182,-27.2105],[29.3255,-27.2085],[29.3299,-27.2036],[29.3308,-27.208],[29.3351,-27.2074],[29.3346,-27.2089],[29.3326,-27.2086],[29.3328,-27.2101],[29.3312,-27.2103],[29.3311,-27.213],[29.3341,-27.2141],[29.3315,-27.2182],[29.3329,-27.2191],[29.3329,-27.217],[29.3355,-27.2173],[29.3359,-27.2145],[29.3371,-27.2181],[29.3356,-27.2219],[29.3378,-27.2239],[29.3365,-27.2246],[29.3351,-27.2226],[29.3335,-27.2239],[29.3362,-27.2267],[29.3321,-27.2305],[29.3362,-27.232],[29.3382,-27.2351],[29.3344,-27.2364],[29.3352,-27.2398],[29.3321,-27.2446],[29.3281,-27.2466],[29.3253,-27.2521],[29.3312,-27.2634],[29.3382,-27.2645],[29.3392,-27.2636],[29.3408,-27.2604],[29.3397,-27.252],[29.3427,-27.2485],[29.3515,-27.2487],[29.3532,-27.2498],[29.3619,-27.247],[29.3698,-27.2515],[29.3726,-27.2503],[29.3751,-27.251],[29.3807,-27.2474],[29.3845,-27.249],[29.3884,-27.246],[29.389,-27.2475],[29.3863,-27.2489],[29.3875,-27.2499],[29.3902,-27.2477],[29.3869,-27.2436],[29.3909,-27.2427],[29.4002,-27.2429],[29.4015,-27.2496],[29.4043,-27.2523],[29.4107,-27.2523],[29.4151,-27.2505],[29.4194,-27.2554],[29.4203,-27.2539],[29.422,-27.254],[29.4213,-27.2566],[29.4233,-27.2576],[29.4265,-27.2563],[29.4248,-27.2547],[29.4282,-27.2539],[29.432,-27.2622],[29.4344,-27.2613],[29.4357,-27.2628],[29.4364,-27.261],[29.4395,-27.2676],[29.4434,-27.2669],[29.4481,-27.273],[29.4483,-27.2754],[29.4507,-27.2748],[29.4506,-27.2781],[29.4517,-27.2763],[29.4533,-27.2769],[29.4551,-27.2796],[29.4548,-27.2826],[29.4566,-27.2815],[29.4565,-27.2842],[29.4603,-27.2844],[29.4591,-27.2863],[29.4611,-27.2867],[29.4617,-27.2853],[29.4637,-27.2877],[29.4663,-27.299],[29.4687,-27.2987],[29.47,-27.3003],[29.4687,-27.3015],[29.4709,-27.3015],[29.4698,-27.3036],[29.4722,-27.3095],[29.4676,-27.3156],[29.4702,-27.3204],[29.4694,-27.3248],[29.4807,-27.3328],[29.4826,-27.3322],[29.4833,-27.3281],[29.4864,-27.3274],[29.4837,-27.3388],[29.4865,-27.3407],[29.4878,-27.3376],[29.4901,-27.3369],[29.4899,-27.3447],[29.4848,-27.347],[29.4871,-27.3506],[29.483,-27.3569],[29.4828,-27.36],[29.4866,-27.3628],[29.5029,-27.3582],[29.5052,-27.365],[29.5124,-27.3679],[29.5095,-27.3692],[29.5087,-27.3727],[29.5088,-27.3764],[29.5119,-27.3796],[29.52,-27.3844],[29.5222,-27.3828],[29.5183,-27.3779],[29.5239,-27.3772],[29.5271,-27.3783],[29.5304,-27.3828],[29.5298,-27.3864],[29.5257,-27.3863],[29.5271,-27.3941],[29.5381,-27.387],[29.5416,-27.3915],[29.5435,-27.399],[29.5502,-27.3978],[29.552,-27.3987],[29.5489,-27.4047],[29.5491,-27.4092],[29.552,-27.4136],[29.5474,-27.4141],[29.5426,-27.42],[29.55,-27.4241],[29.5463,-27.4292],[29.5465,-27.4311],[29.5541,-27.432],[29.5561,-27.431],[29.5599,-27.4322],[29.5613,-27.4413],[29.5633,-27.4427],[29.5675,-27.4413],[29.5691,-27.4421],[29.5791,-27.4545],[29.5787,-27.4565],[29.5767,-27.4569],[29.5781,-27.4596],[29.58,-27.4584],[29.581,-27.4607],[29.5846,-27.4619],[29.5836,-27.4623],[29.5845,-27.4644],[29.589,-27.4633],[29.5897,-27.4663],[29.5944,-27.4674],[29.5979,-27.4701],[29.5993,-27.4689],[29.6007,-27.4701],[29.5998,-27.4728],[29.6016,-27.4718],[29.603,-27.4741],[29.601,-27.4768],[29.6039,-27.4802],[29.6018,-27.4817],[29.6049,-27.4854],[29.604,-27.4942],[29.6068,-27.4966],[29.6093,-27.4964],[29.6189,-27.506],[29.6255,-27.5057],[29.6297,-27.5023],[29.6368,-27.5047],[29.6494,-27.5042],[29.6505,-27.4997],[29.6551,-27.4962],[29.6669,-27.4959],[29.6741,-27.498],[29.6795,-27.4968],[29.681,-27.5001],[29.6858,-27.4978],[29.6883,-27.4935],[29.6935,-27.4922],[29.6989,-27.4947],[29.7014,-27.4939],[29.7065,-27.4879],[29.7049,-27.4858],[29.7063,-27.4817],[29.6992,-27.4778],[29.6977,-27.4754],[29.6993,-27.4747],[29.6984,-27.4726],[29.7024,-27.4658],[29.6994,-27.4591],[29.6991,-27.4508],[29.7044,-27.4454],[29.7106,-27.4439],[29.7172,-27.4403],[29.717,-27.4384],[29.7197,-27.4383],[29.7214,-27.4328],[29.7325,-27.4309],[29.7446,-27.4326],[29.7466,-27.4352],[29.7587,-27.4426]]]}},{"type":"Feature","id":"ZA-NC","properties":{"code":"ZA-NC","name":"Northern Cape","country":"ZA","level":"REGION"},"geometry":{"type":"Polygon","coordinates":[[[25.4671,-30.6242],[25.4536,-30.609],[25.4213,-30.587],[25.4194,-30.5845],[25.42,-30.58],[25.418,-30.5777],[25.4057,-30.5721],[25.3993,-30.5731],[25.3747,-30.5591],[25.3636,-30.5581],[25.3572,-30.5636],[25.3504,-30.5643],[25.34,-30.5583],[25.3337,-30.5577],[25.3284,-30.561],[25.326,-30.5696],[25.3237,-30.5724],[25.3114,-30.5771],[25.3054,-30.5765],[25.2838,-30.559],[25.279,-30.5441],[25.2706,-30.5387],[25.2617,-30.5259],[25.2547,-30.519],[25.2434,-30.5136],[25.2395,-30.5046],[25.2353,-30.4999],[25.2313,-30.4995],[25.2252,-30.5036],[25.21,-30.5051],[25.203,-30.504],[25.1896,-30.4984],[25.1837,-30.484],[25.1671,-30.4737],[25.1601,-30.4647],[25.1527,-30.4593],[25.1531,-30.4532],[25.1612,-30.4495],[25.1577,-30.4426],[25.1467,-30.4329],[25.1399,-30.4242],[25.1256,-30.4202],[25.1135,-30.4092],[25.1112,-30.4036],[25.1021,-30.3913],[25.0961,-30.3732],[25.0809,-30.3669],[25.0716,-30.3594],[25.064,-30.3569],[25.0511,-30.3572],[25.0427,-30.3635],[25.0383,-30.3623],[25.0355,-30.3449],[25.0424,-30.3365],[25.0467,-30.3229],[25.0471,-30.3162],[25.0344,-30.2862],[25.0295,-30.2837],[25.0233,-30.2835],[25.0174,-30.2857],[25.0079,-30.2921],[25.0027,-30.2935],[24.9863,-30.29],[24.9803,-30.2842],[24.9761,-30.2733],[24.9632,-30.2675],[24.9465,-30.2518],[24.9468,-30.2467],[24.9553,-30.2386],[24.9558,-30.2312],[24.9542,-30.2261],[24.9516,-30.2249],[24.9461,-30.2253],[24.9426,-30.2216],[24.934,-30.2175],[24.9302,-30.2069],[24.9251,-30.2007],[24.9203,-30.2008],[24.9104,-30.2096],[24.9032,-30.209],[24.9,-30.2067],[24.8956,-30.1964],[24.8952,-30.1842],[24.8816,-30.1733],[24.8804,-30.1589],[24.8711,-30.1345],[24.8672,-30.1307],[24.8442,-30.1235],[24.8376,-30.1178],[24.8364,-30.1151],[24.8385,-30.0952],[24.8329,-30.0923],[24.8261,-30.0852],[24.8178,-30.0821],[24.8141,-30.0679],[24.8034,-30.0604],[24.7978,-30.0516],[24.7962,-30.0459],[24.7985,-30.0339],[24.8001,-30.0313],[24.8073,-30.0264],[24.808,-30.023],[24.8037,-30.0118],[24.794,-29.999],[24.7889,-29.9967],[24.7737,-29.9938],[24.7568,-29.9929],[24.7502,-29.9895],[24.7237,-29.9922],[24.7124,-29.9887],[24.7036,-29.9837],[24.6956,-29.9827],[24.6744,-29.9756],[24.6713,-29.9715],[24.6695,-29.9611],[24.6628,-29.9422],[24.6679,-29.9091],[24.665,-29.902],[24.6593,-29.8992],[24.6527,-29.8989],[24.6498,-29.9016],[24.6495,-29.9069],[24.6453,-29.9113],[24.6079,-29.9113],[24.5959,-29.9048],[24.5841,-29.8962],[24.5642,-29.8777],[24.5551,-29.8626],[24.5507,-29.8492],[24.547,-29.8449],[24.5395,-29.8423],[24.524,-29.8452],[24.5103,-29.8415],[24.5026,-29.8364],[24.5018,-29.8332],[24.5034,-29.8241],[24.4977,-29.8161],[24.4872,-29.813],[24.459,-29.8107],[24.4535,-29.8111],[24.4472,-29.8151],[24.4389,-29.8148],[24.4351,-29.8059],[24.4246,-29.8012],[24.4105,-29.7895],[24.4022,-29.7741],[24.3879,-29.7539],[24.376,-29.727],[24.3678,-29.7205],[24.3545,-29.7131],[24.3488,-29.7032],[24.3535,-29.6619],[24.3522,-29.6587],[24.3466,-29.6559],[24.6619,-29.0792],[24.9018,-28.648],[24.8277,-28.627],[24.8678,-28.5171],[24.8469,-28.5038],[24.8814,-28.4632],[24.8868,-28.465],[24.9376,-28.3249],[24.8903,-28.3102],[24.8705,-28.2704],[24.9053,-28.2748],[24.9267,-28.2469],[24.9646,-28.2507],[25.0281,-28.0735],[25.0201,-28.0774],[25.0098,-28.0767],[24.9993,-28.0819],[24.9848,-28.0796],[24.9734,-28.081],[24.9694,-28.085],[24.9667,-28.0928],[24.9595,-28.1035],[24.9506,-28.1132],[24.8298,-27.9313],[24.8456,-27.9237],[24.8517,-27.9261],[24.8574,-27.9253],[24.8577,-27.9202],[24.8598,-27.9213],[24.857,-27.9189],[24.8571,-27.9161],[24.8615,-27.9083],[24.8469,-27.9112],[25.0479,-27.6997],[25.0348,-27.6931],[24.9997,-27.6808],[24.9732,-27.6826],[24.8857,-27.6945],[24.8545,-27.6956],[24.8012,-27.7018],[24.7966,-27.6982],[24.797,-27.693],[24.792,-27.6869],[24.7949,-27.682],[24.7938,-27.6767],[24.7954,-27.6734],[24.7951,-27.6633],[24.7977,-27.6562],[24.7938,-27.646],[24.7866,-27.6432],[24.7822,-27.633],[24.7807,-27.6184],[24.7825,-27.6109],[24.7843,-27.6093],[24.7843,-27.6046],[24.7568,-27.6096],[24.7621,-27.6332],[24.6923,-27.6452],[24.6918,-27.6541],[24.6782,-27.6669],[24.6787,-27.6691],[24.6845,-27.6741],[24.686,-27.6784],[24.6834,-27.6804],[24.6777,-27.6799],[24.6746,-27.6812],[24.6727,-27.6856],[24.6752,-27.6934],[24.6812,-27.7034],[24.6955,-27.7183],[24.6937,-27.7356],[24.6805,-27.7393],[24.6704,-27.7616],[24.6757,-27.7699],[24.6731,-27.7828],[24.6692,-27.7863],[24.6619,-27.7848],[24.6587,-27.7909],[24.6993,-27.8283],[24.6908,-27.8327],[24.6881,-27.8365],[24.6883,-27.8391],[24.6949,-27.8426],[24.6968,-27.8476],[24.6912,-27.8504],[24.6904,-27.8525],[24.6889,-27.8504],[24.6813,-27.8491],[24.6784,-27.8505],[24.6715,-27.8499],[24.6699,-27.8517],[24.6651,-27.853],[24.6583,-27.8527],[24.6564,-27.8554],[24.6564,-27.8634],[24.6521,-27.8697],[24.6519,-27.8768],[24.6494,-27.8817],[24.6451,-27.8875],[24.6413,-27.8876],[24.6325,-27.8914],[24.6322,-27.8991],[24.6301,-27.9029],[24.6191,-27.905],[24.6133,-27.9016],[24.6116,-27.8977],[24.6071,-27.8984],[24.606,-27.901],[24.6071,-27.9012],[24.6069,-27.9085],[24.6115,-27.91],[24.6173,-27.9155],[24.6184,-27.9213],[24.6222,-27.9269],[24.6257,-27.9287],[24.6288,-27.9353],[24.6265,-27.938],[24.627,-27.9419],[24.6198,-27.9512],[24.6222,-27.9611],[24.6265,-27.963],[24.6256,-27.9672],[24.6219,-27.972],[24.6228,-27.974],[24.6208,-27.9749],[24.6231,-27.9765],[24.6209,-27.9788],[24.6249,-27.9906],[24.6273,-27.9909],[24.6294,-27.9943],[24.6273,-27.9971],[24.6283,-27.9995],[24.6248,-27.9992],[24.6232,-28.0017],[24.6209,-28.0012],[24.6166,-28.0065],[24.617,-28.008],[24.6082,-28.0117],[24.6086,-28.015],[24.6141,-28.0204],[24.6144,-28.0224],[24.6089,-28.0273],[24.608,-28.0262],[24.6031,-28.0292],[24.5941,-28.0287],[24.5918,-28.0313],[24.5887,-28.0279],[24.5788,-28.0326],[24.5664,-28.0348],[24.5595,-28.0388],[24.5577,-28.0445],[24.5632,-28.0569],[24.5637,-28.07],[24.5599,-28.0747],[24.5526,-28.0784],[24.5346,-28.0921],[24.4655,-28.0358],[24.4445,-28.0319],[24.4586,-28.0127],[24.4682,-27.9967],[24.4673,-27.9806],[24.4099,-27.9233],[24.3926,-27.9415],[24.3605,-27.9107],[24.4099,-27.8427],[24.4274,-27.8405],[24.4526,-27.7825],[24.4088,-27.7611],[24.4468,-27.7029],[24.4053,-27.6812],[24.111,-27.739],[24.0933,-27.7049],[24.1051,-27.6515],[24.1186,-27.6217],[24.0506,-27.6027],[24.0492,-27.5586],[24.0553,-27.5079],[24.0522,-27.4627],[24.0575,-27.4294],[24.0863,-27.3535],[24.0724,-27.3556],[24.0639,-27.3532],[24.0149,-27.3237],[23.9529,-27.2815],[23.9502,-27.2828],[23.9413,-27.2764],[23.8965,-27.2527],[23.8983,-27.2356],[23.9101,-27.2251],[23.9156,-27.2141],[23.9736,-27.0964],[23.976,-27.0794],[24.0374,-27.0537],[24.026,-26.9993],[24.001,-26.9433],[23.9704,-26.8942],[23.9628,-26.8983],[23.9169,-26.8579],[23.8695,-26.8567],[23.8532,-26.8901],[23.7607,-26.8409],[23.7251,-26.8291],[23.6465,-26.8075],[23.6153,-26.79],[23.5689,-26.7749],[23.5209,-26.7555],[23.4871,-26.7397],[23.5471,-26.6583],[23.5837,-26.6171],[23.463,-26.5311],[23.2664,-26.4854],[23.2821,-26.3395],[23.2217,-26.2713],[23.2647,-26.2045],[23.311,-26.1419],[23.2519,-26.1138],[23.2158,-26.1157],[23.2321,-26.0527],[23.3069,-26.0703],[23.3539,-26.0895],[23.3874,-26.0062],[23.3205,-25.9928],[23.0869,-25.9826],[23.0883,-25.999],[23.0881,-26.0436],[23.0648,-26.0991],[22.987,-26.09],[22.9811,-26.1526],[22.9071,-26.1459],[22.8993,-26.2136],[22.8808,-26.2624],[22.8484,-26.3759],[22.8419,-26.3933],[22.8032,-26.4537],[22.7447,-26.4247],[22.7088,-26.4109],[22.7029,-26.1199],[22.6307,-26.1226],[22.6322,-26.1213],[22.6281,-26.1235],[22.6179,-26.1241],[22.6085,-26.1282],[22.6051,-26.1347],[22.6064,-26.1433],[22.605,-26.1492],[22.5997,-26.1519],[22.5926,-26.1482],[22.5876,-26.1416],[22.5818,-26.1403],[22.5781,-26.1426],[22.5762,-26.1473],[22.5796,-26.1584],[22.5777,-26.1916],[22.5745,-26.1966],[22.5634,-26.206],[22.5582,-26.2206],[22.5527,-26.225],[22.5385,-26.2274],[22.5288,-26.2267],[22.5121,-26.2154],[22.4951,-26.2105],[22.4789,-26.2012],[22.4742,-26.1997],[22.4717,-26.2006],[22.4661,-26.2058],[22.4607,-26.2222],[22.4541,-26.2279],[22.4435,-26.2292],[22.4338,-26.2272],[22.4259,-26.2233],[22.4201,-26.2244],[22.4151,-26.238],[22.4102,-26.2414],[22.4023,-26.2441],[22.3988,-26.2481],[22.3994,-26.2548],[22.406,-26.2644],[22.4059,-26.2682],[22.4027,-26.2729],[22.3862,-26.285],[22.3802,-26.2862],[22.368,-26.2842],[22.3631,-26.2858],[22.3623,-26.2902],[22.3664,-26.3016],[22.3672,-26.3147],[22.3668,-26.3192],[22.363,-26.3255],[22.3589,-26.3276],[22.3518,-26.3274],[22.3392,-26.3204],[22.3259,-26.3223],[22.3203,-26.3249],[22.3127,-26.3412],[22.3069,-26.3441],[22.3017,-26.3442],[22.2889,-26.3399],[22.2853,-26.34],[22.2682,-26.3452],[22.2473,-26.347],[22.2423,-26.3499],[22.2377,-26.3579],[22.2387,-26.3706],[22.2251,-26.3774],[22.214,-26.3861],[22.1948,-26.394],[22.1905,-26.4],[22.1915,-26.4058],[22.1989,-26.4143],[22.2008,-26.4203],[22.2002,-26.4248],[22.1962,-26.4301],[22.1835,-26.436],[22.1815,-26.4392],[22.1813,-26.4491],[22.1855,-26.4604],[22.1823,-26.4692],[22.1797,-26.4719],[22.1674,-26.4772],[22.1601,-26.4833],[22.1583,-26.488],[22.1592,-26.4915],[22.1655,-26.4998],[22.1657,-26.5039],[22.1635,-26.5083],[22.1589,-26.5121],[22.1423,-26.5188],[22.1352,-26.5235],[22.1331,-26.5261],[22.1319,-26.5322],[22.1336,-26.5406],[22.1326,-26.5448],[22.1262,-26.5474],[22.1141,-26.5461],[22.1086,-26.5488],[22.104,-26.5536],[22.1015,-26.5658],[22.0985,-26.5706],[22.0944,-26.573],[22.0854,-26.5749],[22.079,-26.5792],[22.0767,-26.5828],[22.0692,-26.6084],[22.0514,-26.6335],[22.0452,-26.6351],[22.0305,-26.634],[22.0174,-26.6365],[22.0109,-26.6396],[22.0011,-26.6479],[21.9845,-26.6503],[21.9557,-26.6674],[21.949,-26.67],[21.9427,-26.6698],[21.9359,-26.6666],[21.9266,-26.6647],[21.9035,-26.6701],[21.8934,-26.669],[21.8831,-26.6707],[21.8681,-26.6691],[21.8454,-26.664],[21.8387,-26.6647],[21.8302,-26.6598],[21.8241,-26.6597],[21.8083,-26.6704],[21.7953,-26.6727],[21.7874,-26.6761],[21.772,-26.6891],[21.7692,-26.6957],[21.7706,-26.7045],[21.7837,-26.7162],[21.7873,-26.7222],[21.7847,-26.7503],[21.7931,-26.7708],[21.7915,-26.7761],[21.7835,-26.7856],[21.781,-26.8023],[21.7718,-26.8029],[21.7638,-26.8121],[21.7368,-26.8288],[21.7033,-26.8574],[21.698,-26.8601],[21.6939,-26.8611],[21.6843,-26.8554],[21.6775,-26.854],[21.6743,-26.8551],[21.6694,-26.8612],[21.6627,-26.8646],[21.6436,-26.8635],[21.6269,-26.8666],[21.6181,-26.861],[21.6031,-26.8451],[21.5943,-26.8412],[21.5756,-26.8399],[21.5615,-26.85],[21.5566,-26.8492],[21.549,-26.8441],[21.5409,-26.8431],[21.5333,-26.856],[21.5292,-26.8606],[21.5254,-26.8618],[21.4983,-26.8508],[21.4854,-26.8414],[21.4619,-26.8407],[21.4558,-26.8381],[21.4492,-26.8309],[21.4401,-26.8271],[21.4049,-26.8221],[21.3895,-26.8245],[21.3761,-26.8306],[21.3578,-26.8293],[21.3441,-26.8254],[21.3327,-26.8256],[21.3281,-26.8286],[21.3172,-26.8412],[21.3067,-26.8472],[21.2992,-26.8494],[21.2885,-26.849],[21.2747,-26.8392],[21.2686,-26.8375],[21.2599,-26.8387],[21.2488,-26.8456],[21.2452,-26.8462],[21.2299,-26.8436],[21.2217,-26.8438],[21.1932,-26.8527],[21.1769,-26.8666],[21.1691,-26.8687],[21.1549,-26.8673],[21.1342,-26.8738],[21.1244,-26.8693],[21.1156,-26.8595],[21.1099,-26.8575],[21.0972,-26.8564],[21.0789,-26.8485],[21.0712,-26.8484],[21.0601,-26.8516],[21.0415,-26.8467],[21.0258,-26.8477],[21.0109,-26.8467],[21.0066,-26.8443],[20.986,-26.8252],[20.9778,-26.8115],[20.9718,-26.8072],[20.962,-26.8069],[20.9537,-26.8119],[20.9466,-26.8139],[20.9376,-26.811],[20.9097,-26.7977],[20.8981,-26.7963],[20.8852,-26.7973],[20.8714,-26.8038],[20.8515,-26.8159],[20.8444,-26.8186],[20.8289,-26.8179],[20.8207,-26.8193],[20.8178,-26.823],[20.8188,-26.8378],[20.8163,-26.8417],[20.813,-26.8434],[20.7942,-26.8403],[20.7866,-26.8417],[20.7729,-26.8598],[20.7635,-26.8664],[20.757,-26.8673],[20.7403,-26.8658],[20.7286,-26.8664],[20.715,-26.8701],[20.7082,-26.8754],[20.7049,-26.8855],[20.6974,-26.8996],[20.6854,-26.9074],[20.687,-26.9018],[20.6799,-26.8818],[20.6798,-26.8695],[20.6761,-26.861],[20.6805,-26.8515],[20.6851,-26.848],[20.6827,-26.8406],[20.6555,-26.8345],[20.6454,-26.829],[20.6426,-26.8229],[20.6504,-26.8095],[20.645,-26.8019],[20.6368,-26.7944],[20.6238,-26.7894],[20.6224,-26.7869],[20.6351,-26.7748],[20.6377,-26.7675],[20.6368,-26.7636],[20.6257,-26.7493],[20.6325,-26.7351],[20.6326,-26.7289],[20.6345,-26.7256],[20.6261,-26.7198],[20.6209,-26.7135],[20.6191,-26.7056],[20.6166,-26.7022],[20.6145,-26.6869],[20.617,-26.6772],[20.6334,-26.6692],[20.6353,-26.6653],[20.6292,-26.6428],[20.6301,-26.6279],[20.6337,-26.6173],[20.6318,-26.6037],[20.6326,-26.5918],[20.6305,-26.5825],[20.6185,-26.5685],[20.6133,-26.5651],[20.61,-26.5599],[20.6085,-26.553],[20.6102,-26.5356],[20.6046,-26.5214],[20.6048,-26.5147],[20.6118,-26.4992],[20.6116,-26.4879],[20.6167,-26.4676],[20.6174,-26.4437],[20.6257,-26.4348],[20.6461,-26.4351],[20.6498,-26.4329],[20.6608,-26.4156],[20.6768,-26.3979],[20.6789,-26.397],[20.6875,-26.3992],[20.6934,-26.3977],[20.6975,-26.3903],[20.6986,-26.3832],[20.6973,-26.3691],[20.7005,-26.3635],[20.7122,-26.3509],[20.7199,-26.3338],[20.7372,-26.3241],[20.744,-26.3178],[20.7563,-26.2968],[20.7594,-26.2865],[20.7638,-26.284],[20.7727,-26.2821],[20.7905,-26.2712],[20.7928,-26.2587],[20.8053,-26.245],[20.8077,-26.2295],[20.8161,-26.2149],[20.8152,-26.1924],[20.8193,-26.1823],[20.8228,-26.1765],[20.8269,-26.1729],[20.8366,-26.169],[20.8438,-26.1621],[20.8538,-26.1492],[20.8562,-26.1413],[20.8633,-26.1327],[20.8624,-26.1282],[20.8577,-26.1238],[20.8523,-26.1222],[20.8436,-26.1255],[20.8407,-26.1238],[20.8382,-26.1185],[20.8288,-26.1129],[20.8209,-26.1055],[20.8207,-26.1011],[20.8339,-26.0945],[20.8389,-26.0895],[20.8418,-26.0804],[20.8393,-26.0766],[20.8273,-26.0726],[20.8187,-26.0586],[20.8211,-26.0543],[20.8329,-26.047],[20.8361,-26.0415],[20.8361,-26.0361],[20.8319,-26.0227],[20.8283,-26.0186],[20.8164,-26.0101],[20.8154,-26.0059],[20.8285,-25.9885],[20.8307,-25.9825],[20.8313,-25.9722],[20.8402,-25.9616],[20.8404,-25.956],[20.8374,-25.9507],[20.8104,-25.9302],[20.8051,-25.9253],[20.8029,-25.921],[20.8018,-25.9097],[20.7981,-25.8996],[20.8094,-25.8934],[20.8121,-25.8903],[20.8131,-25.8697],[20.8092,-25.8646],[20.8042,-25.8621],[20.7867,-25.8606],[20.7827,-25.855],[20.7815,-25.8488],[20.7894,-25.8339],[20.7859,-25.82],[20.7901,-25.8083],[20.7882,-25.8031],[20.7829,-25.8007],[20.7729,-25.8048],[20.7666,-25.8096],[20.7621,-25.8152],[20.7593,-25.8222],[20.7535,-25.8262],[20.747,-25.827],[20.7393,-25.8227],[20.7391,-25.8156],[20.7444,-25.8046],[20.7496,-25.7991],[20.7622,-25.791],[20.7646,-25.787],[20.7635,-25.7804],[20.7606,-25.7766],[20.7541,-25.7725],[20.7486,-25.7716],[20.7373,-25.7737],[20.7317,-25.7717],[20.7298,-25.7684],[20.7308,-25.7479],[20.723,-25.727],[20.7181,-25.7187],[20.7078,-25.7076],[20.6826,-25.6945],[20.6779,-25.6904],[20.6747,-25.6718],[20.677,-25.6655],[20.6873,-25.6519],[20.6889,-25.6455],[20.6879,-25.6355],[20.6823,-25.6317],[20.6726,-25.6298],[20.662,-25.6385],[20.6569,-25.6399],[20.6518,-25.6375],[20.6504,-25.6324],[20.6523,-25.6263],[20.6577,-25.6188],[20.6611,-25.6085],[20.6654,-25.604],[20.6824,-25.6046],[20.6906,-25.6031],[20.6955,-25.6002],[20.6982,-25.5951],[20.6969,-25.5896],[20.6874,-25.5793],[20.6768,-25.5632],[20.67,-25.5498],[20.648,-25.5318],[20.6329,-25.53],[20.6292,-25.525],[20.6288,-25.5128],[20.6402,-25.5041],[20.6434,-25.498],[20.6345,-25.4787],[20.6362,-25.4735],[20.6412,-25.4703],[20.6616,-25.472],[20.6677,-25.4696],[20.6728,-25.4635],[20.6744,-25.4532],[20.6711,-25.4481],[20.6668,-25.4459],[20.6597,-25.4461],[20.6539,-25.4495],[20.6484,-25.4595],[20.6441,-25.4627],[20.6374,-25.4645],[20.6225,-25.4618],[20.616,-25.4453],[20.6202,-25.4404],[20.6298,-25.4355],[20.6337,-25.4315],[20.631,-25.4253],[20.6255,-25.4216],[20.6082,-25.4297],[20.6012,-25.4274],[20.5983,-25.4216],[20.6054,-25.4042],[20.6046,-25.3987],[20.6016,-25.3947],[20.5966,-25.3907],[20.5918,-25.39],[20.5778,-25.3964],[20.566,-25.3948],[20.5616,-25.3895],[20.5599,-25.3843],[20.5511,-25.3713],[20.5455,-25.3561],[20.5392,-25.3448],[20.5419,-25.3361],[20.5481,-25.3287],[20.5488,-25.3243],[20.547,-25.3206],[20.5409,-25.3182],[20.5366,-25.319],[20.532,-25.3228],[20.5217,-25.3247],[20.5169,-25.3233],[20.5139,-25.3171],[20.514,-25.3115],[20.5173,-25.3065],[20.5257,-25.3044],[20.5312,-25.2987],[20.5427,-25.2928],[20.5459,-25.2862],[20.5281,-25.2878],[20.5236,-25.2844],[20.5234,-25.2782],[20.519,-25.2749],[20.506,-25.2755],[20.4997,-25.2722],[20.4873,-25.2531],[20.4924,-25.2467],[20.4989,-25.2284],[20.4956,-25.2246],[20.4889,-25.2226],[20.4759,-25.2252],[20.4711,-25.2283],[20.4656,-25.2234],[20.4619,-25.2116],[20.4464,-25.199],[20.4442,-25.1942],[20.4474,-25.1887],[20.462,-25.1837],[20.4674,-25.1761],[20.4697,-25.1618],[20.469,-25.1569],[20.4655,-25.1524],[20.4596,-25.1499],[20.4448,-25.1582],[20.436,-25.1578],[20.4309,-25.1543],[20.4274,-25.1479],[20.4277,-25.1442],[20.4316,-25.1411],[20.4314,-25.1358],[20.426,-25.1328],[20.424,-25.1282],[20.4255,-25.1239],[20.4295,-25.1209],[20.4292,-25.1163],[20.4198,-25.1046],[20.4148,-25.1054],[20.4107,-25.1034],[20.41,-25.0989],[20.4157,-25.0891],[20.4127,-25.0829],[20.3924,-25.0768],[20.3868,-25.0691],[20.3816,-25.0666],[20.3788,-25.0619],[20.3856,-25.05],[20.3867,-25.0387],[20.3842,-25.0343],[20.3689,-25.0278],[20.3566,-25.0244],[20.3492,-25.0095],[20.3286,-25.0059],[20.3262,-24.9975],[20.3227,-24.9915],[20.3176,-24.9868],[20.2965,-24.9806],[20.2861,-24.9696],[20.2881,-24.96],[20.2865,-24.9539],[20.2843,-24.9514],[20.2757,-24.9503],[20.2726,-24.9474],[20.2705,-24.9381],[20.2662,-24.9293],[20.2593,-24.9237],[20.2545,-24.9233],[20.2488,-24.9184],[20.2331,-24.9138],[20.222,-24.9199],[20.217,-24.9166],[20.2137,-24.9078],[20.2036,-24.8964],[20.1975,-24.897],[20.1945,-24.9039],[20.1895,-24.9104],[20.1818,-24.9118],[20.1603,-24.8888],[20.1581,-24.8836],[20.1502,-24.8795],[20.1305,-24.8808],[20.1213,-24.8848],[20.1152,-24.88],[20.1092,-24.8624],[20.0992,-24.8594],[20.0877,-24.852],[20.0865,-24.845],[20.0897,-24.8402],[20.0902,-24.8328],[20.0859,-24.83],[20.0719,-24.8308],[20.0668,-24.8285],[20.0652,-24.8141],[20.0381,-24.8094],[20.0295,-24.7882],[20.0078,-24.7743],[19.9989,-24.7659],[19.9993,-25.2416],[19.9994,-25.6931],[19.9994,-26.1426],[19.9989,-26.5974],[20.0002,-27.0423],[19.9999,-27.5231],[20.0005,-27.9841],[19.9992,-28.4278],[19.9892,-28.4256],[19.9724,-28.4259],[19.9476,-28.4365],[19.9338,-28.4389],[19.9144,-28.4454],[19.9043,-28.4451],[19.8957,-28.4416],[19.889,-28.4408],[19.8771,-28.4427],[19.8738,-28.4445],[19.8643,-28.4567],[19.8535,-28.4569],[19.8476,-28.4596],[19.84,-28.471],[19.841,-28.4805],[19.8347,-28.4873],[19.8246,-28.5027],[19.8132,-28.5083],[19.7996,-28.5067],[19.7891,-28.5015],[19.7795,-28.5013],[19.7701,-28.4932],[19.7602,-28.4888],[19.7386,-28.4857],[19.73,-28.4879],[19.7186,-28.4956],[19.7105,-28.5068],[19.6968,-28.5176],[19.6733,-28.5219],[19.6708,-28.5294],[19.6683,-28.5311],[19.6645,-28.5307],[19.6592,-28.5251],[19.6448,-28.5201],[19.633,-28.5125],[19.6252,-28.5109],[19.615,-28.5128],[19.6064,-28.5184],[19.5967,-28.5209],[19.5854,-28.5293],[19.579,-28.5292],[19.5729,-28.5262],[19.5658,-28.5277],[19.546,-28.544],[19.5455,-28.5478],[19.5477,-28.554],[19.5432,-28.5744],[19.536,-28.5871],[19.5228,-28.5905],[19.5068,-28.5978],[19.5039,-28.601],[19.5007,-28.6081],[19.502,-28.6293],[19.4966,-28.6365],[19.4951,-28.6424],[19.4947,-28.66],[19.492,-28.6679],[19.4915,-28.6796],[19.48,-28.6876],[19.4668,-28.7061],[19.4433,-28.7182],[19.4311,-28.7203],[19.4164,-28.7305],[19.4036,-28.7368],[19.3872,-28.7338],[19.3798,-28.7375],[19.375,-28.7373],[19.3509,-28.743],[19.3337,-28.7361],[19.3277,-28.7356],[19.3187,-28.7374],[19.3033,-28.7318],[19.2959,-28.7326],[19.2688,-28.7427],[19.2579,-28.7597],[19.2545,-28.7738],[19.2461,-28.7883],[19.2399,-28.8055],[19.2392,-28.813],[19.2421,-28.8276],[19.2448,-28.8332],[19.2495,-28.8373],[19.2504,-28.8445],[19.2564,-28.8577],[19.2674,-28.8714],[19.2709,-28.8726],[19.2817,-28.872],[19.2903,-28.877],[19.2965,-28.8857],[19.2958,-28.8944],[19.2914,-28.9015],[19.2828,-28.9093],[19.2548,-28.9019],[19.245,-28.9026],[19.2378,-28.908],[19.2315,-28.9107],[19.2268,-28.9166],[19.224,-28.9234],[19.1967,-28.947],[19.1721,-28.9571],[19.1635,-28.9583],[19.1551,-28.9619],[19.146,-28.9632],[19.1356,-28.9608],[19.1293,-28.9637],[19.1259,-28.9672],[19.1189,-28.9694],[19.0979,-28.9658],[19.0839,-28.9602],[19.0724,-28.958],[19.0676,-28.9507],[19.0594,-28.9454],[19.0563,-28.9407],[19.042,-28.9314],[19.0286,-28.9287],[19.015,-28.9312],[19.0091,-28.9292],[19.0059,-28.9241],[19.0039,-28.9101],[18.9972,-28.898],[18.9965,-28.8922],[18.993,-28.8872],[18.9878,-28.885],[18.9824,-28.8777],[18.9722,-28.8705],[18.961,-28.8695],[18.9356,-28.8572],[18.9264,-28.8554],[18.9049,-28.8555],[18.8969,-28.8521],[18.8854,-28.8509],[18.8725,-28.8471],[18.8694,-28.8481],[18.8554,-28.8444],[18.8449,-28.8491],[18.8355,-28.8483],[18.8309,-28.845],[18.8232,-28.8431],[18.8193,-28.8435],[18.8137,-28.8467],[18.7944,-28.8434],[18.7917,-28.8411],[18.7872,-28.8408],[18.7792,-28.8444],[18.7711,-28.8397],[18.7642,-28.8409],[18.7499,-28.8341],[18.73,-28.8316],[18.7164,-28.8342],[18.7109,-28.8375],[18.7092,-28.8367],[18.7085,-28.8387],[18.6888,-28.8422],[18.6712,-28.8414],[18.6605,-28.8442],[18.643,-28.84],[18.6279,-28.8411],[18.6244,-28.8423],[18.6187,-28.8478],[18.6046,-28.8545],[18.5894,-28.8578],[18.5677,-28.857],[18.5628,-28.8596],[18.538,-28.8661],[18.5322,-28.8686],[18.5259,-28.8773],[18.5122,-28.8895],[18.5056,-28.8906],[18.4907,-28.8872],[18.4832,-28.8836],[18.4711,-28.8833],[18.462,-28.8857],[18.454,-28.8918],[18.4484,-28.894],[18.4235,-28.9008],[18.4177,-28.9005],[18.4055,-28.8965],[18.3946,-28.8972],[18.367,-28.8934],[18.3621,-28.8913],[18.3559,-28.8841],[18.3503,-28.8807],[18.3367,-28.8839],[18.33,-28.8823],[18.3008,-28.8846],[18.2635,-28.8794],[18.2596,-28.8816],[18.2569,-28.8908],[18.2532,-28.8959],[18.2476,-28.8975],[18.226,-28.8939],[18.2192,-28.8943],[18.2007,-28.9108],[18.1932,-28.9156],[18.1884,-28.9162],[18.181,-28.9116],[18.1746,-28.9035],[18.1621,-28.8974],[18.1467,-28.8925],[18.1341,-28.8956],[18.1278,-28.8951],[18.1114,-28.8862],[18.1007,-28.8773],[18.0831,-28.8707],[18.0778,-28.8702],[18.0588,-28.8769],[18.0532,-28.8768],[18.0461,-28.8743],[18.0345,-28.8617],[18.0264,-28.8464],[18.0223,-28.8434],[18.0193,-28.8431],[18.0147,-28.8391],[18.0117,-28.8345],[18.0124,-28.828],[18.0032,-28.8188],[17.9996,-28.8175],[17.9935,-28.8095],[17.988,-28.8063],[17.9848,-28.8075],[17.9821,-28.8065],[17.9745,-28.7939],[17.9628,-28.785],[17.9566,-28.7846],[17.9448,-28.7892],[17.9353,-28.7875],[17.9324,-28.7849],[17.932,-28.7807],[17.9262,-28.7695],[17.9216,-28.7654],[17.9176,-28.7641],[17.9123,-28.7652],[17.9072,-28.7724],[17.8984,-28.7681],[17.8803,-28.7639],[17.8287,-28.761],[17.8208,-28.7553],[17.8058,-28.7545],[17.7814,-28.7579],[17.7708,-28.7542],[17.7588,-28.7444],[17.7495,-28.7399],[17.7426,-28.7423],[17.7359,-28.7566],[17.7314,-28.7601],[17.7235,-28.7605],[17.7145,-28.7482],[17.7107,-28.7456],[17.7043,-28.7447],[17.6974,-28.7466],[17.6926,-28.7503],[17.6853,-28.7613],[17.6791,-28.7665],[17.6661,-28.7721],[17.6471,-28.7737],[17.625,-28.7632],[17.6218,-28.7629],[17.6227,-28.7646],[17.6195,-28.7646],[17.6161,-28.7607],[17.6088,-28.7464],[17.6126,-28.7285],[17.6123,-28.7236],[17.6094,-28.7199],[17.61,-28.713],[17.5989,-28.6946],[17.5898,-28.6888],[17.5801,-28.689],[17.5684,-28.6856],[17.5554,-28.6887],[17.5536,-28.6903],[17.5529,-28.6957],[17.542,-28.7011],[17.5238,-28.6994],[17.4967,-28.6932],[17.4913,-28.6933],[17.4828,-28.6961],[17.4723,-28.7052],[17.462,-28.7023],[17.4539,-28.708],[17.4412,-28.7129],[17.4302,-28.7216],[17.4225,-28.7232],[17.4182,-28.7216],[17.4151,-28.7174],[17.4105,-28.7145],[17.4173,-28.6961],[17.414,-28.6712],[17.4157,-28.6675],[17.4263,-28.6563],[17.428,-28.6503],[17.4256,-28.6339],[17.4301,-28.6234],[17.4313,-28.6144],[17.4298,-28.6087],[17.4246,-28.6001],[17.4322,-28.5832],[17.4318,-28.5742],[17.4297,-28.5699],[17.4242,-28.5656],[17.4128,-28.5626],[17.3984,-28.5653],[17.3891,-28.5712],[17.3845,-28.5711],[17.3802,-28.5689],[17.3763,-28.562],[17.3773,-28.5366],[17.3761,-28.5384],[17.3716,-28.5212],[17.367,-28.5143],[17.3664,-28.5101],[17.3591,-28.504],[17.3462,-28.5004],[17.3407,-28.496],[17.3331,-28.4755],[17.3355,-28.4644],[17.3393,-28.4559],[17.339,-28.4528],[17.347,-28.4449],[17.3487,-28.439],[17.3553,-28.4368],[17.3848,-28.437],[17.3961,-28.428],[17.41,-28.3996],[17.4142,-28.3763],[17.4102,-28.3709],[17.4046,-28.3551],[17.3943,-28.3417],[17.3817,-28.3307],[17.3758,-28.3214],[17.378,-28.3107],[17.383,-28.3012],[17.3821,-28.2956],[17.3708,-28.2785],[17.3622,-28.2744],[17.3583,-28.2649],[17.3553,-28.2516],[17.3438,-28.2368],[17.3391,-28.2342],[17.337,-28.2288],[17.3333,-28.2258],[17.3076,-28.2242],[17.303,-28.2263],[17.2826,-28.2438],[17.2781,-28.2454],[17.2735,-28.245],[17.2614,-28.2391],[17.2554,-28.2378],[17.2504,-28.239],[17.2399,-28.2478],[17.2309,-28.2508],[17.2229,-28.2504],[17.2146,-28.2478],[17.1953,-28.2277],[17.1879,-28.2163],[17.1825,-28.2034],[17.1839,-28.1919],[17.1832,-28.1828],[17.1932,-28.1517],[17.1964,-28.1297],[17.1944,-28.1245],[17.1945,-28.1144],[17.1919,-28.1082],[17.186,-28.1021],[17.1792,-28.0988],[17.1663,-28.1003],[17.1599,-28.0978],[17.1445,-28.0957],[17.1382,-28.0931],[17.1314,-28.0855],[17.1255,-28.0673],[17.0951,-28.0407],[17.0886,-28.0382],[17.0825,-28.0331],[17.0793,-28.0328],[17.0727,-28.0346],[17.0669,-28.0426],[17.0512,-28.0491],[17.026,-28.0505],[17.0215,-28.0521],[17.017,-28.0576],[17.0122,-28.0677],[17.0082,-28.0724],[17.0031,-28.0752],[16.9972,-28.0744],[16.991,-28.0707],[16.9877,-28.0646],[16.9815,-28.0604],[16.9736,-28.0587],[16.96,-28.0731],[16.9545,-28.076],[16.9464,-28.076],[16.9287,-28.0697],[16.9048,-28.0709],[16.8985,-28.0746],[16.8966,-28.0796],[16.8859,-28.0881],[16.8814,-28.0985],[16.8842,-28.1112],[16.8878,-28.1139],[16.8896,-28.1193],[16.8895,-28.1387],[16.8878,-28.1461],[16.8841,-28.1505],[16.8851,-28.1629],[16.8879,-28.1729],[16.8822,-28.1783],[16.8707,-28.182],[16.8636,-28.1733],[16.8454,-28.1652],[16.8395,-28.1643],[16.8313,-28.1667],[16.8282,-28.1696],[16.8268,-28.1746],[16.8302,-28.1835],[16.8369,-28.1906],[16.8441,-28.1933],[16.8509,-28.198],[16.8569,-28.2063],[16.8561,-28.2117],[16.848,-28.2161],[16.8329,-28.2176],[16.8199,-28.2171],[16.8108,-28.2138],[16.8071,-28.2156],[16.8031,-28.222],[16.8033,-28.2272],[16.8067,-28.2335],[16.8195,-28.2398],[16.826,-28.2451],[16.8274,-28.2542],[16.8266,-28.2642],[16.8247,-28.269],[16.8204,-28.2739],[16.8153,-28.2761],[16.8024,-28.2754],[16.7931,-28.271],[16.7814,-28.2603],[16.7764,-28.2591],[16.7602,-28.2626],[16.7545,-28.2728],[16.7519,-28.2907],[16.755,-28.302],[16.7661,-28.3141],[16.7798,-28.3216],[16.7888,-28.3461],[16.8009,-28.3542],[16.807,-28.3594],[16.8084,-28.3624],[16.8029,-28.365],[16.7886,-28.3816],[16.7692,-28.3964],[16.7671,-28.4091],[16.7754,-28.4335],[16.7765,-28.4417],[16.7689,-28.453],[16.758,-28.4575],[16.7502,-28.4638],[16.734,-28.4943],[16.7193,-28.5009],[16.7022,-28.4976],[16.6977,-28.4918],[16.6975,-28.4798],[16.6944,-28.4743],[16.687,-28.4702],[16.6812,-28.4701],[16.6724,-28.4723],[16.6211,-28.5001],[16.6175,-28.5047],[16.6143,-28.5181],[16.6023,-28.5305],[16.5925,-28.5354],[16.5756,-28.5383],[16.5494,-28.5462],[16.5302,-28.5545],[16.5181,-28.5562],[16.5143,-28.5583],[16.5022,-28.5589],[16.5,-28.562],[16.4887,-28.5628],[16.4808,-28.5651],[16.4788,-28.5676],[16.4679,-28.5732],[16.4654,-28.583],[16.4558,-28.5921],[16.4522,-28.6121],[16.4534,-28.6209],[16.4519,-28.6321],[16.481,-28.6491],[16.4884,-28.6564],[16.4906,-28.656],[16.4913,-28.6577],[16.494,-28.6583],[16.4969,-28.6628],[16.5041,-28.6654],[16.5061,-28.6713],[16.5124,-28.6694],[16.5126,-28.6709],[16.5094,-28.6737],[16.5103,-28.6763],[16.5154,-28.6794],[16.5152,-28.6832],[16.518,-28.6867],[16.5204,-28.6866],[16.5225,-28.689],[16.5245,-28.6892],[16.5244,-28.6921],[16.5314,-28.6958],[16.5322,-28.7025],[16.5344,-28.7033],[16.5352,-28.7061],[16.5416,-28.7091],[16.5457,-28.7073],[16.5514,-28.7099],[16.5546,-28.7128],[16.5539,-28.7161],[16.559,-28.7163],[16.5624,-28.7191],[16.5649,-28.7244],[16.5704,-28.7277],[16.5692,-28.7312],[16.5724,-28.7397],[16.5701,-28.744],[16.5719,-28.7441],[16.572,-28.7453],[16.5699,-28.7462],[16.5681,-28.7524],[16.5629,-28.7567],[16.5616,-28.762],[16.5638,-28.766],[16.5656,-28.7646],[16.5677,-28.7658],[16.5652,-28.7679],[16.5683,-28.7694],[16.5706,-28.7689],[16.573,-28.7716],[16.5723,-28.7764],[16.5744,-28.7797],[16.5726,-28.786],[16.5753,-28.7898],[16.574,-28.7944],[16.5783,-28.794],[16.5831,-28.8002],[16.5828,-28.8069],[16.5847,-28.8112],[16.5812,-28.8151],[16.5827,-28.8189],[16.5821,-28.8232],[16.585,-28.8267],[16.5847,-28.83],[16.5881,-28.8309],[16.5883,-28.8332],[16.5975,-28.8388],[16.5962,-28.8428],[16.6008,-28.8559],[16.6001,-28.8628],[16.6017,-28.8663],[16.6045,-28.8678],[16.6028,-28.8695],[16.6026,-28.8749],[16.6067,-28.8779],[16.6121,-28.8761],[16.6166,-28.8778],[16.6303,-28.8897],[16.6369,-28.8907],[16.6582,-28.9013],[16.667,-28.9093],[16.6777,-28.9154],[16.682,-28.9217],[16.689,-28.9257],[16.6909,-28.934],[16.6936,-28.9355],[16.6964,-28.9409],[16.6979,-28.9473],[16.6964,-28.9524],[16.7019,-28.9564],[16.7027,-28.9654],[16.7092,-28.966],[16.7133,-28.9764],[16.7173,-28.9764],[16.7212,-28.9784],[16.7221,-28.9883],[16.7211,-28.9924],[16.7188,-28.9945],[16.7182,-29.0028],[16.7249,-29.0068],[16.7263,-29.0134],[16.7423,-29.0314],[16.7429,-29.0356],[16.7479,-29.0425],[16.755,-29.0454],[16.758,-29.0481],[16.7615,-29.0478],[16.7796,-29.0582],[16.7953,-29.0738],[16.7987,-29.0745],[16.7996,-29.077],[16.8039,-29.0795],[16.8048,-29.0826],[16.8071,-29.0828],[16.8174,-29.0934],[16.8192,-29.0983],[16.8153,-29.1018],[16.8164,-29.1063],[16.8136,-29.1103],[16.8169,-29.1128],[16.8151,-29.1154],[16.821,-29.1195],[16.8235,-29.125],[16.8234,-29.1341],[16.8315,-29.1508],[16.832,-29.1552],[16.8368,-29.1614],[16.832,-29.1634],[16.8327,-29.1693],[16.8369,-29.1732],[16.8364,-29.178],[16.8407,-29.1795],[16.8432,-29.1857],[16.8422,-29.1917],[16.8446,-29.2006],[16.8427,-29.205],[16.8383,-29.2088],[16.8383,-29.2116],[16.844,-29.2203],[16.8461,-29.2223],[16.8482,-29.222],[16.8469,-29.2273],[16.8543,-29.2347],[16.8552,-29.2374],[16.8539,-29.2411],[16.8589,-29.241],[16.8675,-29.2471],[16.87,-29.2641],[16.8679,-29.2661],[16.8722,-29.2665],[16.8734,-29.2713],[16.8774,-29.273],[16.8804,-29.279],[16.8773,-29.2918],[16.8798,-29.2969],[16.8847,-29.3004],[16.8876,-29.3053],[16.8921,-29.3071],[16.8964,-29.3116],[16.8974,-29.3178],[16.9021,-29.3242],[16.9059,-29.325],[16.9091,-29.3281],[16.9087,-29.3336],[16.9117,-29.3384],[16.9173,-29.3445],[16.9209,-29.3453],[16.927,-29.3501],[16.9275,-29.3555],[16.9353,-29.3598],[16.9362,-29.364],[16.9419,-29.3719],[16.9408,-29.3845],[16.9434,-29.3885],[16.9436,-29.3997],[16.9466,-29.4038],[16.9464,-29.4085],[16.9515,-29.4103],[16.9548,-29.4155],[16.9551,-29.4188],[16.9591,-29.4202],[16.9625,-29.426],[16.9671,-29.4296],[16.9672,-29.4324],[16.9694,-29.434],[16.9683,-29.4354],[16.9714,-29.4378],[16.9699,-29.4387],[16.9698,-29.4498],[16.972,-29.4524],[16.9719,-29.456],[16.974,-29.4572],[16.9749,-29.4633],[16.9793,-29.4647],[16.9777,-29.4664],[16.9793,-29.4698],[16.9779,-29.4765],[16.9812,-29.482],[16.9812,-29.4851],[16.9857,-29.4897],[16.9843,-29.4919],[16.9857,-29.5021],[16.9843,-29.5032],[16.9939,-29.5104],[16.9947,-29.5145],[16.9927,-29.5178],[16.9961,-29.5191],[16.9994,-29.5238],[16.997,-29.5296],[16.998,-29.5399],[17.0026,-29.5451],[17.0036,-29.5511],[17.0063,-29.5542],[17.0069,-29.5636],[17.0015,-29.567],[17.0017,-29.5692],[16.9986,-29.5688],[16.9984,-29.5712],[17.0061,-29.5827],[17.0154,-29.5917],[17.0213,-29.6027],[17.0285,-29.6082],[17.034,-29.6165],[17.0352,-29.6244],[17.0324,-29.6269],[17.035,-29.6312],[17.0337,-29.6349],[17.0365,-29.6433],[17.0365,-29.65],[17.0413,-29.6593],[17.0456,-29.6734],[17.0516,-29.678],[17.0557,-29.6894],[17.0572,-29.6978],[17.055,-29.7003],[17.0532,-29.7088],[17.0545,-29.7104],[17.0575,-29.7103],[17.0594,-29.7133],[17.0581,-29.7205],[17.0602,-29.724],[17.0604,-29.7288],[17.0572,-29.737],[17.0576,-29.7444],[17.0595,-29.7452],[17.0608,-29.749],[17.0594,-29.7553],[17.063,-29.7622],[17.0633,-29.7663],[17.069,-29.7713],[17.0678,-29.7739],[17.0739,-29.7833],[17.0732,-29.787],[17.0769,-29.7905],[17.0745,-29.7989],[17.0806,-29.8049],[17.0811,-29.8113],[17.0795,-29.8126],[17.0748,-29.8123],[17.0748,-29.8144],[17.0769,-29.8158],[17.0775,-29.8205],[17.0795,-29.8207],[17.08,-29.8262],[17.082,-29.8279],[17.0834,-29.8328],[17.0888,-29.8399],[17.0904,-29.8524],[17.0991,-29.8591],[17.1013,-29.8673],[17.1055,-29.8685],[17.1031,-29.8736],[17.1043,-29.8792],[17.1013,-29.8849],[17.1069,-29.8877],[17.1066,-29.8927],[17.1118,-29.8982],[17.1107,-29.9014],[17.1125,-29.9145],[17.1173,-29.9157],[17.116,-29.9202],[17.1196,-29.9272],[17.1179,-29.9321],[17.1199,-29.9344],[17.1255,-29.9357],[17.1286,-29.9398],[17.1279,-29.9427],[17.1347,-29.9462],[17.1423,-29.9562],[17.1446,-29.9628],[17.147,-29.9638],[17.1484,-29.9699],[17.1525,-29.9725],[17.1587,-29.9826],[17.1601,-29.9898],[17.158,-29.9912],[17.1572,-29.9942],[17.1611,-29.9999],[17.1624,-30.0051],[17.161,-30.0058],[17.1609,-30.009],[17.1586,-30.0093],[17.159,-30.0111],[17.1634,-30.0167],[17.1636,-30.019],[17.1618,-30.0202],[17.1641,-30.0205],[17.1644,-30.0236],[17.1666,-30.0232],[17.1657,-30.033],[17.1711,-30.0373],[17.1738,-30.0454],[17.1782,-30.0475],[17.177,-30.0518],[17.1793,-30.0604],[17.1816,-30.0626],[17.1799,-30.0655],[17.1806,-30.0732],[17.1822,-30.0752],[17.1809,-30.0774],[17.1844,-30.0822],[17.184,-30.0861],[17.1858,-30.0868],[17.1828,-30.0895],[17.1823,-30.0924],[17.185,-30.0953],[17.1849,-30.102],[17.1907,-30.1016],[17.1901,-30.1035],[17.1885,-30.1035],[17.1921,-30.1053],[17.1912,-30.1088],[17.193,-30.1084],[17.1893,-30.1118],[17.1926,-30.1189],[17.1923,-30.1241],[17.194,-30.126],[17.1961,-30.1257],[17.194,-30.1358],[17.1951,-30.1367],[17.1991,-30.1344],[17.2009,-30.1417],[17.2033,-30.1426],[17.2062,-30.1495],[17.2083,-30.1496],[17.2117,-30.1547],[17.2174,-30.1566],[17.2234,-30.1651],[17.2218,-30.176],[17.2232,-30.1878],[17.2241,-30.1914],[17.2263,-30.1898],[17.2289,-30.1915],[17.2323,-30.2019],[17.2333,-30.2017],[17.2311,-30.2122],[17.2329,-30.2137],[17.2323,-30.2164],[17.2371,-30.2185],[17.2351,-30.225],[17.2382,-30.2263],[17.2403,-30.2319],[17.244,-30.2352],[17.2448,-30.2417],[17.2479,-30.2423],[17.2491,-30.2463],[17.254,-30.2498],[17.2582,-30.2563],[17.2598,-30.2621],[17.2565,-30.2653],[17.2599,-30.2708],[17.2588,-30.2722],[17.2597,-30.2739],[17.2639,-30.2751],[17.2655,-30.2851],[17.2691,-30.2875],[17.2701,-30.2932],[17.268,-30.2974],[17.2712,-30.2975],[17.2724,-30.3046],[17.2681,-30.3083],[17.2699,-30.3123],[17.2751,-30.3153],[17.2746,-30.3168],[17.271,-30.318],[17.2718,-30.321],[17.2704,-30.3232],[17.2748,-30.3262],[17.2725,-30.3287],[17.2721,-30.3345],[17.2751,-30.3355],[17.278,-30.3413],[17.2779,-30.3454],[17.2827,-30.3473],[17.2867,-30.3531],[17.2878,-30.3568],[17.2859,-30.3588],[17.2888,-30.3596],[17.2956,-30.3697],[17.2999,-30.3711],[17.3077,-30.3776],[17.3082,-30.3807],[17.3067,-30.3824],[17.3087,-30.3878],[17.308,-30.3912],[17.3184,-30.4007],[17.3192,-30.4039],[17.3225,-30.4052],[17.3217,-30.4079],[17.3306,-30.4223],[17.3308,-30.4257],[17.3344,-30.4289],[17.3368,-30.4339],[17.3424,-30.4377],[17.3411,-30.4424],[17.344,-30.4505],[17.3461,-30.4531],[17.3498,-30.4519],[17.3535,-30.4543],[17.3528,-30.4573],[17.3487,-30.4596],[17.3515,-30.4645],[17.357,-30.4672],[17.3593,-30.4734],[17.3558,-30.4759],[17.3592,-30.4783],[17.3587,-30.481],[17.3611,-30.4815],[17.3607,-30.4839],[17.3639,-30.4839],[17.3665,-30.4861],[17.3641,-30.4891],[17.3686,-30.4924],[17.37,-30.4982],[17.3765,-30.502],[17.3825,-30.5116],[17.393,-30.5214],[17.3946,-30.5262],[17.4001,-30.5288],[17.4004,-30.5339],[17.4058,-30.5369],[17.4035,-30.5403],[17.4055,-30.5461],[17.4134,-30.5549],[17.4108,-30.562],[17.4216,-30.5716],[17.4423,-30.5963],[17.4435,-30.601],[17.4411,-30.6022],[17.4395,-30.6098],[17.4352,-30.6131],[17.4355,-30.6166],[17.4319,-30.6204],[17.4451,-30.6282],[17.4455,-30.6319],[17.4471,-30.6316],[17.4485,-30.6337],[17.4493,-30.6407],[17.4561,-30.6448],[17.4618,-30.6506],[17.4633,-30.6537],[17.4615,-30.6556],[17.4618,-30.6586],[17.4634,-30.6634],[17.4648,-30.6634],[17.4639,-30.6646],[17.4659,-30.6645],[17.4708,-30.672],[17.4698,-30.6727],[17.4718,-30.6769],[17.47,-30.6795],[17.4702,-30.6828],[17.4725,-30.6848],[17.4771,-30.6855],[17.4834,-30.6963],[17.4862,-30.6967],[17.4881,-30.6995],[17.495,-30.7034],[17.5024,-30.7127],[17.5161,-30.7254],[17.5236,-30.7356],[17.5284,-30.7457],[17.531,-30.7614],[17.5328,-30.7612],[17.5324,-30.7631],[17.5337,-30.7634],[17.5341,-30.777],[17.553,-30.807],[17.5548,-30.8113],[17.5542,-30.8166],[17.5641,-30.8269],[17.5663,-30.8333],[17.5696,-30.836],[17.5695,-30.8402],[17.5715,-30.8436],[17.5763,-30.8461],[17.5772,-30.8483],[17.5751,-30.852],[17.5747,-30.8575],[17.5777,-30.8605],[17.5784,-30.8654],[17.5805,-30.8662],[17.5823,-30.872],[17.5844,-30.8727],[17.5844,-30.8776],[17.588,-30.8804],[17.5872,-30.8824],[17.5902,-30.8846],[17.5914,-30.8892],[17.5958,-30.8911],[17.5951,-30.8996],[17.5991,-30.9015],[17.6,-30.9061],[17.6029,-30.9071],[17.6037,-30.9162],[17.6106,-30.9182],[17.619,-30.9254],[17.6251,-30.9339],[17.6295,-30.9363],[17.6322,-30.9441],[17.6356,-30.946],[17.6373,-30.9497],[17.6407,-30.9506],[17.6447,-30.9547],[17.6466,-30.9595],[17.6523,-30.9621],[17.6557,-30.9657],[17.6561,-30.969],[17.6584,-30.9703],[17.6589,-30.9739],[17.6629,-30.979],[17.6618,-30.9826],[17.6663,-30.9837],[17.6721,-30.9922],[17.68,-30.9998],[17.6797,-31.002],[17.6819,-31.0026],[17.682,-31.0081],[17.6883,-31.0155],[17.6892,-31.0188],[17.6868,-31.0217],[17.6873,-31.026],[17.6925,-31.0293],[17.6935,-31.0371],[17.6981,-31.0412],[17.7016,-31.0524],[17.7063,-31.057],[17.7039,-31.0664],[17.7104,-31.0697],[17.7142,-31.0779],[17.7219,-31.0851],[17.721,-31.0873],[17.7235,-31.0908],[17.723,-31.0948],[17.7292,-31.0984],[17.7293,-31.1011],[17.7378,-31.1128],[17.7358,-31.1227],[17.7391,-31.1266],[17.7413,-31.1261],[17.7461,-31.1283],[17.7426,-31.1347],[17.7436,-31.1361],[17.7474,-31.1363],[17.7492,-31.1438],[17.7538,-31.1466],[17.7576,-31.152],[17.7749,-31.1563],[17.8344,-31.1765],[17.8113,-31.0925],[17.8352,-31.0726],[17.8786,-31.0405],[17.8886,-31.0403],[17.8945,-31.0304],[17.9264,-31.0114],[17.9094,-30.9875],[17.8779,-30.9487],[17.8803,-30.9239],[17.914,-30.9247],[17.9344,-30.9174],[17.9721,-30.9139],[17.9934,-30.9187],[17.9948,-30.8192],[18.0065,-30.7912],[18.0579,-30.7769],[18.0809,-30.7848],[18.0892,-30.7879],[18.1396,-30.828],[18.1692,-30.8486],[18.1904,-30.8347],[18.2058,-30.8313],[18.1952,-30.816],[18.2135,-30.8104],[18.2293,-30.8191],[18.2518,-30.8275],[18.2642,-30.8183],[18.3139,-30.7422],[18.371,-30.6596],[18.3712,-30.5921],[18.4138,-30.5273],[18.3806,-30.4596],[18.4441,-30.5113],[18.5223,-30.6065],[18.4836,-30.5219],[18.5022,-30.4444],[18.5701,-30.4303],[18.6551,-30.5567],[18.7587,-30.5679],[18.7959,-30.6249],[18.7945,-30.6676],[18.863,-30.7171],[18.9519,-30.7447],[18.9605,-30.8661],[18.8754,-30.8871],[18.9242,-30.916],[18.9845,-30.9458],[18.9118,-30.9789],[18.9035,-31.0418],[18.9123,-31.0608],[18.9476,-31.1129],[18.9497,-31.1959],[18.9445,-31.2373],[18.9664,-31.2845],[19.013,-31.3057],[18.9801,-31.3552],[19.0124,-31.3701],[19.0309,-31.3895],[19.034,-31.4022],[19.0324,-31.4032],[19.0307,-31.4154],[19.043,-31.425],[19.0369,-31.4643],[19.0246,-31.4821],[19.0197,-31.4993],[19.0062,-31.512],[19.012,-31.5144],[19.0187,-31.5104],[19.0231,-31.5051],[19.0418,-31.5185],[19.0678,-31.518],[19.0781,-31.5251],[19.0854,-31.5269],[19.0518,-31.5727],[19.0556,-31.575],[19.0737,-31.5743],[19.0854,-31.572],[19.0905,-31.5978],[19.0705,-31.6241],[19.079,-31.6432],[19.0737,-31.6669],[19.0549,-31.6703],[19.0577,-31.6878],[19.0656,-31.7063],[19.0769,-31.7185],[19.0811,-31.7307],[19.0947,-31.7502],[19.0914,-31.7625],[19.0857,-31.7629],[19.0808,-31.7596],[19.0729,-31.7619],[19.0666,-31.766],[19.065,-31.7779],[19.0661,-31.7809],[19.0701,-31.7838],[19.0757,-31.7819],[19.0766,-31.7882],[19.083,-31.7858],[19.0872,-31.7936],[19.08,-31.794],[19.0782,-31.8024],[19.0723,-31.8039],[19.0691,-31.8085],[19.0601,-31.8107],[19.0586,-31.815],[19.0539,-31.8167],[19.0535,-31.8226],[19.0468,-31.8295],[19.044,-31.8302],[19.0384,-31.8287],[19.0303,-31.8338],[19.0298,-31.8359],[19.0323,-31.8398],[19.0266,-31.8435],[19.033,-31.849],[19.0315,-31.8548],[19.0346,-31.859],[19.0301,-31.8629],[19.0314,-31.8682],[19.0258,-31.8709],[19.0272,-31.8743],[19.0262,-31.8766],[19.0348,-31.8762],[19.058,-31.8804],[19.0822,-31.8898],[19.0859,-31.894],[19.1094,-31.8981],[19.1181,-31.9071],[19.1308,-31.9066],[19.1418,-31.9121],[19.1448,-31.9105],[19.1504,-31.9029],[19.1561,-31.8997],[19.159,-31.8996],[19.1723,-31.9098],[19.1997,-31.9048],[19.2107,-31.948],[19.2441,-31.9139],[19.2897,-31.863],[19.2798,-31.922],[19.2648,-31.9657],[19.2775,-31.9797],[19.2899,-31.9651],[19.3233,-31.9848],[19.3298,-32.0126],[19.353,-32.0279],[19.363,-32.0428],[19.3804,-32.0376],[19.3958,-32.0151],[19.4259,-32.0313],[19.4675,-32.0731],[19.4799,-32.073],[19.4863,-32.0764],[19.488,-32.0915],[19.4834,-32.1137],[19.4885,-32.1212],[19.5075,-32.0861],[19.5152,-32.1152],[19.5083,-32.1259],[19.4911,-32.1301],[19.4752,-32.1463],[19.4841,-32.1614],[19.4793,-32.1677],[19.4873,-32.1637],[19.5014,-32.1799],[19.4927,-32.1986],[19.5023,-32.2054],[19.4942,-32.2087],[19.4972,-32.2152],[19.4958,-32.2216],[19.4858,-32.2358],[19.4875,-32.2421],[19.4951,-32.245],[19.4919,-32.2517],[19.4091,-32.2901],[19.4302,-32.3657],[19.4353,-32.3683],[19.4347,-32.3732],[19.4432,-32.3883],[19.4533,-32.3979],[19.4594,-32.41],[19.4647,-32.4151],[19.4671,-32.4216],[19.4719,-32.4279],[19.4728,-32.4361],[19.4798,-32.4413],[19.4892,-32.4635],[19.4954,-32.4737],[19.4984,-32.4752],[19.5037,-32.4729],[19.5071,-32.4731],[19.5164,-32.4859],[19.495,-32.4989],[19.4868,-32.5654],[19.4992,-32.6121],[19.5282,-32.6732],[19.5872,-32.6478],[19.6049,-32.6295],[19.612,-32.5665],[19.6071,-32.5454],[19.6265,-32.502],[19.6219,-32.4706],[19.6549,-32.4388],[19.6681,-32.4548],[19.6797,-32.4635],[19.6996,-32.454],[19.7302,-32.4424],[19.7074,-32.4203],[19.7313,-32.4101],[19.7366,-32.3855],[19.7641,-32.4111],[19.8027,-32.3937],[19.8178,-32.3607],[19.8495,-32.3662],[19.8739,-32.3832],[19.9375,-32.3773],[19.9682,-32.3505],[20.0044,-32.3299],[20.0386,-32.2964],[20.0536,-32.2523],[20.085,-32.2483],[20.097,-32.2502],[20.1001,-32.2427],[20.1093,-32.2301],[20.1157,-32.211],[20.1359,-32.1923],[20.1518,-32.1865],[20.181,-32.1845],[20.1664,-32.2275],[20.2408,-32.2242],[20.2542,-32.3108],[20.216,-32.3032],[20.1635,-32.351],[20.1705,-32.3809],[20.132,-32.4211],[20.0796,-32.3973],[20.0964,-32.4767],[20.0968,-32.503],[20.1228,-32.557],[20.1147,-32.5702],[20.1369,-32.611],[20.1412,-32.6437],[20.1814,-32.6681],[20.1917,-32.6858],[20.1876,-32.7527],[20.219,-32.7847],[20.2573,-32.7997],[20.2999,-32.805],[20.3417,-32.8578],[20.3572,-32.8641],[20.3639,-32.8859],[20.3639,-32.9108],[20.38,-32.9019],[20.4386,-32.9401],[20.4993,-32.9416],[20.5612,-32.881],[20.5921,-32.9265],[20.5901,-32.943],[20.6219,-32.9431],[20.6496,-32.9337],[20.6503,-32.9323],[20.7312,-32.945],[20.7442,-32.9129],[20.7986,-32.8948],[20.8324,-32.8174],[20.8303,-32.7846],[20.7922,-32.735],[20.7898,-32.7112],[20.8228,-32.6945],[20.8441,-32.6624],[20.9628,-32.6393],[21.0373,-32.6491],[21.0603,-32.6555],[21.0945,-32.653],[21.157,-32.6289],[21.1401,-32.5898],[21.1821,-32.5087],[21.1883,-32.503],[21.1975,-32.4998],[21.2311,-32.4631],[21.2695,-32.4503],[21.2815,-32.4397],[21.303,-32.4024],[21.3015,-32.3773],[21.3528,-32.3915],[21.4084,-32.3688],[21.4299,-32.3752],[21.4437,-32.3548],[21.4756,-32.3315],[21.5191,-32.337],[21.5504,-32.3269],[21.5546,-32.3224],[21.5618,-32.3147],[21.549,-32.2908],[21.536,-32.2292],[21.5489,-32.2284],[21.5786,-32.2215],[21.5944,-32.2169],[21.6065,-32.2097],[21.6446,-32.2087],[21.6655,-32.2314],[21.6738,-32.2433],[21.6916,-32.2486],[21.7114,-32.2248],[21.7359,-32.205],[21.746,-32.2252],[21.773,-32.2268],[21.7702,-32.2384],[21.7806,-32.2509],[21.8551,-32.2755],[21.8742,-32.2766],[21.9017,-32.2709],[21.9046,-32.2564],[21.9074,-32.2528],[21.9246,-32.262],[21.9362,-32.2229],[21.9712,-32.2164],[21.9959,-32.203],[21.9995,-32.206],[22.0035,-32.1742],[22.0164,-32.1143],[22.0696,-32.0814],[22.0897,-32.1464],[22.12,-32.077],[22.134,-32.0644],[22.0936,-32.0459],[22.0741,-32.0179],[22.095,-32.0011],[22.0892,-31.9744],[22.0713,-31.9393],[22.1004,-31.9243],[22.1017,-31.9005],[22.1005,-31.893],[22.0972,-31.8886],[22.0917,-31.8854],[22.084,-31.8759],[22.0843,-31.8688],[22.0824,-31.8685],[22.08,-31.8637],[22.0789,-31.8549],[22.1159,-31.8626],[22.1315,-31.8843],[22.1666,-31.8931],[22.1769,-31.8207],[22.1599,-31.8097],[22.2063,-31.7923],[22.204,-31.764],[22.2374,-31.703],[22.2499,-31.6647],[22.2601,-31.6625],[22.2729,-31.5925],[22.3123,-31.5835],[22.3551,-31.6054],[22.4332,-31.6382],[22.4958,-31.6703],[22.5648,-31.6779],[22.5661,-31.7132],[22.6191,-31.7247],[22.6094,-31.7398],[22.5783,-31.8055],[22.6149,-31.8229],[22.6318,-31.8234],[22.6312,-31.8197],[22.6332,-31.8157],[22.6353,-31.8149],[22.6421,-31.8162],[22.6443,-31.8143],[22.6463,-31.8155],[22.6475,-31.8196],[22.6515,-31.8217],[22.7351,-31.7994],[22.7575,-31.8275],[22.7769,-31.8569],[22.8253,-31.8377],[22.859,-31.8183],[22.8747,-31.8616],[22.902,-31.8758],[22.9538,-31.863],[22.9758,-31.8608],[23.0387,-31.8774],[23.0674,-31.8907],[23.0523,-31.9103],[23.0526,-31.9398],[23.0587,-31.9548],[23.0709,-31.9538],[23.0876,-31.9723],[23.0985,-31.9777],[23.1043,-31.9606],[23.1188,-31.9601],[23.1394,-31.9515],[23.1448,-31.9431],[23.1519,-31.9398],[23.1712,-31.9181],[23.2304,-31.8757],[23.225,-31.854],[23.2624,-31.8154],[23.2634,-31.7783],[23.2661,-31.7732],[23.3024,-31.7301],[23.3451,-31.7109],[23.3871,-31.7148],[23.4071,-31.7138],[23.4017,-31.6996],[23.4165,-31.6722],[23.4231,-31.6821],[23.4961,-31.7027],[23.5239,-31.7053],[23.5355,-31.6918],[23.5745,-31.6892],[23.5945,-31.6623],[23.6191,-31.6494],[23.6395,-31.6601],[23.6887,-31.6496],[23.7152,-31.6471],[23.7345,-31.6546],[23.7565,-31.6957],[23.7775,-31.6971],[23.8157,-31.7142],[23.8416,-31.7151],[23.8476,-31.7292],[23.8085,-31.7637],[23.8372,-31.7679],[23.8294,-31.7803],[23.8379,-31.7833],[23.8786,-31.8337],[23.894,-31.8368],[23.9159,-31.822],[23.9179,-31.7954],[23.9487,-31.7733],[23.9513,-31.7495],[23.9665,-31.7154],[23.9631,-31.7067],[24.0468,-31.7067],[24.0291,-31.722],[24.0285,-31.7302],[24.0431,-31.7673],[24.0561,-31.776],[24.0709,-31.8071],[24.1022,-31.7926],[24.1525,-31.7886],[24.1474,-31.7673],[24.1616,-31.7401],[24.226,-31.7474],[24.2402,-31.752],[24.2484,-31.7604],[24.2683,-31.7667],[24.2688,-31.7559],[24.285,-31.7652],[24.3016,-31.7583],[24.3153,-31.7501],[24.3224,-31.7418],[24.3247,-31.7241],[24.3407,-31.7138],[24.4233,-31.7116],[24.4126,-31.6885],[24.4413,-31.7126],[24.4699,-31.7065],[24.5063,-31.7068],[24.5141,-31.705],[24.5173,-31.6446],[24.523,-31.6037],[24.5039,-31.5684],[24.5246,-31.5454],[24.533,-31.5098],[24.5194,-31.4979],[24.5413,-31.4868],[24.5589,-31.4818],[24.5676,-31.4271],[24.5672,-31.4186],[24.5961,-31.3992],[24.665,-31.3837],[24.7048,-31.4006],[24.7106,-31.4095],[24.7243,-31.3999],[24.7887,-31.3895],[24.8255,-31.3565],[24.8461,-31.3656],[24.8602,-31.374],[24.8629,-31.3736],[24.8614,-31.3563],[24.853,-31.3282],[24.8988,-31.3137],[24.9002,-31.3167],[24.9234,-31.3135],[24.9336,-31.3204],[24.942,-31.3151],[24.9487,-31.2984],[24.9605,-31.2855],[25.0056,-31.2631],[25.0445,-31.2661],[25.0585,-31.2694],[25.0735,-31.2533],[25.0844,-31.2623],[25.1008,-31.2595],[25.1152,-31.2463],[25.1307,-31.2394],[25.1527,-31.2431],[25.1552,-31.2312],[25.1705,-31.2392],[25.1771,-31.2346],[25.1791,-31.2222],[25.1924,-31.2134],[25.1983,-31.2155],[25.2048,-31.2151],[25.2096,-31.2047],[25.2044,-31.2017],[25.211,-31.1921],[25.2197,-31.1904],[25.2238,-31.1923],[25.225,-31.1952],[25.2693,-31.2144],[25.2682,-31.2208],[25.2849,-31.2234],[25.2906,-31.2135],[25.3544,-31.236],[25.3688,-31.226],[25.3862,-31.2178],[25.3825,-31.2045],[25.3778,-31.1989],[25.3846,-31.151],[25.3982,-31.1307],[25.4156,-31.1344],[25.4464,-31.1002],[25.4543,-31.0793],[25.4388,-31.0615],[25.4532,-31.0542],[25.4638,-31.0547],[25.4868,-31.0369],[25.5016,-31.0074],[25.4848,-31.0063],[25.4758,-30.9912],[25.475,-30.9839],[25.4931,-30.9677],[25.5109,-30.9557],[25.5064,-30.9503],[25.5083,-30.9422],[25.5046,-30.933],[25.5104,-30.9284],[25.514,-30.9215],[25.5178,-30.9015],[25.5165,-30.9026],[25.5084,-30.8982],[25.5006,-30.888],[25.4713,-30.8698],[25.4852,-30.8498],[25.5216,-30.8332],[25.5493,-30.791],[25.5479,-30.7898],[25.5249,-30.7964],[25.5084,-30.7888],[25.505,-30.7836],[25.4864,-30.7845],[25.4802,-30.7789],[25.4799,-30.7598],[25.4739,-30.7437],[25.4772,-30.7385],[25.4764,-30.7282],[25.4739,-30.7231],[25.4623,-30.7221],[25.4625,-30.7155],[25.4665,-30.7098],[25.4638,-30.6894],[25.4602,-30.6833],[25.4633,-30.6777],[25.4719,-30.6729],[25.4698,-30.6688],[25.4713,-30.6667],[25.4604,-30.6608],[25.4585,-30.6575],[25.4565,-30.637],[25.4625,-30.6281],[25.4671,-30.6242]]]}},{"type":"Feature","id":"ZA-NW","properties":{"code":"ZA-NW","name":"North West","country":"ZA","level":"REGION"},"geometry":{"type":"Polygon","coordinates":[[[27.5904,-26.7384],[27.5888,-26.7357],[27.5814,-26.731],[27.5891,-26.7241],[27.6022,-26.7229],[27.6028,-26.6924],[27.5742,-26.7158],[27.5742,-26.6841],[27.5702,-26.6837],[27.5691,-26.6472],[27.5065,-26.6462],[27.4548,-26.6303],[27.4347,-26.6318],[27.4258,-26.6495],[27.3783,-26.6107],[27.3854,-26.6043],[27.3658,-26.5738],[27.3386,-26.5717],[27.3389,-26.5781],[27.3315,-26.5903],[27.3442,-26.6131],[27.2991,-26.6221],[27.2969,-26.6203],[27.2933,-26.6223],[27.2862,-26.6214],[27.2842,-26.6222],[27.2855,-26.625],[27.2797,-26.6258],[27.2793,-26.6244],[27.2789,-26.6265],[27.2768,-26.6259],[27.2769,-26.629],[27.2731,-26.6322],[27.2718,-26.6304],[27.2683,-26.6329],[27.2671,-26.6306],[27.2657,-26.6325],[27.2644,-26.6317],[27.2617,-26.6335],[27.2605,-26.6315],[27.2574,-26.6308],[27.2575,-26.632],[27.2537,-26.6325],[27.2513,-26.6347],[27.2494,-26.6341],[27.2489,-26.6361],[27.2474,-26.6344],[27.2419,-26.6365],[27.235,-26.6186],[27.2332,-26.5955],[27.2345,-26.5949],[27.2284,-26.5711],[27.1826,-26.5746],[27.1826,-26.5631],[27.1745,-26.5492],[27.1671,-26.5514],[27.1588,-26.5254],[27.1563,-26.5243],[27.1786,-26.521],[27.1882,-26.5258],[27.1828,-26.5203],[27.2125,-26.5148],[27.2314,-26.5055],[27.2238,-26.4518],[27.2248,-26.444],[27.188,-26.3779],[27.2348,-26.3383],[27.2748,-26.3143],[27.2993,-26.3045],[27.3301,-26.2818],[27.3084,-26.2252],[27.2914,-26.1446],[27.3583,-26.1546],[27.3617,-26.1157],[27.4194,-26.1175],[27.4224,-26.0892],[27.4252,-26.0894],[27.4313,-26.0523],[27.4352,-26.0269],[27.434,-26.0225],[27.4357,-26.0226],[27.4389,-26.0143],[27.4498,-26.0163],[27.457,-25.9818],[27.4536,-25.9202],[27.4633,-25.9215],[27.457,-25.8883],[27.47,-25.8881],[27.4619,-25.8676],[27.4844,-25.8635],[27.4975,-25.8596],[27.5002,-25.8613],[27.5133,-25.8603],[27.5323,-25.85],[27.5336,-25.8521],[27.5425,-25.8526],[27.5474,-25.8514],[27.546,-25.8462],[27.5598,-25.8428],[27.5746,-25.836],[27.5983,-25.8196],[27.5993,-25.8127],[27.6056,-25.8082],[27.6435,-25.7959],[27.6466,-25.8141],[27.6418,-25.8115],[27.6411,-25.8128],[27.6455,-25.8198],[27.6489,-25.835],[27.6471,-25.8406],[27.6505,-25.8427],[27.6497,-25.8435],[27.6546,-25.8453],[27.6639,-25.84],[27.6849,-25.8754],[27.7046,-25.8683],[27.7303,-25.8552],[27.7358,-25.8553],[27.7427,-25.8502],[27.7445,-25.8946],[27.791,-25.8747],[27.8315,-25.8602],[27.844,-25.8489],[27.8518,-25.8464],[27.8482,-25.8393],[27.8587,-25.8188],[27.8917,-25.8229],[27.8901,-25.8299],[27.8853,-25.8354],[27.8844,-25.8388],[27.8835,-25.8457],[27.8847,-25.8517],[27.8826,-25.8619],[27.8982,-25.8597],[27.9005,-25.8408],[27.9395,-25.8368],[27.9258,-25.8241],[27.9401,-25.8197],[27.9602,-25.816],[27.9572,-25.8005],[27.9637,-25.7991],[27.9622,-25.7919],[27.9632,-25.7871],[27.9596,-25.7861],[27.9546,-25.7869],[27.9493,-25.7597],[27.9527,-25.7596],[27.9558,-25.7566],[27.9646,-25.7577],[27.9731,-25.7568],[27.9795,-25.7515],[27.9482,-25.6952],[27.9575,-25.6937],[27.9538,-25.6729],[27.9519,-25.6713],[27.9523,-25.6535],[27.9572,-25.6477],[27.9571,-25.6437],[27.9652,-25.6454],[27.9649,-25.6348],[27.9806,-25.6328],[27.9722,-25.5979],[27.9576,-25.5926],[27.9815,-25.5428],[28.0307,-25.5584],[28.0495,-25.5596],[28.0524,-25.5358],[28.0244,-25.5307],[27.9924,-25.518],[28.0075,-25.4841],[28.0119,-25.4805],[28.036,-25.4706],[27.9917,-25.4245],[27.9697,-25.4391],[27.9604,-25.4273],[27.9582,-25.4263],[27.9456,-25.4067],[27.9708,-25.3629],[28.0004,-25.3594],[28.0447,-25.4017],[28.0555,-25.4001],[28.0834,-25.3849],[28.108,-25.367],[28.1107,-25.3789],[28.1767,-25.3659],[28.1768,-25.3286],[28.2015,-25.3237],[28.2283,-25.3542],[28.2826,-25.3426],[28.2834,-25.3381],[28.2895,-25.3383],[28.2896,-25.3412],[28.2981,-25.3393],[28.2982,-25.3104],[28.2982,-25.2932],[28.2598,-25.2387],[28.2463,-25.2129],[28.2112,-25.1981],[28.1695,-25.2094],[28.1357,-25.2056],[28.129,-25.1457],[28.0943,-25.1485],[28.0839,-25.1004],[28.1179,-25.0981],[28.1366,-25.0933],[28.1539,-25.0868],[28.1751,-25.1136],[28.1738,-25.12],[28.1983,-25.1276],[28.215,-25.1281],[28.2171,-25.1229],[28.2171,-25.113],[28.2598,-25.0505],[28.1587,-25.0206],[28.1252,-25.0048],[28.12,-24.9795],[28.0801,-24.9795],[28.0378,-24.9838],[28.037,-24.9853],[28.0178,-24.9741],[27.9976,-24.9735],[27.9836,-24.9578],[27.9752,-24.9657],[27.955,-24.9702],[27.9465,-25.0012],[27.9129,-24.9911],[27.8867,-24.9883],[27.8331,-24.9735],[27.8217,-24.9746],[27.7889,-24.9665],[27.7591,-24.9689],[27.7389,-24.9831],[27.6873,-24.9944],[27.6847,-24.9858],[27.6286,-24.9737],[27.5975,-24.9849],[27.594,-25.0294],[27.5678,-25.0594],[27.5598,-25.0773],[27.5654,-25.0797],[27.5653,-25.0827],[27.5436,-25.0959],[27.5428,-25.098],[27.5323,-25.0944],[27.5339,-25.0832],[27.5212,-25.0797],[27.5212,-25.076],[27.498,-25.0732],[27.4869,-25.0784],[27.4818,-25.0671],[27.4313,-25.082],[27.4246,-25.0689],[27.3825,-25.08],[27.337,-25.0878],[27.3136,-25.0421],[27.2719,-25.0367],[27.2236,-25.0674],[27.2317,-25.0361],[27.2035,-25.0332],[27.2091,-24.9956],[27.2261,-24.9639],[27.1834,-24.9485],[27.154,-24.979],[27.1439,-24.9462],[27.1012,-24.9],[27.0412,-24.887],[27.0263,-24.7186],[26.9759,-24.7207],[26.9807,-24.7758],[26.9427,-24.7763],[26.9433,-24.7814],[26.7795,-24.8377],[26.7513,-24.883],[26.7051,-24.857],[26.6993,-24.8673],[26.6604,-24.8396],[26.622,-24.8099],[26.601,-24.8158],[26.5665,-24.8199],[26.5286,-24.8138],[26.4583,-24.8095],[26.4613,-24.8001],[26.4616,-24.7953],[26.4595,-24.7905],[26.454,-24.7888],[26.4483,-24.7921],[26.4446,-24.7908],[26.4354,-24.7829],[26.426,-24.7712],[26.4297,-24.7654],[26.4269,-24.7579],[26.4282,-24.7538],[26.4182,-24.729],[26.4226,-24.7206],[26.4197,-24.716],[26.4272,-24.6967],[26.4262,-24.6945],[26.4213,-24.6916],[26.4228,-24.6817],[26.4218,-24.6708],[26.427,-24.6652],[26.4276,-24.6582],[26.4083,-24.6503],[26.4088,-24.6461],[26.3933,-24.6366],[26.187,-24.6875],[26.0074,-24.7243],[25.9644,-24.7494],[25.9171,-24.7455],[25.9114,-24.7537],[25.8583,-24.7572],[25.8483,-24.755],[25.8512,-24.7623],[25.8515,-24.7745],[25.8502,-24.7768],[25.8442,-24.7803],[25.8424,-24.7903],[25.8613,-24.8081],[25.8632,-24.8085],[25.8585,-24.8215],[25.8593,-24.8262],[25.8623,-24.8269],[25.8655,-24.8236],[25.8673,-24.8235],[25.8695,-24.827],[25.8733,-24.8291],[25.8749,-24.839],[25.874,-24.8464],[25.8768,-24.852],[25.8763,-24.8561],[25.8814,-24.859],[25.8829,-24.8759],[25.8855,-24.881],[25.8888,-24.8825],[25.8848,-24.8877],[25.88,-24.8866],[25.8766,-24.8883],[25.8764,-24.8977],[25.8804,-24.9008],[25.8806,-24.9026],[25.874,-24.9035],[25.8726,-24.9053],[25.8818,-24.9142],[25.8782,-24.9174],[25.8725,-24.9189],[25.8707,-24.9213],[25.8608,-24.9243],[25.8618,-24.9261],[25.8409,-24.9803],[25.7291,-25.2569],[25.6998,-25.291],[25.6882,-25.376],[25.6598,-25.4744],[25.5809,-25.6388],[25.5775,-25.6387],[25.5667,-25.6474],[25.5576,-25.6498],[25.5344,-25.6656],[25.5311,-25.67],[25.5275,-25.671],[25.513,-25.6847],[25.5071,-25.686],[25.5001,-25.6907],[25.4985,-25.6895],[25.4934,-25.6905],[25.4885,-25.6888],[25.4853,-25.694],[25.48,-25.696],[25.4695,-25.6959],[25.4653,-25.7012],[25.4586,-25.7052],[25.4549,-25.7102],[25.4516,-25.7102],[25.446,-25.7138],[25.4238,-25.7314],[25.4073,-25.7385],[25.3864,-25.7445],[25.3782,-25.7503],[25.3717,-25.7525],[25.3668,-25.7579],[25.3516,-25.7617],[25.347,-25.7666],[25.3421,-25.7689],[25.3341,-25.771],[25.3287,-25.7698],[25.3195,-25.7728],[25.2994,-25.7657],[25.2852,-25.7654],[25.2748,-25.768],[25.2648,-25.7665],[25.2614,-25.7686],[25.2523,-25.7675],[25.2485,-25.7656],[25.2239,-25.7635],[25.2198,-25.7659],[25.2156,-25.7632],[25.2092,-25.7627],[25.2068,-25.7596],[25.2031,-25.7584],[25.1921,-25.7625],[25.1836,-25.7628],[25.1761,-25.7662],[25.1726,-25.7662],[25.1687,-25.7655],[25.1656,-25.7619],[25.1611,-25.7596],[25.1484,-25.7596],[25.1426,-25.7564],[25.1349,-25.7577],[25.1271,-25.7627],[25.1214,-25.7637],[25.1161,-25.7607],[25.1128,-25.7562],[25.1087,-25.7544],[25.1099,-25.7487],[25.1022,-25.748],[25.1021,-25.7461],[25.1052,-25.7425],[25.1043,-25.7411],[25.0993,-25.7425],[25.087,-25.7409],[25.0843,-25.7384],[25.0809,-25.7304],[25.0769,-25.7313],[25.0716,-25.7363],[25.0673,-25.7351],[25.0617,-25.7355],[25.0539,-25.7313],[25.0516,-25.7261],[25.0375,-25.7222],[25.0229,-25.731],[25.0185,-25.7304],[25.0147,-25.7255],[25.0006,-25.7296],[24.9998,-25.7312],[25.0038,-25.7357],[25.0036,-25.7387],[24.9897,-25.7454],[24.9839,-25.7543],[24.9753,-25.7539],[24.9667,-25.7661],[24.9615,-25.7661],[24.9544,-25.7603],[24.9518,-25.7623],[24.9539,-25.7683],[24.9511,-25.7691],[24.9514,-25.7717],[24.9458,-25.7746],[24.9338,-25.7766],[24.9278,-25.7877],[24.9203,-25.79],[24.9158,-25.7844],[24.9128,-25.7844],[24.9131,-25.7975],[24.9078,-25.7984],[24.9047,-25.8026],[24.8976,-25.8026],[24.8963,-25.8059],[24.8989,-25.8093],[24.8969,-25.8108],[24.8858,-25.8071],[24.8753,-25.8091],[24.8696,-25.8054],[24.8621,-25.8075],[24.8569,-25.8064],[24.8509,-25.8088],[24.8443,-25.8092],[24.8335,-25.8153],[24.8246,-25.8117],[24.8184,-25.817],[24.8162,-25.8161],[24.8156,-25.8116],[24.8132,-25.8103],[24.8111,-25.8128],[24.8105,-25.8184],[24.8026,-25.8187],[24.7947,-25.8252],[24.7875,-25.8175],[24.7837,-25.8172],[24.7784,-25.8197],[24.7674,-25.8128],[24.7617,-25.811],[24.7559,-25.8114],[24.752,-25.8145],[24.7481,-25.8141],[24.7418,-25.8124],[24.7367,-25.8076],[24.729,-25.804],[24.7116,-25.8058],[24.6965,-25.8113],[24.6859,-25.8233],[24.6818,-25.8237],[24.679,-25.8192],[24.6757,-25.8179],[24.6643,-25.8183],[24.6597,-25.8152],[24.6453,-25.8109],[24.6403,-25.8076],[24.6089,-25.8007],[24.5989,-25.7935],[24.5894,-25.7898],[24.5781,-25.7774],[24.5694,-25.7727],[24.5615,-25.7709],[24.5505,-25.7727],[24.5443,-25.772],[24.4908,-25.7512],[24.4719,-25.7472],[24.4706,-25.746],[24.4705,-25.7397],[24.4674,-25.7375],[24.4647,-25.7382],[24.463,-25.7426],[24.4587,-25.7431],[24.4467,-25.7336],[24.4442,-25.7345],[24.4439,-25.7393],[24.4414,-25.7409],[24.4354,-25.7342],[24.4329,-25.734],[24.4324,-25.7458],[24.426,-25.7515],[24.4206,-25.7504],[24.4109,-25.7458],[24.4054,-25.7471],[24.4039,-25.7511],[24.4038,-25.7604],[24.4018,-25.7622],[24.3973,-25.7619],[24.3939,-25.7559],[24.3915,-25.7548],[24.3858,-25.7584],[24.3816,-25.7645],[24.3749,-25.7641],[24.3645,-25.7592],[24.3549,-25.7571],[24.3502,-25.75],[24.3394,-25.7456],[24.333,-25.7374],[24.3249,-25.7325],[24.3225,-25.7277],[24.3226,-25.7226],[24.328,-25.7141],[24.3249,-25.7101],[24.3149,-25.714],[24.3008,-25.7142],[24.2884,-25.7262],[24.2853,-25.7264],[24.2793,-25.7187],[24.2783,-25.7143],[24.2832,-25.7094],[24.291,-25.7068],[24.2907,-25.6985],[24.2884,-25.6943],[24.2847,-25.6932],[24.2787,-25.6967],[24.2731,-25.7052],[24.2702,-25.7067],[24.2659,-25.7082],[24.2609,-25.7073],[24.2589,-25.7027],[24.2607,-25.6919],[24.2546,-25.6876],[24.2473,-25.6848],[24.2516,-25.6746],[24.2474,-25.6721],[24.242,-25.6732],[24.2366,-25.6699],[24.2338,-25.6626],[24.2265,-25.6558],[24.2278,-25.6475],[24.2268,-25.644],[24.2151,-25.6442],[24.2074,-25.6322],[24.2,-25.6292],[24.1951,-25.6218],[24.1918,-25.6204],[24.1845,-25.6212],[24.1795,-25.6268],[24.1708,-25.6311],[24.1677,-25.6318],[24.1594,-25.6301],[24.1569,-25.6254],[24.1623,-25.6183],[24.1631,-25.6152],[24.1606,-25.6106],[24.1571,-25.6082],[24.1527,-25.6085],[24.1406,-25.6142],[24.1391,-25.6164],[24.1407,-25.6252],[24.1386,-25.6281],[24.1264,-25.6278],[24.115,-25.6317],[24.1043,-25.6304],[24.0929,-25.6352],[24.0858,-25.6434],[24.0808,-25.641],[24.0776,-25.6308],[24.0738,-25.6297],[24.0677,-25.631],[24.0643,-25.6352],[24.0677,-25.6443],[24.0672,-25.6484],[24.0657,-25.6504],[24.0586,-25.6519],[24.0515,-25.651],[24.0423,-25.645],[24.0357,-25.6369],[24.0299,-25.6343],[24.0267,-25.6364],[24.0274,-25.6423],[24.0258,-25.6447],[24.0171,-25.6457],[24.009,-25.6508],[24.0052,-25.6513],[24.0029,-25.6484],[24.003,-25.6346],[24.0042,-25.6327],[24.0123,-25.6287],[24.012,-25.6245],[24.0037,-25.6202],[23.9838,-25.6216],[23.9774,-25.6161],[23.9726,-25.6149],[23.9661,-25.6153],[23.961,-25.6233],[23.9529,-25.6216],[23.9508,-25.6228],[23.9522,-25.6334],[23.95,-25.6367],[23.9462,-25.6384],[23.9357,-25.6369],[23.9285,-25.6382],[23.9185,-25.6295],[23.9045,-25.6275],[23.9016,-25.6224],[23.907,-25.6055],[23.9025,-25.602],[23.8882,-25.5986],[23.8828,-25.5949],[23.8807,-25.5914],[23.8823,-25.5819],[23.8802,-25.5774],[23.8678,-25.572],[23.8562,-25.5728],[23.8445,-25.5708],[23.8397,-25.5679],[23.8376,-25.5643],[23.8381,-25.5617],[23.8422,-25.5573],[23.8434,-25.552],[23.8352,-25.5411],[23.8306,-25.5415],[23.8245,-25.5484],[23.8205,-25.5506],[23.8161,-25.5502],[23.8085,-25.5452],[23.8055,-25.54],[23.8049,-25.5332],[23.8079,-25.5277],[23.8146,-25.5239],[23.8212,-25.5171],[23.821,-25.5129],[23.8166,-25.5098],[23.8066,-25.5084],[23.7995,-25.5092],[23.792,-25.5123],[23.7855,-25.5125],[23.7764,-25.5037],[23.7629,-25.5032],[23.7611,-25.5004],[23.7635,-25.4899],[23.7605,-25.4866],[23.7532,-25.4837],[23.7514,-25.4816],[23.7522,-25.4769],[23.7575,-25.4721],[23.758,-25.4687],[23.748,-25.4624],[23.7339,-25.4585],[23.729,-25.4464],[23.7248,-25.4453],[23.7222,-25.4462],[23.7093,-25.4599],[23.7025,-25.4624],[23.7011,-25.4601],[23.7019,-25.4512],[23.6963,-25.4456],[23.6896,-25.4437],[23.6796,-25.4474],[23.672,-25.4459],[23.6667,-25.442],[23.6678,-25.4353],[23.6765,-25.4274],[23.6684,-25.4161],[23.6626,-25.4147],[23.6595,-25.4154],[23.6576,-25.4185],[23.6574,-25.4271],[23.654,-25.4306],[23.6444,-25.4329],[23.6375,-25.4316],[23.634,-25.4254],[23.6327,-25.411],[23.6285,-25.4074],[23.6178,-25.4062],[23.6115,-25.4035],[23.6107,-25.4005],[23.6183,-25.3937],[23.6203,-25.3899],[23.6192,-25.3864],[23.616,-25.3839],[23.6066,-25.3817],[23.6025,-25.3846],[23.5988,-25.3951],[23.5949,-25.397],[23.5893,-25.3965],[23.5861,-25.3948],[23.5844,-25.3916],[23.5844,-25.3756],[23.5674,-25.3699],[23.5573,-25.3717],[23.5563,-25.3666],[23.5615,-25.3577],[23.5596,-25.3547],[23.5484,-25.3521],[23.5341,-25.3525],[23.5291,-25.3434],[23.5241,-25.3401],[23.5016,-25.352],[23.4983,-25.3527],[23.4962,-25.3516],[23.4966,-25.3429],[23.5004,-25.3318],[23.4943,-25.318],[23.4829,-25.3104],[23.4784,-25.2985],[23.4723,-25.2982],[23.4645,-25.301],[23.461,-25.3005],[23.4581,-25.2977],[23.4579,-25.2943],[23.4675,-25.2815],[23.4683,-25.2795],[23.4669,-25.2771],[23.4483,-25.2749],[23.4422,-25.277],[23.4336,-25.2946],[23.4235,-25.3092],[23.4199,-25.3137],[23.4143,-25.3158],[23.4112,-25.315],[23.4035,-25.3072],[23.384,-25.3035],[23.3684,-25.3034],[23.3622,-25.2878],[23.3555,-25.2851],[23.3386,-25.2869],[23.3241,-25.2924],[23.3197,-25.2896],[23.3155,-25.2827],[23.3113,-25.2818],[23.3089,-25.2828],[23.304,-25.2911],[23.295,-25.2941],[23.2897,-25.2911],[23.2849,-25.2796],[23.278,-25.2741],[23.26,-25.2797],[23.2476,-25.2754],[23.2346,-25.2808],[23.2176,-25.2739],[23.212,-25.2734],[23.2066,-25.2762],[23.1943,-25.2769],[23.1875,-25.279],[23.1731,-25.2897],[23.1696,-25.2997],[23.1655,-25.3039],[23.162,-25.3048],[23.1528,-25.3025],[23.148,-25.3032],[23.1426,-25.3082],[23.1388,-25.3148],[23.1345,-25.3174],[23.1285,-25.3164],[23.1136,-25.3036],[23.1074,-25.3042],[23.0978,-25.3112],[23.0884,-25.3136],[23.0883,-25.3231],[23.0867,-25.327],[23.0824,-25.3307],[23.077,-25.332],[23.0664,-25.3296],[23.0598,-25.326],[23.0544,-25.3186],[23.0556,-25.313],[23.0613,-25.3055],[23.0621,-25.3022],[23.0599,-25.2913],[23.0544,-25.2895],[23.0502,-25.2924],[23.0433,-25.303],[23.0314,-25.3128],[23.0282,-25.3125],[23.0278,-25.3102],[23.0155,-25.299],[23.011,-25.2972],[23.0078,-25.2982],[23.0061,-25.3025],[23.0066,-25.3081],[23.0134,-25.3296],[23.0113,-25.3359],[23.0033,-25.3399],[22.9881,-25.3381],[22.9779,-25.3399],[22.9727,-25.3472],[22.9746,-25.3524],[22.9737,-25.3587],[22.9762,-25.3642],[22.9765,-25.3707],[22.97,-25.3811],[22.9309,-25.4064],[22.9191,-25.4122],[22.9123,-25.4192],[22.9073,-25.429],[22.9063,-25.4354],[22.8986,-25.4551],[22.8857,-25.4684],[22.8881,-25.4771],[22.9007,-25.4813],[22.9004,-25.4868],[22.8969,-25.4889],[22.8941,-25.4887],[22.8825,-25.4839],[22.8638,-25.4796],[22.8515,-25.4841],[22.8464,-25.4902],[22.8477,-25.4966],[22.8573,-25.5028],[22.8604,-25.507],[22.852,-25.521],[22.8535,-25.5335],[22.8526,-25.5355],[22.8401,-25.5447],[22.8267,-25.5723],[22.8148,-25.5788],[22.8141,-25.5824],[22.8182,-25.5863],[22.8264,-25.5895],[22.8377,-25.5994],[22.8474,-25.6056],[22.8535,-25.6116],[22.8534,-25.6152],[22.8478,-25.6214],[22.8306,-25.6209],[22.8044,-25.6299],[22.8004,-25.6328],[22.7995,-25.6352],[22.8018,-25.6414],[22.8083,-25.6509],[22.8161,-25.6552],[22.8277,-25.655],[22.8302,-25.6578],[22.8303,-25.6624],[22.8215,-25.6774],[22.8215,-25.6905],[22.7999,-25.7231],[22.7934,-25.7271],[22.7732,-25.7302],[22.7693,-25.7328],[22.7663,-25.7398],[22.7651,-25.7479],[22.7634,-25.781],[22.7593,-25.7887],[22.7546,-25.7901],[22.7385,-25.7878],[22.7346,-25.7937],[22.7382,-25.7983],[22.7511,-25.8062],[22.7768,-25.8147],[22.7801,-25.8187],[22.7817,-25.8244],[22.7814,-25.8288],[22.7789,-25.8333],[22.7719,-25.8411],[22.7587,-25.8494],[22.736,-25.8565],[22.7349,-25.8623],[22.7412,-25.8759],[22.7381,-25.8818],[22.7239,-25.8868],[22.7173,-25.8875],[22.7134,-25.8899],[22.712,-25.893],[22.7126,-25.8993],[22.7182,-25.9056],[22.7229,-25.9084],[22.7449,-25.9134],[22.7492,-25.918],[22.7484,-25.9227],[22.736,-25.9306],[22.7286,-25.9389],[22.7239,-25.9501],[22.7232,-25.9579],[22.7294,-25.9731],[22.7246,-25.9995],[22.7256,-26.0135],[22.721,-26.0186],[22.7101,-26.0202],[22.6995,-26.0192],[22.6788,-26.0131],[22.6684,-26.0146],[22.6649,-26.0195],[22.6638,-26.0249],[22.6717,-26.0432],[22.6703,-26.0576],[22.6731,-26.0737],[22.6496,-26.0868],[22.6375,-26.0907],[22.6298,-26.0967],[22.6291,-26.1026],[22.637,-26.1131],[22.6368,-26.1163],[22.6322,-26.1213],[22.6307,-26.1226],[22.7029,-26.1199],[22.7088,-26.4109],[22.7447,-26.4247],[22.8032,-26.4537],[22.8419,-26.3933],[22.8484,-26.3759],[22.8808,-26.2624],[22.8993,-26.2136],[22.9071,-26.1459],[22.9811,-26.1526],[22.987,-26.09],[23.0648,-26.0991],[23.0881,-26.0436],[23.0883,-25.999],[23.0869,-25.9826],[23.3205,-25.9928],[23.3874,-26.0062],[23.3539,-26.0895],[23.3069,-26.0703],[23.2321,-26.0527],[23.2158,-26.1157],[23.2519,-26.1138],[23.311,-26.1419],[23.2647,-26.2045],[23.2217,-26.2713],[23.2821,-26.3395],[23.2664,-26.4854],[23.463,-26.5311],[23.5837,-26.6171],[23.5471,-26.6583],[23.4871,-26.7397],[23.5209,-26.7555],[23.5689,-26.7749],[23.6153,-26.79],[23.6465,-26.8075],[23.7251,-26.8291],[23.7607,-26.8409],[23.8532,-26.8901],[23.8695,-26.8567],[23.9169,-26.8579],[23.9628,-26.8983],[23.9704,-26.8942],[24.001,-26.9433],[24.026,-26.9993],[24.0374,-27.0537],[23.976,-27.0794],[23.9736,-27.0964],[23.9156,-27.2141],[23.9101,-27.2251],[23.8983,-27.2356],[23.8965,-27.2527],[23.9413,-27.2764],[23.9502,-27.2828],[23.9529,-27.2815],[24.0149,-27.3237],[24.0639,-27.3532],[24.0724,-27.3556],[24.0863,-27.3535],[24.0575,-27.4294],[24.0522,-27.4627],[24.0553,-27.5079],[24.0492,-27.5586],[24.0506,-27.6027],[24.1186,-27.6217],[24.1051,-27.6515],[24.0933,-27.7049],[24.111,-27.739],[24.4053,-27.6812],[24.4468,-27.7029],[24.4088,-27.7611],[24.4526,-27.7825],[24.4274,-27.8405],[24.4099,-27.8427],[24.3605,-27.9107],[24.3926,-27.9415],[24.4099,-27.9233],[24.4673,-27.9806],[24.4682,-27.9967],[24.4586,-28.0127],[24.4445,-28.0319],[24.4655,-28.0358],[24.5346,-28.0921],[24.5526,-28.0784],[24.5599,-28.0747],[24.5637,-28.07],[24.5632,-28.0569],[24.5577,-28.0445],[24.5595,-28.0388],[24.5664,-28.0348],[24.5788,-28.0326],[24.5887,-28.0279],[24.5918,-28.0313],[24.5941,-28.0287],[24.6031,-28.0292],[24.608,-28.0262],[24.6089,-28.0273],[24.6144,-28.0224],[24.6141,-28.0204],[24.6086,-28.015],[24.6082,-28.0117],[24.617,-28.008],[24.6166,-28.0065],[24.6209,-28.0012],[24.6232,-28.0017],[24.6248,-27.9992],[24.6283,-27.9995],[24.6273,-27.9971],[24.6294,-27.9943],[24.6273,-27.9909],[24.6249,-27.9906],[24.6209,-27.9788],[24.6231,-27.9765],[24.6208,-27.9749],[24.6228,-27.974],[24.6219,-27.972],[24.6256,-27.9672],[24.6265,-27.963],[24.6222,-27.9611],[24.6198,-27.9512],[24.627,-27.9419],[24.6265,-27.938],[24.6288,-27.9353],[24.6257,-27.9287],[24.6222,-27.9269],[24.6184,-27.9213],[24.6173,-27.9155],[24.6115,-27.91],[24.6069,-27.9085],[24.6071,-27.9012],[24.606,-27.901],[24.6071,-27.8984],[24.6116,-27.8977],[24.6133,-27.9016],[24.6191,-27.905],[24.6301,-27.9029],[24.6322,-27.8991],[24.6325,-27.8914],[24.6413,-27.8876],[24.6451,-27.8875],[24.6494,-27.8817],[24.6519,-27.8768],[24.6521,-27.8697],[24.6564,-27.8634],[24.6564,-27.8554],[24.6583,-27.8527],[24.6651,-27.853],[24.6699,-27.8517],[24.6715,-27.8499],[24.6784,-27.8505],[24.6813,-27.8491],[24.6889,-27.8504],[24.6904,-27.8525],[24.6912,-27.8504],[24.6968,-27.8476],[24.6949,-27.8426],[24.6883,-27.8391],[24.6881,-27.8365],[24.6908,-27.8327],[24.6993,-27.8283],[24.6587,-27.7909],[24.6619,-27.7848],[24.6692,-27.7863],[24.6731,-27.7828],[24.6757,-27.7699],[24.6704,-27.7616],[24.6805,-27.7393],[24.6937,-27.7356],[24.6955,-27.7183],[24.6812,-27.7034],[24.6752,-27.6934],[24.6727,-27.6856],[24.6746,-27.6812],[24.6777,-27.6799],[24.6834,-27.6804],[24.686,-27.6784],[24.6845,-27.6741],[24.6787,-27.6691],[24.6782,-27.6669],[24.6918,-27.6541],[24.6923,-27.6452],[24.7621,-27.6332],[24.7568,-27.6096],[24.7843,-27.6046],[24.7843,-27.6093],[24.7825,-27.6109],[24.7807,-27.6184],[24.7822,-27.633],[24.7866,-27.6432],[24.7938,-27.646],[24.7977,-27.6562],[24.7951,-27.6633],[24.7954,-27.6734],[24.7938,-27.6767],[24.7949,-27.682],[24.792,-27.6869],[24.797,-27.693],[24.7966,-27.6982],[24.8012,-27.7018],[24.8545,-27.6956],[24.8857,-27.6945],[24.9732,-27.6826],[24.9997,-27.6808],[25.0348,-27.6931],[25.0479,-27.6997],[24.8469,-27.9112],[24.8615,-27.9083],[24.8571,-27.9161],[24.857,-27.9189],[24.8598,-27.9213],[24.8577,-27.9202],[24.8574,-27.9253],[24.8517,-27.9261],[24.8456,-27.9237],[24.8298,-27.9313],[24.9506,-28.1132],[24.9595,-28.1035],[24.9667,-28.0928],[24.9694,-28.085],[24.9734,-28.081],[24.9848,-28.0796],[24.9993,-28.0819],[25.0098,-28.0767],[25.0201,-28.0774],[25.0281,-28.0735],[25.0385,-28.0681],[25.0591,-28.0707],[25.0702,-28.0685],[25.0739,-28.0659],[25.0769,-28.0484],[25.1049,-28.0167],[25.1074,-28.0119],[25.1064,-28.0068],[25.1025,-28.0009],[25.0951,-27.9918],[25.0903,-27.9885],[25.0906,-27.984],[25.0968,-27.9769],[25.1113,-27.9702],[25.1173,-27.9606],[25.131,-27.9506],[25.1328,-27.9433],[25.1309,-27.9291],[25.1335,-27.9253],[25.1387,-27.9236],[25.1506,-27.9286],[25.1606,-27.9271],[25.1657,-27.9214],[25.1721,-27.9185],[25.1851,-27.9089],[25.193,-27.8933],[25.1977,-27.8885],[25.2067,-27.884],[25.2282,-27.8785],[25.2497,-27.8686],[25.2541,-27.8651],[25.2575,-27.8602],[25.2578,-27.8551],[25.2422,-27.8437],[25.2382,-27.8375],[25.2384,-27.8344],[25.2441,-27.8292],[25.2536,-27.8262],[25.2606,-27.822],[25.2695,-27.8012],[25.2751,-27.7963],[25.3015,-27.7932],[25.3151,-27.7957],[25.333,-27.7905],[25.3374,-27.7935],[25.3404,-27.793],[25.3448,-27.7849],[25.3486,-27.772],[25.364,-27.7505],[25.3796,-27.7424],[25.3945,-27.7287],[25.4125,-27.7222],[25.424,-27.7156],[25.4404,-27.7169],[25.458,-27.7109],[25.4653,-27.7096],[25.4693,-27.7106],[25.4733,-27.7068],[25.4747,-27.6988],[25.4809,-27.6925],[25.4879,-27.692],[25.4948,-27.6939],[25.5132,-27.6948],[25.5374,-27.6912],[25.5558,-27.6867],[25.5724,-27.6775],[25.5847,-27.6587],[25.5907,-27.6552],[25.5966,-27.6551],[25.6034,-27.6598],[25.6104,-27.66],[25.6185,-27.6693],[25.6275,-27.6672],[25.6308,-27.668],[25.6323,-27.6698],[25.633,-27.6761],[25.6415,-27.6864],[25.6576,-27.6948],[25.6648,-27.6939],[25.6718,-27.6886],[25.6785,-27.677],[25.6767,-27.6592],[25.6796,-27.6489],[25.6784,-27.6408],[25.6755,-27.6349],[25.6789,-27.6296],[25.6852,-27.6262],[25.7099,-27.6246],[25.7279,-27.609],[25.7347,-27.6098],[25.7375,-27.6088],[25.7495,-27.5998],[25.764,-27.596],[25.7814,-27.5841],[25.7882,-27.583],[25.7986,-27.5844],[25.8048,-27.5831],[25.8147,-27.5728],[25.8274,-27.5667],[25.8328,-27.567],[25.835,-27.5785],[25.8452,-27.5901],[25.8467,-27.595],[25.8436,-27.601],[25.8448,-27.6076],[25.8526,-27.621],[25.8581,-27.6238],[25.8724,-27.628],[25.8913,-27.6261],[25.8983,-27.6225],[25.8951,-27.6147],[25.8957,-27.61],[25.9006,-27.6091],[25.9097,-27.6104],[25.9157,-27.6057],[25.9243,-27.6035],[25.932,-27.6064],[25.9403,-27.6149],[25.9473,-27.6329],[25.9681,-27.625],[25.9819,-27.6272],[25.98,-27.6338],[25.9819,-27.6385],[25.9931,-27.6417],[26.0023,-27.6489],[26.0053,-27.653],[26.0086,-27.6633],[26.0076,-27.6773],[26.0107,-27.6898],[26.003,-27.7023],[26.0027,-27.7066],[26.0127,-27.7223],[26.0204,-27.7279],[26.0262,-27.7347],[26.0355,-27.7366],[26.0477,-27.7255],[26.0659,-27.7187],[26.0922,-27.6966],[26.0948,-27.6901],[26.0948,-27.6846],[26.0928,-27.6824],[26.0678,-27.6808],[26.0547,-27.6692],[26.0637,-27.6602],[26.0799,-27.6534],[26.0862,-27.648],[26.0858,-27.6428],[26.0749,-27.6205],[26.0843,-27.5955],[26.0882,-27.5939],[26.1061,-27.5955],[26.1133,-27.5933],[26.1177,-27.5898],[26.1245,-27.5806],[26.1221,-27.5724],[26.1238,-27.5669],[26.134,-27.5585],[26.1403,-27.5576],[26.1451,-27.5626],[26.1536,-27.564],[26.1631,-27.5517],[26.168,-27.5381],[26.1701,-27.5361],[26.186,-27.5315],[26.2018,-27.5168],[26.2222,-27.5145],[26.229,-27.5121],[26.2312,-27.4954],[26.2208,-27.4833],[26.2199,-27.4744],[26.2339,-27.4542],[26.2397,-27.4354],[26.2423,-27.4314],[26.245,-27.4299],[26.2529,-27.4295],[26.2602,-27.4199],[26.2646,-27.4164],[26.2695,-27.4168],[26.2761,-27.4211],[26.2862,-27.4222],[26.291,-27.4167],[26.2956,-27.4158],[26.3099,-27.4183],[26.3136,-27.4224],[26.3168,-27.4315],[26.3211,-27.4334],[26.3241,-27.4329],[26.3266,-27.4292],[26.3279,-27.4199],[26.3272,-27.4058],[26.3354,-27.3984],[26.3396,-27.3894],[26.3457,-27.3854],[26.3616,-27.3893],[26.3687,-27.3845],[26.3724,-27.3838],[26.3802,-27.3884],[26.388,-27.3895],[26.3943,-27.394],[26.4165,-27.4027],[26.4231,-27.4069],[26.435,-27.3988],[26.4452,-27.3881],[26.4519,-27.3858],[26.4589,-27.3866],[26.4683,-27.3912],[26.4976,-27.3957],[26.5052,-27.3983],[26.5081,-27.3981],[26.5111,-27.3953],[26.5142,-27.3874],[26.5128,-27.3848],[26.4995,-27.3797],[26.4847,-27.3799],[26.4763,-27.3719],[26.462,-27.3657],[26.4464,-27.3497],[26.4472,-27.344],[26.4555,-27.3374],[26.4582,-27.3262],[26.4738,-27.3123],[26.4755,-27.3083],[26.4814,-27.3067],[26.4848,-27.3091],[26.4849,-27.3135],[26.4791,-27.3189],[26.4808,-27.3232],[26.4849,-27.324],[26.4934,-27.3191],[26.4939,-27.3083],[26.4883,-27.2963],[26.4885,-27.2862],[26.4889,-27.2833],[26.4962,-27.2738],[26.4972,-27.2678],[26.4946,-27.2591],[26.4889,-27.2506],[26.4768,-27.2446],[26.4639,-27.2298],[26.4547,-27.2228],[26.4437,-27.2174],[26.4377,-27.21],[26.4329,-27.1901],[26.4272,-27.1852],[26.4243,-27.1775],[26.4201,-27.1725],[26.4201,-27.1684],[26.4255,-27.1536],[26.429,-27.1502],[26.4407,-27.15],[26.4592,-27.158],[26.4731,-27.1542],[26.4763,-27.1485],[26.4781,-27.1373],[26.4836,-27.131],[26.4874,-27.13],[26.4984,-27.1329],[26.507,-27.1272],[26.5142,-27.1188],[26.5221,-27.1037],[26.5241,-27.0959],[26.5287,-27.091],[26.5385,-27.0903],[26.549,-27.0986],[26.5684,-27.1025],[26.5836,-27.108],[26.5869,-27.1034],[26.5881,-27.0953],[26.5938,-27.0793],[26.5919,-27.07],[26.5897,-27.0667],[26.5836,-27.0634],[26.5815,-27.0598],[26.5818,-27.0531],[26.5926,-27.0378],[26.6135,-27.0271],[26.6193,-27.0034],[26.6361,-27.0034],[26.646,-27.0003],[26.6589,-26.9938],[26.6687,-26.9946],[26.6728,-26.9964],[26.6764,-27.0008],[26.6765,-27.0102],[26.6789,-27.0146],[26.6842,-27.0176],[26.6887,-27.018],[26.6966,-27.0139],[26.7006,-27.0086],[26.7064,-26.988],[26.711,-26.978],[26.7155,-26.9739],[26.7411,-26.9649],[26.7496,-26.9651],[26.7552,-26.9619],[26.7615,-26.9525],[26.7667,-26.9481],[26.7802,-26.946],[26.7896,-26.9429],[26.805,-26.932],[26.8098,-26.9317],[26.8117,-26.9342],[26.8094,-26.9472],[26.8114,-26.9513],[26.8183,-26.9532],[26.8306,-26.9493],[26.8424,-26.9421],[26.8485,-26.9402],[26.858,-26.922],[26.8635,-26.9189],[26.8682,-26.9197],[26.8743,-26.9238],[26.8748,-26.9301],[26.8804,-26.9349],[26.8829,-26.9359],[26.8961,-26.9351],[26.9076,-26.9445],[26.9097,-26.9525],[26.909,-26.9613],[26.9169,-26.9725],[26.9201,-26.9735],[26.9232,-26.9691],[26.925,-26.9573],[26.9233,-26.9434],[26.9246,-26.9303],[26.9202,-26.906],[26.9272,-26.8871],[26.9404,-26.8715],[26.9508,-26.8745],[26.9513,-26.8783],[26.9472,-26.892],[26.9561,-26.9002],[26.9748,-26.9121],[26.9868,-26.9163],[26.9929,-26.9209],[27.0052,-26.9254],[27.0139,-26.9321],[27.0282,-26.9359],[27.04,-26.9382],[27.0506,-26.9367],[27.0646,-26.9373],[27.0734,-26.9348],[27.0868,-26.9385],[27.0949,-26.931],[27.106,-26.9272],[27.113,-26.9263],[27.117,-26.9273],[27.1259,-26.9336],[27.1435,-26.9419],[27.1537,-26.937],[27.1618,-26.9259],[27.1647,-26.9241],[27.1701,-26.923],[27.1764,-26.9249],[27.1813,-26.9274],[27.1829,-26.9304],[27.1818,-26.9407],[27.1832,-26.9503],[27.1815,-26.9577],[27.1752,-26.9636],[27.174,-26.9685],[27.1901,-26.9775],[27.2033,-26.9805],[27.2079,-26.9799],[27.2121,-26.9762],[27.2111,-26.9624],[27.2175,-26.9461],[27.2295,-26.939],[27.2344,-26.9274],[27.2416,-26.9187],[27.2469,-26.9144],[27.255,-26.9126],[27.2621,-26.9082],[27.2704,-26.8915],[27.2782,-26.8881],[27.2821,-26.8836],[27.2898,-26.8794],[27.2924,-26.8689],[27.2996,-26.8629],[27.301,-26.8605],[27.3005,-26.8561],[27.3059,-26.8534],[27.3154,-26.8527],[27.3328,-26.8542],[27.3402,-26.8609],[27.3395,-26.8685],[27.3408,-26.872],[27.3553,-26.8824],[27.3608,-26.8843],[27.3651,-26.891],[27.3684,-26.8917],[27.3678,-26.8956],[27.3709,-26.9042],[27.3766,-26.9049],[27.3808,-26.9009],[27.3842,-26.9004],[27.389,-26.9039],[27.3913,-26.9138],[27.3983,-26.916],[27.4003,-26.9222],[27.4075,-26.9258],[27.4143,-26.9257],[27.4238,-26.9192],[27.44,-26.8995],[27.4442,-26.9004],[27.4552,-26.8906],[27.4713,-26.8868],[27.476,-26.8835],[27.481,-26.8634],[27.4875,-26.8494],[27.491,-26.8466],[27.4997,-26.845],[27.5111,-26.8378],[27.5108,-26.8255],[27.5182,-26.8102],[27.5153,-26.804],[27.5059,-26.7948],[27.5056,-26.792],[27.5094,-26.7858],[27.5195,-26.7819],[27.5296,-26.7848],[27.5378,-26.7851],[27.5498,-26.7752],[27.5552,-26.7733],[27.569,-26.7811],[27.5756,-26.7787],[27.5818,-26.7737],[27.5825,-26.7684],[27.5699,-26.7546],[27.5698,-26.7473],[27.5795,-26.7448],[27.5904,-26.7384]]]}},{"type":"Feature","id":"ZA-WC","properties":{"code":"ZA-WC","name":"Western Cape","country":"ZA","level":"REGION"},"geometry":{"type":"MultiPolygon","coordinates":[[[[19.4181,-34.6867],[19.4149,-34.6892],[19.4099,-34.6882],[19.4124,-34.6904],[19.4153,-34.69],[19.4177,-34.6888],[19.4181,-34.6867]]],[[[19.4188,-34.6782],[19.4167,-34.6788],[19.4182,-34.6804],[19.4116,-34.684],[19.4138,-34.6866],[19.4234,-34.6802],[19.4188,-34.6782]]],[[[18.369,-33.7898],[18.3623,-33.7903],[18.3567,-33.8018],[18.361,-33.8099],[18.3607,-33.8144],[18.3708,-33.8202],[18.3808,-33.8176],[18.3829,-33.8124],[18.3813,-33.8125],[18.3811,-33.8086],[18.3755,-33.8017],[18.3759,-33.7991],[18.3783,-33.7985],[18.3753,-33.7987],[18.375,-33.7965],[18.3788,-33.7975],[18.3772,-33.796],[18.3731,-33.7966],[18.3738,-33.7922],[18.369,-33.7898]]],[[[18.0743,-33.4126],[18.0721,-33.4135],[18.0738,-33.4181],[18.0848,-33.4287],[18.0817,-33.4322],[18.0862,-33.4341],[18.0908,-33.4335],[18.0924,-33.4311],[18.0983,-33.4318],[18.0987,-33.4303],[18.0959,-33.4279],[18.0971,-33.4252],[18.0918,-33.4217],[18.0896,-33.4135],[18.0881,-33.4136],[18.0867,-33.4175],[18.0833,-33.4186],[18.0773,-33.4165],[18.0743,-33.4126]]],[[[17.9859,-33.1507],[17.9803,-33.1507],[17.9791,-33.1521],[17.9852,-33.1544],[17.9859,-33.1507]]],[[[17.9926,-33.1458],[17.9908,-33.1465],[17.9913,-33.148],[17.9938,-33.1468],[17.9926,-33.1458]]],[[[18.0211,-33.088],[18.0181,-33.09],[18.0178,-33.0931],[18.0192,-33.0945],[18.0238,-33.0946],[18.0265,-33.0909],[18.0211,-33.088]]],[[[18.0072,-33.0839],[18.0055,-33.0845],[18.0065,-33.0863],[18.011,-33.0865],[18.0107,-33.0849],[18.0072,-33.0839]]],[[[17.9535,-33.0801],[17.9509,-33.0806],[17.9506,-33.0827],[17.9545,-33.0874],[17.9588,-33.0863],[17.9596,-33.0831],[17.9572,-33.0808],[17.9535,-33.0801]]],[[[17.9253,-33.0506],[17.9232,-33.0536],[17.9263,-33.0551],[17.9296,-33.0529],[17.9276,-33.0508],[17.9253,-33.0506]]],[[[24.1525,-31.7886],[24.1022,-31.7926],[24.0709,-31.8071],[24.0561,-31.776],[24.0431,-31.7673],[24.0285,-31.7302],[24.0291,-31.722],[24.0468,-31.7067],[23.9631,-31.7067],[23.9665,-31.7154],[23.9513,-31.7495],[23.9487,-31.7733],[23.9179,-31.7954],[23.9159,-31.822],[23.894,-31.8368],[23.8786,-31.8337],[23.8379,-31.7833],[23.8294,-31.7803],[23.8372,-31.7679],[23.8085,-31.7637],[23.8476,-31.7292],[23.8416,-31.7151],[23.8157,-31.7142],[23.7775,-31.6971],[23.7565,-31.6957],[23.7345,-31.6546],[23.7152,-31.6471],[23.6887,-31.6496],[23.6395,-31.6601],[23.6191,-31.6494],[23.5945,-31.6623],[23.5745,-31.6892],[23.5355,-31.6918],[23.5239,-31.7053],[23.4961,-31.7027],[23.4231,-31.6821],[23.4165,-31.6722],[23.4017,-31.6996],[23.4071,-31.7138],[23.3871,-31.7148],[23.3451,-31.7109],[23.3024,-31.7301],[23.2661,-31.7732],[23.2634,-31.7783],[23.2624,-31.8154],[23.225,-31.854],[23.2304,-31.8757],[23.1712,-31.9181],[23.1519,-31.9398],[23.1448,-31.9431],[23.1394,-31.9515],[23.1188,-31.9601],[23.1043,-31.9606],[23.0985,-31.9777],[23.0876,-31.9723],[23.0709,-31.9538],[23.0587,-31.9548],[23.0526,-31.9398],[23.0523,-31.9103],[23.0674,-31.8907],[23.0387,-31.8774],[22.9758,-31.8608],[22.9538,-31.863],[22.902,-31.8758],[22.8747,-31.8616],[22.859,-31.8183],[22.8253,-31.8377],[22.7769,-31.8569],[22.7575,-31.8275],[22.7351,-31.7994],[22.6515,-31.8217],[22.6475,-31.8196],[22.6463,-31.8155],[22.6443,-31.8143],[22.6421,-31.8162],[22.6353,-31.8149],[22.6332,-31.8157],[22.6312,-31.8197],[22.6318,-31.8234],[22.6149,-31.8229],[22.5783,-31.8055],[22.6094,-31.7398],[22.6191,-31.7247],[22.5661,-31.7132],[22.5648,-31.6779],[22.4958,-31.6703],[22.4332,-31.6382],[22.3551,-31.6054],[22.3123,-31.5835],[22.2729,-31.5925],[22.2601,-31.6625],[22.2499,-31.6647],[22.2374,-31.703],[22.204,-31.764],[22.2063,-31.7923],[22.1599,-31.8097],[22.1769,-31.8207],[22.1666,-31.8931],[22.1315,-31.8843],[22.1159,-31.8626],[22.0789,-31.8549],[22.08,-31.8637],[22.0824,-31.8685],[22.0843,-31.8688],[22.084,-31.8759],[22.0917,-31.8854],[22.0972,-31.8886],[22.1005,-31.893],[22.1017,-31.9005],[22.1004,-31.9243],[22.0713,-31.9393],[22.0892,-31.9744],[22.095,-32.0011],[22.0741,-32.0179],[22.0936,-32.0459],[22.134,-32.0644],[22.12,-32.077],[22.0897,-32.1464],[22.0696,-32.0814],[22.0164,-32.1143],[22.0035,-32.1742],[21.9995,-32.206],[21.9959,-32.203],[21.9712,-32.2164],[21.9362,-32.2229],[21.9246,-32.262],[21.9074,-32.2528],[21.9046,-32.2564],[21.9017,-32.2709],[21.8742,-32.2766],[21.8551,-32.2755],[21.7806,-32.2509],[21.7702,-32.2384],[21.773,-32.2268],[21.746,-32.2252],[21.7359,-32.205],[21.7114,-32.2248],[21.6916,-32.2486],[21.6738,-32.2433],[21.6655,-32.2314],[21.6446,-32.2087],[21.6065,-32.2097],[21.5944,-32.2169],[21.5786,-32.2215],[21.5489,-32.2284],[21.536,-32.2292],[21.549,-32.2908],[21.5618,-32.3147],[21.5546,-32.3224],[21.5504,-32.3269],[21.5191,-32.337],[21.4756,-32.3315],[21.4437,-32.3548],[21.4299,-32.3752],[21.4084,-32.3688],[21.3528,-32.3915],[21.3015,-32.3773],[21.303,-32.4024],[21.2815,-32.4397],[21.2695,-32.4503],[21.2311,-32.4631],[21.1975,-32.4998],[21.1883,-32.503],[21.1821,-32.5087],[21.1401,-32.5898],[21.157,-32.6289],[21.0945,-32.653],[21.0603,-32.6555],[21.0373,-32.6491],[20.9628,-32.6393],[20.8441,-32.6624],[20.8228,-32.6945],[20.7898,-32.7112],[20.7922,-32.735],[20.8303,-32.7846],[20.8324,-32.8174],[20.7986,-32.8948],[20.7442,-32.9129],[20.7312,-32.945],[20.6503,-32.9323],[20.6496,-32.9337],[20.6219,-32.9431],[20.5901,-32.943],[20.5921,-32.9265],[20.5612,-32.881],[20.4993,-32.9416],[20.4386,-32.9401],[20.38,-32.9019],[20.3639,-32.9108],[20.3639,-32.8859],[20.3572,-32.8641],[20.3417,-32.8578],[20.2999,-32.805],[20.2573,-32.7997],[20.219,-32.7847],[20.1876,-32.7527],[20.1917,-32.6858],[20.1814,-32.6681],[20.1412,-32.6437],[20.1369,-32.611],[20.1147,-32.5702],[20.1228,-32.557],[20.0968,-32.503],[20.0964,-32.4767],[20.0796,-32.3973],[20.132,-32.4211],[20.1705,-32.3809],[20.1635,-32.351],[20.216,-32.3032],[20.2542,-32.3108],[20.2408,-32.2242],[20.1664,-32.2275],[20.181,-32.1845],[20.1518,-32.1865],[20.1359,-32.1923],[20.1157,-32.211],[20.1093,-32.2301],[20.1001,-32.2427],[20.097,-32.2502],[20.085,-32.2483],[20.0536,-32.2523],[20.0386,-32.2964],[20.0044,-32.3299],[19.9682,-32.3505],[19.9375,-32.3773],[19.8739,-32.3832],[19.8495,-32.3662],[19.8178,-32.3607],[19.8027,-32.3937],[19.7641,-32.4111],[19.7366,-32.3855],[19.7313,-32.4101],[19.7074,-32.4203],[19.7302,-32.4424],[19.6996,-32.454],[19.6797,-32.4635],[19.6681,-32.4548],[19.6549,-32.4388],[19.6219,-32.4706],[19.6265,-32.502],[19.6071,-32.5454],[19.612,-32.5665],[19.6049,-32.6295],[19.5872,-32.6478],[19.5282,-32.6732],[19.4992,-32.6121],[19.4868,-32.5654],[19.495,-32.4989],[19.5164,-32.4859],[19.5071,-32.4731],[19.5037,-32.4729],[19.4984,-32.4752],[19.4954,-32.4737],[19.4892,-32.4635],[19.4798,-32.4413],[19.4728,-32.4361],[19.4719,-32.4279],[19.4671,-32.4216],[19.4647,-32.4151],[19.4594,-32.41],[19.4533,-32.3979],[19.4432,-32.3883],[19.4347,-32.3732],[19.4353,-32.3683],[19.4302,-32.3657],[19.4091,-32.2901],[19.4919,-32.2517],[19.4951,-32.245],[19.4875,-32.2421],[19.4858,-32.2358],[19.4958,-32.2216],[19.4972,-32.2152],[19.4942,-32.2087],[19.5023,-32.2054],[19.4927,-32.1986],[19.5014,-32.1799],[19.4873,-32.1637],[19.4793,-32.1677],[19.4841,-32.1614],[19.4752,-32.1463],[19.4911,-32.1301],[19.5083,-32.1259],[19.5152,-32.1152],[19.5075,-32.0861],[19.4885,-32.1212],[19.4834,-32.1137],[19.488,-32.0915],[19.4863,-32.0764],[19.4799,-32.073],[19.4675,-32.0731],[19.4259,-32.0313],[19.3958,-32.0151],[19.3804,-32.0376],[19.363,-32.0428],[19.353,-32.0279],[19.3298,-32.0126],[19.3233,-31.9848],[19.2899,-31.9651],[19.2775,-31.9797],[19.2648,-31.9657],[19.2798,-31.922],[19.2897,-31.863],[19.2441,-31.9139],[19.2107,-31.948],[19.1997,-31.9048],[19.1723,-31.9098],[19.159,-31.8996],[19.1561,-31.8997],[19.1504,-31.9029],[19.1448,-31.9105],[19.1418,-31.9121],[19.1308,-31.9066],[19.1181,-31.9071],[19.1094,-31.8981],[19.0859,-31.894],[19.0822,-31.8898],[19.058,-31.8804],[19.0348,-31.8762],[19.0262,-31.8766],[19.0272,-31.8743],[19.0258,-31.8709],[19.0314,-31.8682],[19.0301,-31.8629],[19.0346,-31.859],[19.0315,-31.8548],[19.033,-31.849],[19.0266,-31.8435],[19.0323,-31.8398],[19.0298,-31.8359],[19.0303,-31.8338],[19.0384,-31.8287],[19.044,-31.8302],[19.0468,-31.8295],[19.0535,-31.8226],[19.0539,-31.8167],[19.0586,-31.815],[19.0601,-31.8107],[19.0691,-31.8085],[19.0723,-31.8039],[19.0782,-31.8024],[19.08,-31.794],[19.0872,-31.7936],[19.083,-31.7858],[19.0766,-31.7882],[19.0757,-31.7819],[19.0701,-31.7838],[19.0661,-31.7809],[19.065,-31.7779],[19.0666,-31.766],[19.0729,-31.7619],[19.0808,-31.7596],[19.0857,-31.7629],[19.0914,-31.7625],[19.0947,-31.7502],[19.0811,-31.7307],[19.0769,-31.7185],[19.0656,-31.7063],[19.0577,-31.6878],[19.0549,-31.6703],[19.0737,-31.6669],[19.079,-31.6432],[19.0705,-31.6241],[19.0905,-31.5978],[19.0854,-31.572],[19.0737,-31.5743],[19.0556,-31.575],[19.0518,-31.5727],[19.0854,-31.5269],[19.0781,-31.5251],[19.0678,-31.518],[19.0418,-31.5185],[19.0231,-31.5051],[19.0187,-31.5104],[19.012,-31.5144],[19.0062,-31.512],[19.0197,-31.4993],[19.0246,-31.4821],[19.0369,-31.4643],[19.043,-31.425],[19.0307,-31.4154],[19.0324,-31.4032],[19.034,-31.4022],[19.0309,-31.3895],[19.0124,-31.3701],[18.9801,-31.3552],[19.013,-31.3057],[18.9664,-31.2845],[18.9445,-31.2373],[18.9497,-31.1959],[18.9476,-31.1129],[18.9123,-31.0608],[18.9035,-31.0418],[18.9118,-30.9789],[18.9845,-30.9458],[18.9242,-30.916],[18.8754,-30.8871],[18.9605,-30.8661],[18.9519,-30.7447],[18.863,-30.7171],[18.7945,-30.6676],[18.7959,-30.6249],[18.7587,-30.5679],[18.6551,-30.5567],[18.5701,-30.4303],[18.5022,-30.4444],[18.4836,-30.5219],[18.5223,-30.6065],[18.4441,-30.5113],[18.3806,-30.4596],[18.4138,-30.5273],[18.3712,-30.5921],[18.371,-30.6596],[18.3139,-30.7422],[18.2642,-30.8183],[18.2518,-30.8275],[18.2293,-30.8191],[18.2135,-30.8104],[18.1952,-30.816],[18.2058,-30.8313],[18.1904,-30.8347],[18.1692,-30.8486],[18.1396,-30.828],[18.0892,-30.7879],[18.0809,-30.7848],[18.0579,-30.7769],[18.0065,-30.7912],[17.9948,-30.8192],[17.9934,-30.9187],[17.9721,-30.9139],[17.9344,-30.9174],[17.914,-30.9247],[17.8803,-30.9239],[17.8779,-30.9487],[17.9094,-30.9875],[17.9264,-31.0114],[17.8945,-31.0304],[17.8886,-31.0403],[17.8786,-31.0405],[17.8352,-31.0726],[17.8113,-31.0925],[17.8344,-31.1765],[17.7749,-31.1563],[17.7576,-31.152],[17.7627,-31.1565],[17.7624,-31.1596],[17.7686,-31.1647],[17.7741,-31.1735],[17.7816,-31.1784],[17.787,-31.1864],[17.7928,-31.1916],[17.7937,-31.1976],[17.7973,-31.2022],[17.801,-31.2026],[17.8055,-31.2096],[17.8117,-31.2134],[17.8129,-31.2162],[17.8171,-31.2178],[17.8175,-31.2225],[17.8228,-31.2232],[17.8388,-31.2345],[17.8463,-31.2434],[17.8572,-31.2509],[17.8634,-31.2576],[17.8679,-31.2657],[17.867,-31.2671],[17.8684,-31.2665],[17.8683,-31.2684],[17.8699,-31.2688],[17.8691,-31.2705],[17.8744,-31.2744],[17.8773,-31.2788],[17.8771,-31.2817],[17.8812,-31.2848],[17.8817,-31.289],[17.8796,-31.2916],[17.8818,-31.2929],[17.8802,-31.2954],[17.8824,-31.2966],[17.8814,-31.2985],[17.8832,-31.3018],[17.8793,-31.3028],[17.8805,-31.3041],[17.8771,-31.3074],[17.8773,-31.3101],[17.8802,-31.3106],[17.8782,-31.3143],[17.8804,-31.3156],[17.8787,-31.3163],[17.8785,-31.3194],[17.8858,-31.3253],[17.8864,-31.3288],[17.89,-31.3312],[17.8922,-31.3363],[17.8996,-31.3438],[17.9004,-31.3521],[17.9066,-31.3553],[17.9087,-31.36],[17.9121,-31.3614],[17.9121,-31.3636],[17.9154,-31.3667],[17.9193,-31.3676],[17.9275,-31.3745],[17.9316,-31.382],[17.9334,-31.3822],[17.9346,-31.3852],[17.9387,-31.3886],[17.9386,-31.3916],[17.9458,-31.3991],[17.9455,-31.402],[17.9486,-31.4061],[17.9557,-31.411],[17.959,-31.4161],[17.9682,-31.4217],[17.9722,-31.4282],[17.9777,-31.4328],[17.9774,-31.4343],[17.9823,-31.4371],[17.9818,-31.4401],[17.9833,-31.4395],[17.9867,-31.4427],[17.9862,-31.4439],[17.989,-31.4461],[17.9937,-31.4553],[18.0003,-31.4591],[18.0089,-31.4734],[18.0165,-31.4784],[18.0224,-31.4862],[18.0276,-31.4894],[18.0276,-31.4911],[18.0329,-31.4931],[18.0325,-31.4965],[18.0373,-31.4993],[18.0376,-31.5026],[18.0407,-31.5034],[18.0425,-31.5098],[18.0443,-31.5097],[18.0477,-31.5136],[18.0499,-31.5138],[18.0501,-31.5165],[18.0544,-31.5181],[18.0563,-31.522],[18.0662,-31.5274],[18.098,-31.5596],[18.1111,-31.575],[18.1179,-31.5863],[18.1165,-31.5891],[18.118,-31.5916],[18.1169,-31.5966],[18.1144,-31.5984],[18.1166,-31.5989],[18.1162,-31.6005],[18.1198,-31.601],[18.1185,-31.6043],[18.1231,-31.6051],[18.1295,-31.6107],[18.1301,-31.6136],[18.1326,-31.6157],[18.1316,-31.6212],[18.1348,-31.6234],[18.1336,-31.625],[18.1404,-31.6299],[18.1398,-31.6317],[18.1414,-31.6317],[18.1423,-31.6353],[18.1467,-31.6388],[18.1466,-31.6435],[18.1503,-31.6492],[18.1495,-31.6515],[18.1525,-31.6544],[18.1517,-31.6554],[18.1547,-31.6562],[18.1585,-31.6599],[18.1716,-31.6796],[18.1768,-31.6831],[18.1816,-31.6916],[18.1845,-31.6938],[18.1857,-31.701],[18.1895,-31.7008],[18.2028,-31.7172],[18.2095,-31.7292],[18.2155,-31.7354],[18.2163,-31.7389],[18.2228,-31.7443],[18.2223,-31.7475],[18.2244,-31.7487],[18.2253,-31.754],[18.2215,-31.7573],[18.224,-31.7594],[18.221,-31.7605],[18.2218,-31.7626],[18.2245,-31.7636],[18.2236,-31.766],[18.2258,-31.7797],[18.2283,-31.7859],[18.2307,-31.7871],[18.2328,-31.7951],[18.2325,-31.7971],[18.2289,-31.7999],[18.2354,-31.8127],[18.2344,-31.8158],[18.2302,-31.817],[18.2334,-31.8177],[18.2317,-31.8207],[18.2355,-31.8228],[18.2639,-31.8617],[18.2726,-31.8769],[18.2801,-31.8982],[18.2787,-31.9033],[18.28,-31.9084],[18.2775,-31.9125],[18.2726,-31.9129],[18.2759,-31.92],[18.2749,-31.9298],[18.2719,-31.9332],[18.2654,-31.9341],[18.2654,-31.9396],[18.2678,-31.9484],[18.2751,-31.959],[18.2857,-31.9833],[18.2867,-31.988],[18.285,-31.9906],[18.2824,-31.9914],[18.2821,-31.9949],[18.2925,-32.0108],[18.2949,-32.0172],[18.2934,-32.0225],[18.308,-32.052],[18.314,-32.071],[18.315,-32.0781],[18.3137,-32.0842],[18.3087,-32.0899],[18.3051,-32.0901],[18.3046,-32.0918],[18.2995,-32.094],[18.2995,-32.0959],[18.3022,-32.0964],[18.3015,-32.0974],[18.3028,-32.0979],[18.3019,-32.1003],[18.3037,-32.1019],[18.3024,-32.1029],[18.3039,-32.1053],[18.3032,-32.1069],[18.3009,-32.1071],[18.3031,-32.109],[18.3001,-32.1136],[18.3016,-32.114],[18.304,-32.1226],[18.3036,-32.1312],[18.3053,-32.1339],[18.3043,-32.1354],[18.3068,-32.1509],[18.3113,-32.1599],[18.3112,-32.1662],[18.3094,-32.1679],[18.312,-32.1706],[18.3104,-32.1718],[18.311,-32.1763],[18.3128,-32.177],[18.322,-32.1942],[18.3253,-32.2032],[18.326,-32.2078],[18.324,-32.2099],[18.3364,-32.243],[18.3447,-32.2814],[18.3447,-32.2904],[18.3416,-32.3063],[18.3375,-32.314],[18.3348,-32.3161],[18.3279,-32.3157],[18.3231,-32.3179],[18.3166,-32.3146],[18.3139,-32.317],[18.3169,-32.3337],[18.3154,-32.3372],[18.3257,-32.3713],[18.3319,-32.4079],[18.3348,-32.4643],[18.3323,-32.4937],[18.3241,-32.5348],[18.3131,-32.5669],[18.3045,-32.5866],[18.2794,-32.6332],[18.2468,-32.6781],[18.2291,-32.6948],[18.199,-32.7148],[18.167,-32.7542],[18.1389,-32.7733],[18.1284,-32.7774],[18.1207,-32.7777],[18.1119,-32.7804],[18.1081,-32.7803],[18.1058,-32.7782],[18.1042,-32.78],[18.0994,-32.781],[18.0954,-32.7777],[18.0913,-32.7808],[18.0877,-32.7774],[18.0851,-32.7776],[18.0866,-32.7766],[18.0814,-32.7782],[18.0789,-32.7766],[18.0703,-32.7808],[18.0553,-32.7842],[18.0509,-32.7749],[18.0416,-32.7664],[18.0308,-32.7603],[18.0278,-32.7558],[18.0139,-32.7497],[18.0107,-32.7428],[18.0145,-32.743],[18.0149,-32.7401],[17.9958,-32.733],[17.996,-32.732],[17.9954,-32.7329],[17.9929,-32.7305],[17.9874,-32.7298],[17.9875,-32.7279],[17.9871,-32.7297],[17.9847,-32.7293],[17.9786,-32.7254],[17.9751,-32.7214],[17.9748,-32.7184],[17.9796,-32.7151],[17.9775,-32.7104],[17.9798,-32.7057],[17.9821,-32.7046],[17.9733,-32.705],[17.9674,-32.7004],[17.9678,-32.7057],[17.9612,-32.7148],[17.957,-32.7185],[17.9486,-32.7223],[17.9407,-32.7211],[17.9398,-32.7195],[17.9417,-32.7179],[17.94,-32.7153],[17.9305,-32.7198],[17.9212,-32.7135],[17.9201,-32.716],[17.9235,-32.7195],[17.9216,-32.7233],[17.9222,-32.7256],[17.9186,-32.7283],[17.9167,-32.7278],[17.9121,-32.735],[17.9082,-32.7366],[17.9036,-32.7357],[17.8952,-32.7422],[17.8966,-32.746],[17.8949,-32.7488],[17.9026,-32.7559],[17.9069,-32.7681],[17.9077,-32.7874],[17.9053,-32.7965],[17.9016,-32.802],[17.8898,-32.8079],[17.8849,-32.8073],[17.884,-32.8021],[17.8827,-32.8024],[17.8833,-32.8092],[17.8808,-32.8128],[17.8756,-32.8132],[17.8712,-32.8155],[17.8677,-32.8126],[17.8672,-32.8152],[17.8644,-32.8147],[17.8653,-32.8168],[17.8635,-32.8186],[17.8603,-32.8178],[17.8592,-32.8194],[17.858,-32.8179],[17.855,-32.8184],[17.8554,-32.8165],[17.8541,-32.8163],[17.8544,-32.8187],[17.8528,-32.8168],[17.8513,-32.8192],[17.8512,-32.8234],[17.8482,-32.8221],[17.8478,-32.8249],[17.8456,-32.8255],[17.8443,-32.8242],[17.8438,-32.8255],[17.8461,-32.8267],[17.8449,-32.827],[17.8452,-32.829],[17.8483,-32.8279],[17.8474,-32.8313],[17.8494,-32.8336],[17.8532,-32.8338],[17.8543,-32.8351],[17.8555,-32.8343],[17.8553,-32.8374],[17.857,-32.8367],[17.8564,-32.8391],[17.8584,-32.839],[17.8571,-32.8401],[17.8592,-32.8388],[17.8617,-32.8398],[17.8589,-32.8427],[17.8601,-32.8439],[17.8663,-32.842],[17.8704,-32.8457],[17.8726,-32.8454],[17.875,-32.8472],[17.8735,-32.8492],[17.8785,-32.8502],[17.8806,-32.8539],[17.8798,-32.8598],[17.8829,-32.8625],[17.8829,-32.8652],[17.8806,-32.866],[17.8804,-32.8682],[17.8836,-32.8686],[17.8847,-32.8735],[17.8817,-32.8821],[17.8781,-32.8857],[17.8762,-32.8852],[17.8737,-32.8869],[17.8683,-32.8859],[17.8641,-32.8884],[17.866,-32.8912],[17.8631,-32.8918],[17.8632,-32.8929],[17.868,-32.894],[17.8684,-32.8962],[17.8663,-32.897],[17.8658,-32.899],[17.863,-32.8993],[17.8633,-32.9016],[17.8613,-32.9032],[17.8567,-32.9053],[17.8592,-32.9069],[17.8588,-32.9109],[17.863,-32.912],[17.8667,-32.91],[17.8677,-32.9118],[17.8704,-32.9123],[17.8714,-32.9162],[17.8788,-32.919],[17.8841,-32.9302],[17.8865,-32.9479],[17.8825,-32.9544],[17.8782,-32.9555],[17.8789,-32.9572],[17.8816,-32.9571],[17.884,-32.9598],[17.8839,-32.9639],[17.8814,-32.9639],[17.8813,-32.9651],[17.8865,-32.9641],[17.8876,-32.9652],[17.8852,-32.967],[17.8856,-32.9721],[17.8835,-32.9726],[17.8844,-32.9757],[17.8787,-32.9763],[17.8863,-32.9785],[17.8767,-32.9841],[17.8762,-32.9894],[17.8723,-32.9907],[17.8715,-32.9928],[17.8741,-32.9955],[17.8723,-32.9998],[17.8773,-33.0013],[17.8764,-33.0041],[17.8783,-33.006],[17.8815,-33.0063],[17.8841,-33.0016],[17.8894,-33.0018],[17.898,-33.0065],[17.9032,-33.015],[17.9033,-33.0214],[17.8999,-33.0274],[17.8966,-33.0292],[17.8924,-33.0263],[17.8893,-33.0268],[17.8971,-33.0359],[17.8933,-33.0408],[17.8952,-33.0417],[17.9016,-33.04],[17.9038,-33.0437],[17.9034,-33.0468],[17.909,-33.0486],[17.9106,-33.052],[17.9256,-33.0418],[17.9385,-33.038],[17.9368,-33.0341],[17.9336,-33.0323],[17.9345,-33.0295],[17.9378,-33.027],[17.9469,-33.0255],[17.9528,-33.0265],[17.9562,-33.0299],[17.9573,-33.0287],[17.9608,-33.0293],[17.9687,-33.0338],[17.9715,-33.0375],[17.9705,-33.0409],[17.9681,-33.0426],[17.9652,-33.0416],[17.9643,-33.0425],[17.9682,-33.0453],[17.9708,-33.0448],[17.9738,-33.0392],[17.973,-33.0352],[17.9649,-33.0294],[17.9639,-33.0237],[17.959,-33.0269],[17.9555,-33.024],[17.948,-33.0211],[17.9471,-33.0175],[17.9495,-33.0169],[17.9494,-33.0127],[17.9511,-33.0108],[17.9461,-33.0071],[17.9476,-33.0043],[17.9544,-32.9999],[17.9682,-32.9962],[17.9884,-32.996],[17.9964,-32.9999],[17.99,-33.0127],[17.9918,-33.013],[17.9852,-33.0255],[17.9835,-33.0322],[17.9947,-33.0089],[17.9974,-33.0078],[18.0045,-33.0097],[18.0085,-33.0078],[18.0105,-33.0086],[18.0193,-33.0136],[18.0301,-33.0239],[18.037,-33.0381],[18.0376,-33.041],[18.036,-33.044],[18.0411,-33.0463],[18.0428,-33.0504],[18.0411,-33.0542],[18.0425,-33.0584],[18.0404,-33.0686],[18.0279,-33.0843],[18.0304,-33.0895],[18.029,-33.098],[18.0323,-33.1026],[18.0322,-33.1052],[18.0392,-33.1112],[18.048,-33.1149],[18.0517,-33.1208],[18.057,-33.1227],[18.0605,-33.1294],[18.0905,-33.1431],[18.0933,-33.1514],[18.0948,-33.1533],[18.0961,-33.152],[18.0978,-33.1532],[18.0974,-33.1545],[18.0961,-33.1534],[18.0946,-33.1546],[18.0896,-33.1641],[18.0915,-33.1654],[18.0946,-33.1645],[18.0931,-33.1659],[18.0962,-33.1682],[18.0951,-33.169],[18.0896,-33.1671],[18.0887,-33.17],[18.0888,-33.1669],[18.087,-33.165],[18.0827,-33.1655],[18.0814,-33.1679],[18.0847,-33.1738],[18.094,-33.1768],[18.1026,-33.1769],[18.1025,-33.1792],[18.1057,-33.179],[18.1024,-33.1809],[18.106,-33.1842],[18.11,-33.1853],[18.1118,-33.1855],[18.1111,-33.1841],[18.1068,-33.1829],[18.1103,-33.1797],[18.1115,-33.1807],[18.1175,-33.1797],[18.1239,-33.1805],[18.1255,-33.1868],[18.123,-33.1922],[18.1187,-33.1961],[18.1082,-33.2],[18.1079,-33.2021],[18.0987,-33.2046],[18.0948,-33.2039],[18.0897,-33.1988],[18.0893,-33.1961],[18.0914,-33.194],[18.0904,-33.1901],[18.0807,-33.1823],[18.0729,-33.1808],[18.069,-33.1771],[18.0647,-33.1758],[18.0591,-33.1677],[18.0494,-33.1614],[18.0485,-33.1576],[18.05,-33.1543],[18.0406,-33.1532],[18.0317,-33.1472],[18.025,-33.1447],[18.0233,-33.1412],[18.0309,-33.1314],[18.0307,-33.1283],[18.0264,-33.1253],[18.016,-33.123],[18.0135,-33.1212],[18.0145,-33.1124],[18.0134,-33.1067],[18.0101,-33.1009],[18.0134,-33.0958],[18.0047,-33.0927],[18.0007,-33.094],[17.9911,-33.0925],[17.982,-33.095],[17.982,-33.0927],[17.9851,-33.0895],[17.9906,-33.09],[17.9975,-33.0879],[18.0044,-33.0879],[18.0017,-33.0814],[18.0045,-33.0808],[18.0047,-33.0787],[17.9952,-33.0773],[17.9947,-33.0747],[17.9967,-33.0722],[17.9951,-33.07],[17.9902,-33.0715],[17.9886,-33.0692],[17.9867,-33.0697],[17.9788,-33.0665],[17.9722,-33.0679],[17.9764,-33.0722],[17.9734,-33.0754],[17.9756,-33.0818],[17.9781,-33.0815],[17.9798,-33.0842],[17.9785,-33.0925],[17.9748,-33.0965],[17.9704,-33.095],[17.9707,-33.097],[17.9663,-33.0995],[17.9604,-33.0957],[17.9583,-33.0957],[17.9566,-33.0987],[17.9583,-33.1022],[17.9548,-33.103],[17.9519,-33.1059],[17.9551,-33.1105],[17.9601,-33.1118],[17.9619,-33.1139],[17.9664,-33.1134],[17.9728,-33.118],[17.9765,-33.128],[17.9749,-33.1281],[17.9742,-33.1311],[17.9704,-33.1315],[17.9702,-33.137],[17.9746,-33.139],[17.9772,-33.1423],[17.9857,-33.1424],[17.9909,-33.145],[17.9978,-33.1458],[17.999,-33.1492],[18.005,-33.148],[18.0154,-33.1555],[18.0224,-33.1626],[18.0348,-33.1705],[18.0607,-33.1926],[18.0843,-33.2159],[18.1065,-33.2407],[18.1325,-33.2765],[18.1574,-33.3234],[18.1599,-33.3316],[18.1602,-33.343],[18.1566,-33.3439],[18.1534,-33.347],[18.1476,-33.3462],[18.1458,-33.3494],[18.1485,-33.3536],[18.1469,-33.3548],[18.1512,-33.3542],[18.1535,-33.3562],[18.1586,-33.3643],[18.1626,-33.3661],[18.1628,-33.3687],[18.166,-33.3686],[18.1725,-33.3737],[18.1839,-33.3785],[18.2123,-33.3945],[18.2388,-33.4134],[18.2744,-33.4452],[18.2946,-33.4673],[18.3046,-33.4816],[18.3073,-33.4813],[18.3072,-33.488],[18.3118,-33.4939],[18.3102,-33.4963],[18.3122,-33.4976],[18.3157,-33.4961],[18.3165,-33.4973],[18.3154,-33.5001],[18.3136,-33.5007],[18.3151,-33.5043],[18.3125,-33.5068],[18.3191,-33.5111],[18.3211,-33.5157],[18.3222,-33.5156],[18.3209,-33.5142],[18.3254,-33.517],[18.3245,-33.5198],[18.3223,-33.5196],[18.3218,-33.5218],[18.3201,-33.5212],[18.3183,-33.5226],[18.3171,-33.5288],[18.3148,-33.5313],[18.3182,-33.5401],[18.3119,-33.5409],[18.3132,-33.5459],[18.3098,-33.5477],[18.3089,-33.5547],[18.3122,-33.5623],[18.3076,-33.5651],[18.3091,-33.5647],[18.3108,-33.5687],[18.3176,-33.5712],[18.3197,-33.5745],[18.3246,-33.5752],[18.326,-33.5702],[18.3309,-33.5719],[18.3323,-33.5694],[18.3358,-33.5691],[18.3409,-33.5725],[18.3417,-33.5706],[18.3452,-33.5713],[18.355,-33.5786],[18.361,-33.5884],[18.3611,-33.5902],[18.3588,-33.5913],[18.3619,-33.5931],[18.3592,-33.5977],[18.3567,-33.5986],[18.3679,-33.5996],[18.3737,-33.6073],[18.3716,-33.611],[18.3772,-33.6185],[18.3836,-33.6189],[18.3857,-33.6214],[18.3915,-33.6212],[18.3956,-33.6234],[18.4202,-33.6576],[18.4266,-33.6694],[18.4282,-33.6741],[18.4234,-33.6765],[18.4283,-33.674],[18.4306,-33.6785],[18.4215,-33.6773],[18.4306,-33.6785],[18.4308,-33.6804],[18.4319,-33.6796],[18.4309,-33.6806],[18.438,-33.6926],[18.4443,-33.7136],[18.4442,-33.7192],[18.4418,-33.7261],[18.4352,-33.7316],[18.4355,-33.736],[18.4415,-33.7471],[18.4421,-33.7579],[18.446,-33.772],[18.4587,-33.7972],[18.4575,-33.8002],[18.4666,-33.8077],[18.4795,-33.8281],[18.4887,-33.8519],[18.4894,-33.8703],[18.4846,-33.8902],[18.4826,-33.8912],[18.4732,-33.9076],[18.4709,-33.9078],[18.4659,-33.912],[18.4547,-33.9122],[18.4456,-33.9052],[18.439,-33.903],[18.4403,-33.9043],[18.4389,-33.9056],[18.4404,-33.9044],[18.446,-33.9056],[18.4447,-33.9071],[18.455,-33.9155],[18.4515,-33.9181],[18.4499,-33.9168],[18.4515,-33.9183],[18.4495,-33.9176],[18.4501,-33.9196],[18.4472,-33.9174],[18.4492,-33.9173],[18.4482,-33.9162],[18.4371,-33.9088],[18.4374,-33.9068],[18.4369,-33.9089],[18.4351,-33.9086],[18.4463,-33.9155],[18.4447,-33.9173],[18.4401,-33.914],[18.4447,-33.9175],[18.4436,-33.9183],[18.4459,-33.9203],[18.4423,-33.9205],[18.4427,-33.9186],[18.4385,-33.916],[18.4421,-33.9189],[18.4401,-33.9204],[18.4256,-33.9097],[18.4306,-33.9057],[18.4336,-33.9072],[18.4323,-33.9059],[18.4341,-33.9053],[18.4307,-33.9037],[18.4276,-33.9032],[18.4287,-33.9045],[18.424,-33.9083],[18.4249,-33.9057],[18.4212,-33.9068],[18.422,-33.9088],[18.4202,-33.9078],[18.4191,-33.9087],[18.4208,-33.9097],[18.4174,-33.9088],[18.422,-33.9062],[18.4206,-33.9058],[18.4211,-33.9042],[18.4227,-33.9054],[18.4215,-33.9042],[18.4229,-33.9031],[18.4244,-33.9042],[18.4231,-33.9029],[18.4249,-33.9014],[18.4268,-33.9029],[18.4262,-33.9006],[18.4345,-33.8976],[18.4186,-33.9025],[18.4147,-33.8997],[18.4144,-33.9008],[18.4124,-33.9001],[18.4152,-33.8991],[18.4121,-33.8988],[18.3985,-33.9005],[18.398,-33.9064],[18.3896,-33.9101],[18.3854,-33.918],[18.3773,-33.9221],[18.3784,-33.9266],[18.3749,-33.9292],[18.3776,-33.9337],[18.3777,-33.9375],[18.3755,-33.9409],[18.3721,-33.9408],[18.3716,-33.9421],[18.3723,-33.9444],[18.3778,-33.9464],[18.3787,-33.9493],[18.3758,-33.9539],[18.3744,-33.953],[18.3773,-33.9584],[18.3725,-33.9596],[18.3731,-33.9663],[18.3707,-33.9686],[18.3709,-33.974],[18.3652,-33.979],[18.3633,-33.9791],[18.3617,-33.9822],[18.3596,-33.9814],[18.3569,-33.9847],[18.3549,-33.9848],[18.3536,-33.9871],[18.3486,-33.9869],[18.3482,-33.9888],[18.3443,-33.9917],[18.3447,-33.9975],[18.3418,-34.0014],[18.3429,-34.0041],[18.3418,-34.0053],[18.339,-34.0045],[18.3412,-34.0057],[18.3414,-34.0088],[18.3343,-34.0116],[18.3356,-34.0137],[18.3334,-34.0186],[18.3312,-34.0198],[18.3322,-34.0232],[18.3223,-34.0272],[18.3108,-34.0277],[18.3175,-34.0302],[18.3139,-34.0362],[18.3085,-34.0376],[18.3072,-34.0395],[18.3106,-34.0433],[18.3201,-34.0458],[18.3239,-34.0486],[18.325,-34.0536],[18.3295,-34.0563],[18.3288,-34.0582],[18.33,-34.0574],[18.3403,-34.0616],[18.3482,-34.0555],[18.3504,-34.0514],[18.3481,-34.0543],[18.3451,-34.0516],[18.3488,-34.0478],[18.3494,-34.0509],[18.3493,-34.0464],[18.3573,-34.0457],[18.362,-34.0491],[18.3625,-34.0552],[18.3688,-34.0628],[18.3639,-34.0727],[18.3552,-34.0768],[18.3553,-34.0831],[18.3532,-34.0854],[18.3552,-34.0872],[18.3497,-34.0908],[18.3528,-34.0961],[18.356,-34.0981],[18.3574,-34.1062],[18.3511,-34.1258],[18.3463,-34.1301],[18.3391,-34.1273],[18.3323,-34.1361],[18.3227,-34.1381],[18.3206,-34.141],[18.3235,-34.1418],[18.3186,-34.1451],[18.3188,-34.1484],[18.3231,-34.1564],[18.3276,-34.1585],[18.338,-34.1769],[18.3434,-34.1797],[18.3463,-34.1765],[18.3526,-34.1769],[18.3628,-34.1844],[18.3704,-34.1959],[18.3725,-34.201],[18.3695,-34.2035],[18.3704,-34.2104],[18.3787,-34.2303],[18.3765,-34.2401],[18.3802,-34.2465],[18.3811,-34.2517],[18.3783,-34.2532],[18.3828,-34.2563],[18.3802,-34.2591],[18.3803,-34.2615],[18.3843,-34.267],[18.3795,-34.2706],[18.3795,-34.273],[18.3837,-34.2757],[18.3888,-34.2766],[18.3923,-34.286],[18.3968,-34.2884],[18.4049,-34.3034],[18.404,-34.3067],[18.4006,-34.3084],[18.406,-34.3111],[18.4082,-34.3141],[18.4148,-34.3167],[18.4164,-34.3181],[18.415,-34.3211],[18.4213,-34.3233],[18.4211,-34.3261],[18.4283,-34.3312],[18.4321,-34.3317],[18.4435,-34.3374],[18.4489,-34.3363],[18.457,-34.3384],[18.4596,-34.3418],[18.4592,-34.3444],[18.4664,-34.3479],[18.4725,-34.3546],[18.4721,-34.3583],[18.4795,-34.3567],[18.4815,-34.354],[18.4981,-34.3572],[18.4959,-34.3542],[18.4881,-34.3497],[18.4892,-34.3494],[18.4876,-34.3478],[18.4827,-34.3476],[18.4756,-34.3415],[18.4718,-34.3404],[18.4675,-34.3324],[18.4676,-34.3281],[18.4653,-34.3237],[18.4615,-34.3215],[18.4607,-34.3192],[18.4612,-34.317],[18.4651,-34.3156],[18.4607,-34.3105],[18.4631,-34.3083],[18.4638,-34.3029],[18.4672,-34.298],[18.4663,-34.2928],[18.475,-34.2782],[18.4747,-34.2754],[18.4679,-34.2709],[18.4667,-34.2656],[18.4701,-34.2606],[18.4727,-34.26],[18.4776,-34.2547],[18.4762,-34.2537],[18.4748,-34.2417],[18.4781,-34.2394],[18.4757,-34.2383],[18.4749,-34.2357],[18.4751,-34.233],[18.4771,-34.2325],[18.4754,-34.2304],[18.4721,-34.2301],[18.4675,-34.2252],[18.4623,-34.2098],[18.4581,-34.206],[18.4574,-34.2021],[18.4541,-34.1979],[18.4519,-34.1981],[18.4506,-34.1953],[18.4465,-34.1942],[18.4423,-34.1876],[18.4378,-34.1848],[18.4376,-34.1862],[18.4406,-34.1873],[18.4395,-34.1882],[18.4421,-34.1878],[18.4429,-34.1906],[18.44,-34.1912],[18.4382,-34.1886],[18.4368,-34.1894],[18.4379,-34.1909],[18.4352,-34.1909],[18.4365,-34.1896],[18.4352,-34.1908],[18.434,-34.1883],[18.4365,-34.1864],[18.4337,-34.1882],[18.435,-34.1908],[18.4326,-34.1928],[18.4284,-34.1915],[18.4259,-34.1868],[18.4261,-34.1781],[18.4332,-34.166],[18.4312,-34.1606],[18.433,-34.1582],[18.4353,-34.1579],[18.44,-34.15],[18.4375,-34.1441],[18.4321,-34.1412],[18.4377,-34.1332],[18.4398,-34.132],[18.4475,-34.1324],[18.4514,-34.1284],[18.4482,-34.1291],[18.4486,-34.1276],[18.4508,-34.1282],[18.4495,-34.1268],[18.4666,-34.1137],[18.4684,-34.1095],[18.4804,-34.1045],[18.5031,-34.0973],[18.5376,-34.0902],[18.5536,-34.0889],[18.5885,-34.0794],[18.6119,-34.0753],[18.6214,-34.0756],[18.6308,-34.0733],[18.6469,-34.0728],[18.6622,-34.0727],[18.6861,-34.0748],[18.6903,-34.0742],[18.6886,-34.0741],[18.6893,-34.0726],[18.6947,-34.0721],[18.7142,-34.0729],[18.741,-34.0757],[18.7734,-34.083],[18.813,-34.1002],[18.8211,-34.1096],[18.8232,-34.1159],[18.8304,-34.1208],[18.8315,-34.1245],[18.8391,-34.1307],[18.8475,-34.1417],[18.855,-34.1484],[18.8556,-34.152],[18.8572,-34.1509],[18.8559,-34.1486],[18.8596,-34.1503],[18.8583,-34.1523],[18.8565,-34.152],[18.8582,-34.1526],[18.8597,-34.1517],[18.8627,-34.1548],[18.866,-34.1553],[18.8681,-34.1591],[18.868,-34.1606],[18.8635,-34.1632],[18.8584,-34.1634],[18.8603,-34.164],[18.8592,-34.1651],[18.8579,-34.163],[18.8587,-34.166],[18.8383,-34.1721],[18.8309,-34.1762],[18.8214,-34.1832],[18.8184,-34.19],[18.8186,-34.1942],[18.8211,-34.1937],[18.82,-34.1956],[18.8282,-34.2046],[18.8299,-34.2048],[18.8317,-34.2102],[18.8337,-34.2117],[18.8303,-34.2171],[18.8345,-34.2192],[18.8332,-34.2209],[18.8405,-34.2252],[18.8528,-34.2381],[18.8525,-34.2445],[18.8548,-34.2462],[18.8539,-34.249],[18.8559,-34.2524],[18.851,-34.2659],[18.8427,-34.2712],[18.8305,-34.2744],[18.8287,-34.2763],[18.8237,-34.2845],[18.8239,-34.2872],[18.82,-34.2912],[18.8227,-34.299],[18.821,-34.3001],[18.8193,-34.2977],[18.8152,-34.2977],[18.8135,-34.296],[18.8119,-34.2988],[18.8134,-34.3002],[18.8125,-34.3028],[18.8146,-34.3043],[18.8127,-34.3047],[18.815,-34.3059],[18.8106,-34.3092],[18.8135,-34.3125],[18.8154,-34.3109],[18.8191,-34.3113],[18.8184,-34.3142],[18.8159,-34.3148],[18.8172,-34.3166],[18.8156,-34.3179],[18.8184,-34.3203],[18.8184,-34.324],[18.8215,-34.3253],[18.8203,-34.3311],[18.8248,-34.3369],[18.8318,-34.3389],[18.829,-34.3456],[18.8258,-34.3465],[18.8221,-34.3455],[18.8169,-34.3478],[18.8118,-34.3467],[18.8095,-34.3487],[18.8178,-34.3573],[18.816,-34.3584],[18.8151,-34.3643],[18.8189,-34.3663],[18.817,-34.3684],[18.8197,-34.3706],[18.819,-34.3731],[18.8251,-34.3733],[18.8271,-34.3758],[18.8265,-34.3806],[18.8218,-34.3811],[18.8229,-34.3835],[18.8266,-34.3838],[18.826,-34.3881],[18.8361,-34.3881],[18.8371,-34.3864],[18.8317,-34.3819],[18.8321,-34.3804],[18.834,-34.3804],[18.8354,-34.3783],[18.8402,-34.3797],[18.8433,-34.378],[18.8484,-34.381],[18.8498,-34.3839],[18.8551,-34.3836],[18.8525,-34.3885],[18.855,-34.3912],[18.8562,-34.3885],[18.8619,-34.389],[18.8619,-34.387],[18.8571,-34.3811],[18.8581,-34.3786],[18.8566,-34.3776],[18.8588,-34.3747],[18.8614,-34.3751],[18.8645,-34.3715],[18.8744,-34.3691],[18.885,-34.3747],[18.8849,-34.3726],[18.8881,-34.3726],[18.8929,-34.376],[18.8972,-34.3744],[18.8941,-34.3719],[18.8965,-34.3678],[18.901,-34.3688],[18.9013,-34.3655],[18.9058,-34.3633],[18.9056,-34.3603],[18.9113,-34.3577],[18.9204,-34.357],[18.9241,-34.3594],[18.9275,-34.358],[18.9318,-34.3587],[18.9345,-34.3558],[18.944,-34.3589],[18.95,-34.3587],[18.9511,-34.3607],[18.9654,-34.363],[18.968,-34.3623],[18.9667,-34.3608],[18.9707,-34.3594],[18.9762,-34.3595],[18.9796,-34.354],[18.9855,-34.3515],[18.9866,-34.3488],[18.9987,-34.3436],[19.0046,-34.3463],[19.0129,-34.346],[19.0125,-34.3471],[19.0153,-34.3475],[19.0194,-34.3455],[19.0305,-34.3445],[19.034,-34.3449],[19.0349,-34.3465],[19.0372,-34.3418],[19.0424,-34.3411],[19.0691,-34.3512],[19.0903,-34.3631],[19.1026,-34.3721],[19.1181,-34.3863],[19.1243,-34.3948],[19.1252,-34.3998],[19.1174,-34.4047],[19.1186,-34.4053],[19.1176,-34.4091],[19.123,-34.4127],[19.1206,-34.4159],[19.1232,-34.4155],[19.1252,-34.418],[19.1355,-34.4183],[19.1349,-34.4201],[19.1398,-34.4204],[19.1422,-34.4236],[19.1472,-34.4215],[19.1548,-34.4221],[19.1599,-34.4185],[19.1641,-34.4188],[19.1706,-34.4161],[19.1724,-34.4171],[19.1724,-34.4205],[19.1816,-34.4199],[19.1831,-34.422],[19.1892,-34.4237],[19.1897,-34.4267],[19.1936,-34.4295],[19.2038,-34.4283],[19.2034,-34.4356],[19.2058,-34.4351],[19.2075,-34.4368],[19.2185,-34.4381],[19.2257,-34.4357],[19.2283,-34.4335],[19.2249,-34.4335],[19.2273,-34.4301],[19.2303,-34.4298],[19.2328,-34.4265],[19.2352,-34.4261],[19.2363,-34.4229],[19.2387,-34.4217],[19.2426,-34.4236],[19.2442,-34.4229],[19.2436,-34.4208],[19.2454,-34.4184],[19.2499,-34.4165],[19.252,-34.4136],[19.2538,-34.4129],[19.255,-34.4142],[19.2638,-34.4117],[19.2676,-34.4089],[19.2701,-34.41],[19.2754,-34.4091],[19.2781,-34.412],[19.28,-34.4112],[19.2823,-34.4131],[19.2886,-34.4146],[19.3125,-34.4314],[19.3412,-34.4613],[19.3576,-34.4852],[19.3663,-34.5021],[19.3715,-34.5148],[19.3708,-34.519],[19.3746,-34.5256],[19.3753,-34.5347],[19.3789,-34.5428],[19.3781,-34.5457],[19.371,-34.5476],[19.3726,-34.5488],[19.3654,-34.5525],[19.3637,-34.556],[19.3576,-34.5567],[19.3578,-34.5586],[19.3546,-34.5583],[19.3526,-34.5597],[19.3513,-34.5661],[19.3543,-34.5657],[19.3477,-34.5709],[19.347,-34.5735],[19.3425,-34.5779],[19.3424,-34.5799],[19.3463,-34.5824],[19.3441,-34.5839],[19.3457,-34.5849],[19.345,-34.5864],[19.339,-34.588],[19.3392,-34.5853],[19.3376,-34.5913],[19.3344,-34.595],[19.3282,-34.6085],[19.3234,-34.6111],[19.3214,-34.6099],[19.3149,-34.612],[19.311,-34.6112],[19.309,-34.6137],[19.3016,-34.6169],[19.3011,-34.6187],[19.3029,-34.6192],[19.3006,-34.6227],[19.299,-34.6246],[19.2951,-34.625],[19.2956,-34.6261],[19.2914,-34.63],[19.2911,-34.6316],[19.2938,-34.6316],[19.2947,-34.6306],[19.2931,-34.6296],[19.2967,-34.6295],[19.2951,-34.6308],[19.2975,-34.6319],[19.2934,-34.6336],[19.2959,-34.6343],[19.2984,-34.6326],[19.3011,-34.6344],[19.303,-34.6321],[19.306,-34.6333],[19.3094,-34.6288],[19.3131,-34.6288],[19.3165,-34.623],[19.3193,-34.624],[19.3195,-34.6257],[19.3223,-34.625],[19.3241,-34.6265],[19.3315,-34.6243],[19.3402,-34.6277],[19.3453,-34.6258],[19.348,-34.6265],[19.3534,-34.6218],[19.3534,-34.6187],[19.3569,-34.6156],[19.361,-34.615],[19.3634,-34.6166],[19.3672,-34.6165],[19.37,-34.6138],[19.3745,-34.6152],[19.3721,-34.6135],[19.3777,-34.6151],[19.3774,-34.6128],[19.3783,-34.6141],[19.3847,-34.6151],[19.3874,-34.6115],[19.4014,-34.6066],[19.4116,-34.6074],[19.4216,-34.6121],[19.4361,-34.6275],[19.4393,-34.6321],[19.4463,-34.651],[19.4503,-34.6556],[19.4723,-34.6608],[19.4762,-34.663],[19.4745,-34.6647],[19.4755,-34.6657],[19.4783,-34.6647],[19.478,-34.663],[19.4886,-34.6636],[19.491,-34.6654],[19.4889,-34.6658],[19.4904,-34.6678],[19.4919,-34.6673],[19.4914,-34.6687],[19.4955,-34.6668],[19.497,-34.6676],[19.4932,-34.6711],[19.4947,-34.6721],[19.4986,-34.6699],[19.4973,-34.672],[19.5022,-34.6709],[19.5083,-34.6724],[19.5151,-34.6697],[19.5205,-34.6713],[19.5297,-34.6771],[19.5325,-34.6807],[19.5326,-34.6844],[19.5306,-34.6836],[19.5296,-34.6849],[19.5301,-34.6897],[19.5367,-34.6901],[19.5372,-34.6922],[19.5413,-34.6916],[19.5401,-34.6951],[19.5456,-34.6972],[19.5439,-34.7022],[19.5501,-34.7122],[19.5529,-34.7131],[19.5562,-34.7122],[19.5563,-34.7139],[19.5586,-34.7127],[19.5621,-34.7137],[19.5669,-34.7178],[19.566,-34.7197],[19.5732,-34.7199],[19.5732,-34.7211],[19.5754,-34.7211],[19.5737,-34.7224],[19.5745,-34.7239],[19.5726,-34.723],[19.569,-34.7255],[19.5732,-34.7283],[19.5862,-34.7288],[19.5873,-34.7244],[19.5916,-34.7258],[19.5945,-34.7311],[19.5924,-34.7343],[19.5936,-34.7358],[19.5974,-34.7344],[19.5988,-34.7375],[19.5976,-34.7385],[19.5993,-34.7386],[19.5961,-34.7468],[19.5999,-34.7476],[19.6037,-34.7464],[19.5991,-34.7488],[19.6003,-34.7508],[19.6062,-34.7512],[19.6069,-34.7546],[19.611,-34.7574],[19.6157,-34.7576],[19.6258,-34.7531],[19.6322,-34.7551],[19.6415,-34.77],[19.6411,-34.7775],[19.6347,-34.7808],[19.6384,-34.7827],[19.6415,-34.7834],[19.6464,-34.7807],[19.6454,-34.7833],[19.6512,-34.7862],[19.6559,-34.7859],[19.6535,-34.7844],[19.6556,-34.7833],[19.6579,-34.7833],[19.6588,-34.7846],[19.6643,-34.7842],[19.6614,-34.7859],[19.6611,-34.7878],[19.663,-34.7884],[19.6651,-34.785],[19.6778,-34.7831],[19.6724,-34.777],[19.6825,-34.7717],[19.6846,-34.7656],[19.6979,-34.7625],[19.7015,-34.7641],[19.7117,-34.7638],[19.7295,-34.7687],[19.741,-34.7688],[19.7468,-34.7716],[19.7493,-34.7698],[19.7541,-34.7709],[19.7621,-34.7661],[19.7681,-34.7647],[19.7855,-34.7652],[19.7986,-34.7681],[19.8056,-34.7656],[19.8074,-34.7663],[19.8088,-34.764],[19.8233,-34.7622],[19.8253,-34.7626],[19.8261,-34.7651],[19.8355,-34.765],[19.8503,-34.7689],[19.8575,-34.7655],[19.8619,-34.767],[19.864,-34.766],[19.8643,-34.7678],[19.8649,-34.7665],[19.8664,-34.7676],[19.8723,-34.7659],[19.8857,-34.7728],[19.8901,-34.7822],[19.9034,-34.7841],[19.9228,-34.7963],[19.9359,-34.8081],[19.937,-34.8109],[19.9402,-34.812],[19.9429,-34.8162],[19.946,-34.814],[19.9511,-34.8155],[19.9555,-34.8149],[19.9566,-34.8189],[19.9592,-34.8209],[19.9655,-34.8214],[19.9679,-34.8236],[19.9643,-34.8271],[19.9697,-34.8244],[19.9737,-34.8246],[19.9775,-34.8279],[19.985,-34.83],[19.9832,-34.8313],[19.9858,-34.8312],[19.9862,-34.8328],[19.9959,-34.8325],[19.9986,-34.8342],[20.0046,-34.833],[20.0058,-34.8341],[20.0092,-34.8317],[20.0146,-34.8316],[20.0123,-34.8289],[20.0166,-34.8269],[20.0171,-34.8242],[20.0276,-34.8248],[20.0291,-34.8208],[20.0283,-34.8173],[20.0307,-34.8143],[20.0533,-34.8144],[20.0583,-34.812],[20.0582,-34.8087],[20.0638,-34.806],[20.0641,-34.8022],[20.0625,-34.8007],[20.0584,-34.8006],[20.0563,-34.7984],[20.0527,-34.7986],[20.0485,-34.7923],[20.0465,-34.7869],[20.0479,-34.7747],[20.0575,-34.7572],[20.0798,-34.7365],[20.0973,-34.7252],[20.1196,-34.7144],[20.1676,-34.6961],[20.1924,-34.6906],[20.2146,-34.6892],[20.2171,-34.688],[20.2313,-34.6892],[20.2363,-34.6916],[20.2363,-34.6885],[20.2336,-34.6862],[20.2346,-34.683],[20.233,-34.6822],[20.2347,-34.6801],[20.232,-34.6784],[20.2334,-34.6769],[20.232,-34.6764],[20.233,-34.672],[20.2357,-34.6694],[20.2327,-34.6676],[20.2328,-34.6618],[20.2378,-34.6541],[20.247,-34.6455],[20.2676,-34.6342],[20.2864,-34.6268],[20.2953,-34.6254],[20.3291,-34.6103],[20.3405,-34.595],[20.3477,-34.5901],[20.3864,-34.5743],[20.3965,-34.5726],[20.3975,-34.5704],[20.3994,-34.5714],[20.3994,-34.5697],[20.4072,-34.5634],[20.4093,-34.5608],[20.4089,-34.5582],[20.4132,-34.5546],[20.4132,-34.5513],[20.4235,-34.5317],[20.4449,-34.5108],[20.4778,-34.4915],[20.4977,-34.4827],[20.5247,-34.4745],[20.5301,-34.4711],[20.5475,-34.4665],[20.5553,-34.466],[20.5588,-34.4635],[20.5638,-34.4636],[20.5665,-34.4615],[20.5767,-34.4603],[20.5776,-34.4589],[20.5825,-34.458],[20.5853,-34.4589],[20.5868,-34.4572],[20.5978,-34.4553],[20.6084,-34.455],[20.6168,-34.4519],[20.6553,-34.4497],[20.6756,-34.4515],[20.6766,-34.4505],[20.6789,-34.4524],[20.6831,-34.4531],[20.6884,-34.4523],[20.6911,-34.4503],[20.6959,-34.4505],[20.7139,-34.4541],[20.7185,-34.4529],[20.7253,-34.455],[20.7304,-34.4532],[20.7309,-34.4512],[20.7372,-34.4558],[20.7526,-34.4562],[20.7731,-34.4615],[20.7818,-34.461],[20.794,-34.4638],[20.7976,-34.4667],[20.8161,-34.469],[20.8208,-34.472],[20.8389,-34.4703],[20.8478,-34.4749],[20.8483,-34.4719],[20.8536,-34.4709],[20.8521,-34.4676],[20.8564,-34.4648],[20.8695,-34.4659],[20.8698,-34.464],[20.8653,-34.4589],[20.8721,-34.4509],[20.8692,-34.4493],[20.8716,-34.4479],[20.8701,-34.4451],[20.8704,-34.4375],[20.8676,-34.4326],[20.8697,-34.4294],[20.8664,-34.4255],[20.8574,-34.4229],[20.8535,-34.4128],[20.8485,-34.4086],[20.8518,-34.4008],[20.8546,-34.3978],[20.8926,-34.3763],[20.9332,-34.3659],[21.0012,-34.365],[21.0018,-34.3664],[21.0069,-34.3673],[21.0181,-34.3672],[21.041,-34.3713],[21.0471,-34.3697],[21.1021,-34.3769],[21.1161,-34.3807],[21.1334,-34.3833],[21.1795,-34.3965],[21.2056,-34.406],[21.2082,-34.4079],[21.2085,-34.4105],[21.2135,-34.4108],[21.22,-34.4164],[21.2222,-34.4152],[21.2252,-34.4177],[21.2285,-34.4182],[21.2319,-34.4162],[21.2362,-34.4199],[21.2465,-34.4192],[21.2475,-34.4216],[21.2486,-34.4208],[21.2571,-34.4232],[21.2736,-34.4309],[21.278,-34.4299],[21.2904,-34.437],[21.2911,-34.4359],[21.2978,-34.4368],[21.2995,-34.4391],[21.311,-34.4379],[21.3142,-34.434],[21.3191,-34.4332],[21.3201,-34.4312],[21.3327,-34.4352],[21.3365,-34.4334],[21.336,-34.4299],[21.3387,-34.4266],[21.3438,-34.4272],[21.3542,-34.4194],[21.3611,-34.4198],[21.3632,-34.4212],[21.3661,-34.4205],[21.3696,-34.4233],[21.3723,-34.4231],[21.3824,-34.4111],[21.3878,-34.4085],[21.3957,-34.4104],[21.3999,-34.4053],[21.4131,-34.4014],[21.4145,-34.3988],[21.4129,-34.3985],[21.4126,-34.3962],[21.4146,-34.3958],[21.4147,-34.3937],[21.4174,-34.3915],[21.4204,-34.3922],[21.4241,-34.3905],[21.4292,-34.3945],[21.4301,-34.3905],[21.4274,-34.3865],[21.4233,-34.3848],[21.4226,-34.3796],[21.432,-34.3726],[21.4516,-34.3674],[21.4533,-34.3682],[21.4753,-34.3659],[21.4821,-34.3676],[21.4924,-34.3663],[21.51,-34.3596],[21.5165,-34.3611],[21.5226,-34.3571],[21.5354,-34.3563],[21.5512,-34.3612],[21.5637,-34.3604],[21.5737,-34.3641],[21.5808,-34.3629],[21.5855,-34.3657],[21.612,-34.3728],[21.6306,-34.3802],[21.6321,-34.3794],[21.6338,-34.3815],[21.6428,-34.3814],[21.6614,-34.3875],[21.6669,-34.3864],[21.67,-34.3886],[21.6761,-34.3887],[21.6844,-34.3925],[21.6919,-34.3915],[21.6961,-34.395],[21.7069,-34.394],[21.7091,-34.3951],[21.7143,-34.393],[21.7198,-34.3956],[21.7223,-34.3932],[21.7295,-34.3958],[21.7313,-34.3939],[21.735,-34.3943],[21.7369,-34.3892],[21.742,-34.3866],[21.7553,-34.3868],[21.7612,-34.3841],[21.7666,-34.3853],[21.7942,-34.3812],[21.7979,-34.3833],[21.8008,-34.3812],[21.8048,-34.3816],[21.8061,-34.3793],[21.8123,-34.3806],[21.8184,-34.3771],[21.8305,-34.3765],[21.8337,-34.3744],[21.8354,-34.3753],[21.8504,-34.3696],[21.8587,-34.3627],[21.8714,-34.3627],[21.8743,-34.3587],[21.8842,-34.3531],[21.8837,-34.3479],[21.887,-34.3432],[21.8898,-34.3445],[21.9035,-34.3445],[21.9144,-34.3388],[21.9062,-34.3351],[21.9041,-34.3326],[21.9047,-34.3253],[21.9081,-34.3192],[21.9177,-34.3113],[21.9296,-34.3061],[21.9311,-34.3041],[21.9365,-34.3052],[21.9404,-34.3011],[21.9431,-34.3027],[21.9456,-34.3015],[21.946,-34.2991],[21.9427,-34.2999],[21.9377,-34.2972],[21.9363,-34.2944],[21.915,-34.2911],[21.912,-34.2845],[21.9122,-34.2737],[21.9177,-34.2606],[21.9273,-34.2495],[21.9567,-34.229],[21.9824,-34.218],[22.0099,-34.2111],[22.0473,-34.206],[22.0643,-34.205],[22.0739,-34.2056],[22.0802,-34.2086],[22.0895,-34.2093],[22.0958,-34.203],[22.0995,-34.2043],[22.1124,-34.2038],[22.1152,-34.2021],[22.1286,-34.1996],[22.1318,-34.1975],[22.1383,-34.1968],[22.1405,-34.1942],[22.1444,-34.1966],[22.1465,-34.1928],[22.1477,-34.1937],[22.1517,-34.1921],[22.1531,-34.1873],[22.159,-34.1862],[22.1607,-34.1878],[22.1581,-34.181],[22.1505,-34.1793],[22.1473,-34.175],[22.1491,-34.1787],[22.1482,-34.1812],[22.1479,-34.1796],[22.1465,-34.1808],[22.1443,-34.1789],[22.1456,-34.1761],[22.1405,-34.1795],[22.1365,-34.174],[22.1288,-34.1719],[22.1265,-34.1699],[22.1238,-34.17],[22.1219,-34.1671],[22.1127,-34.1647],[22.1113,-34.157],[22.1126,-34.1414],[22.1243,-34.1176],[22.1296,-34.1106],[22.1514,-34.0898],[22.1595,-34.0841],[22.2002,-34.0678],[22.2279,-34.0596],[22.2709,-34.0527],[22.3101,-34.0511],[22.3312,-34.0521],[22.3444,-34.0548],[22.3544,-34.0543],[22.3644,-34.0584],[22.3695,-34.0595],[22.3731,-34.0587],[22.3806,-34.0617],[22.3837,-34.0602],[22.3851,-34.0609],[22.3868,-34.0566],[22.3914,-34.0547],[22.3937,-34.0549],[22.3951,-34.0577],[22.4026,-34.0557],[22.4077,-34.0576],[22.4202,-34.0581],[22.4245,-34.0601],[22.4281,-34.0566],[22.4327,-34.0593],[22.4346,-34.0572],[22.4339,-34.0557],[22.4411,-34.0589],[22.4466,-34.0562],[22.4483,-34.0567],[22.4496,-34.0548],[22.4511,-34.0565],[22.4604,-34.05],[22.4672,-34.0482],[22.4703,-34.0506],[22.4737,-34.0484],[22.4843,-34.0516],[22.489,-34.0451],[22.4962,-34.043],[22.4986,-34.0397],[22.4984,-34.0367],[22.5081,-34.035],[22.5121,-34.028],[22.5176,-34.0275],[22.5213,-34.0246],[22.5248,-34.0245],[22.5271,-34.0215],[22.5403,-34.018],[22.5429,-34.0137],[22.5485,-34.0095],[22.5479,-34.0039],[22.5518,-34.005],[22.5561,-34.0032],[22.557,-33.9977],[22.5601,-33.9988],[22.5636,-33.9961],[22.5803,-33.9956],[22.6701,-34.0092],[22.7241,-34.0222],[22.7634,-34.0346],[22.7649,-34.0375],[22.7668,-34.0361],[22.7646,-34.0339],[22.7649,-34.0318],[22.7682,-34.0281],[22.7724,-34.027],[22.796,-34.0311],[22.8058,-34.0362],[22.8383,-34.0473],[22.8657,-34.0519],[22.8857,-34.0567],[22.8863,-34.058],[22.8895,-34.0577],[22.9319,-34.0703],[22.9535,-34.0791],[22.9578,-34.0822],[22.9601,-34.0878],[22.9621,-34.0851],[22.9703,-34.0861],[22.9742,-34.0909],[22.9775,-34.0906],[22.9798,-34.094],[22.9751,-34.0856],[22.9788,-34.0787],[22.9893,-34.074],[23.0086,-34.072],[23.0186,-34.0736],[23.0196,-34.075],[23.0317,-34.076],[23.0347,-34.0776],[23.0337,-34.0795],[23.0353,-34.0782],[23.0369,-34.0796],[23.038,-34.078],[23.0412,-34.0793],[23.0424,-34.0842],[23.0486,-34.0843],[23.0492,-34.083],[23.0503,-34.0845],[23.0556,-34.0856],[23.057,-34.083],[23.0638,-34.0818],[23.0649,-34.0844],[23.0674,-34.0827],[23.0698,-34.0838],[23.0708,-34.0826],[23.0748,-34.0825],[23.0763,-34.0838],[23.0777,-34.0823],[23.0863,-34.0866],[23.0863,-34.0832],[23.09,-34.0833],[23.0956,-34.0808],[23.098,-34.0823],[23.1006,-34.0789],[23.1032,-34.0815],[23.1049,-34.0806],[23.1096,-34.0823],[23.1151,-34.0804],[23.1181,-34.0802],[23.1202,-34.0821],[23.1214,-34.0808],[23.1303,-34.0804],[23.1319,-34.0831],[23.1336,-34.0826],[23.1378,-34.0868],[23.1394,-34.0856],[23.1401,-34.0872],[23.1412,-34.085],[23.144,-34.0862],[23.1468,-34.0842],[23.1502,-34.084],[23.1524,-34.0855],[23.1565,-34.0838],[23.1582,-34.0853],[23.1598,-34.0835],[23.1638,-34.0827],[23.1643,-34.0844],[23.167,-34.0826],[23.1687,-34.0862],[23.1726,-34.0874],[23.1745,-34.085],[23.1773,-34.0865],[23.1796,-34.0847],[23.1863,-34.0854],[23.1887,-34.0842],[23.1915,-34.0862],[23.1991,-34.0846],[23.2005,-34.0877],[23.2029,-34.0861],[23.2052,-34.0871],[23.2089,-34.0864],[23.2148,-34.0912],[23.2168,-34.0886],[23.2188,-34.0898],[23.2185,-34.0883],[23.2217,-34.0875],[23.2226,-34.0889],[23.2248,-34.0869],[23.2294,-34.0893],[23.2355,-34.0894],[23.2436,-34.0944],[23.2458,-34.0917],[23.2494,-34.0947],[23.2575,-34.0921],[23.2585,-34.094],[23.2609,-34.0932],[23.2648,-34.0951],[23.2638,-34.0975],[23.2673,-34.0963],[23.2677,-34.0986],[23.2705,-34.0998],[23.279,-34.0984],[23.2799,-34.1001],[23.2864,-34.1017],[23.2923,-34.0995],[23.2935,-34.1018],[23.3052,-34.1014],[23.3068,-34.1033],[23.3144,-34.103],[23.3218,-34.0993],[23.3291,-34.1025],[23.3367,-34.1005],[23.341,-34.102],[23.345,-34.1005],[23.3461,-34.1024],[23.3505,-34.103],[23.3509,-34.1046],[23.3559,-34.1048],[23.3583,-34.1065],[23.3648,-34.1055],[23.3705,-34.1011],[23.383,-34.1019],[23.3878,-34.1054],[23.3884,-34.1073],[23.3858,-34.1081],[23.3865,-34.1089],[23.3907,-34.1082],[23.3907,-34.1053],[23.4069,-34.1114],[23.4077,-34.1096],[23.4122,-34.1092],[23.4125,-34.1071],[23.4079,-34.1063],[23.3973,-34.1007],[23.3828,-34.1005],[23.3755,-34.0982],[23.3715,-34.0861],[23.3715,-34.0787],[23.3765,-34.067],[23.3811,-34.0609],[23.3783,-34.0603],[23.3783,-34.0552],[23.3813,-34.0534],[23.3787,-34.0534],[23.3779,-34.0513],[23.3845,-34.0401],[23.3966,-34.0298],[23.4124,-34.0193],[23.4312,-34.0109],[23.4523,-34.005],[23.4687,-34.0035],[23.4704,-34.0021],[23.4771,-34.0036],[23.484,-34.0021],[23.4862,-34.004],[23.4884,-34.0024],[23.4917,-34.0031],[23.4933,-34.0051],[23.493,-34.0037],[23.4969,-34.0005],[23.5082,-34.0007],[23.512,-34.0021],[23.5127,-34.0009],[23.5191,-34.0016],[23.5282,-34.0001],[23.5307,-33.9985],[23.5332,-33.9923],[23.5362,-33.9896],[23.5396,-33.9909],[23.5467,-33.9891],[23.5489,-33.9854],[23.5565,-33.9827],[23.5751,-33.9817],[23.5784,-33.9847],[23.5916,-33.9832],[23.5991,-33.98],[23.6104,-33.9808],[23.617,-33.979],[23.6184,-33.9808],[23.6303,-33.9813],[23.6356,-33.983],[23.6442,-33.98],[23.647,-33.9806],[23.6475,-33.9772],[23.6454,-33.9758],[23.6475,-33.9727],[23.6444,-33.9638],[23.6459,-33.9624],[23.6409,-33.9548],[23.6377,-33.9552],[23.6346,-33.9521],[23.6351,-33.94],[23.6385,-33.9372],[23.637,-33.9347],[23.6406,-33.9332],[23.6399,-33.931],[23.6432,-33.9319],[23.6447,-33.9307],[23.644,-33.9275],[23.64,-33.9242],[23.6432,-33.9223],[23.6428,-33.9198],[23.6374,-33.913],[23.6399,-33.9097],[23.6523,-33.9096],[23.6568,-33.9069],[23.6577,-33.9048],[23.655,-33.9037],[23.6569,-33.9022],[23.6497,-33.8989],[23.6493,-33.897],[23.6476,-33.8967],[23.6488,-33.8945],[23.6474,-33.8928],[23.6516,-33.8927],[23.6559,-33.8868],[23.658,-33.8877],[23.6666,-33.8847],[23.6692,-33.8854],[23.671,-33.8835],[23.683,-33.884],[23.6881,-33.879],[23.6943,-33.868],[23.7006,-33.8674],[23.7033,-33.8641],[23.6203,-33.8432],[23.6081,-33.8329],[23.5619,-33.8289],[23.554,-33.7964],[23.5573,-33.7934],[23.5188,-33.7821],[23.5179,-33.7856],[23.488,-33.7915],[23.4891,-33.8075],[23.468,-33.8075],[23.4542,-33.8032],[23.4277,-33.7991],[23.417,-33.7947],[23.395,-33.7926],[23.4301,-33.7618],[23.4399,-33.7174],[23.4754,-33.7177],[23.5413,-33.6995],[23.5417,-33.683],[23.5555,-33.673],[23.5565,-33.6515],[23.5859,-33.6727],[23.6288,-33.6693],[23.6704,-33.6726],[23.675,-33.6259],[23.6199,-33.5915],[23.6168,-33.5696],[23.5962,-33.5725],[23.6001,-33.5275],[23.6061,-33.5034],[23.604,-33.4964],[23.5786,-33.4857],[23.579,-33.4847],[23.5142,-33.4627],[23.4956,-33.4434],[23.4676,-33.4481],[23.4233,-33.442],[23.3934,-33.4457],[23.3738,-33.4454],[23.3549,-33.4412],[23.3641,-33.4618],[23.318,-33.4065],[23.2971,-33.3886],[23.1954,-33.3862],[23.1348,-33.3876],[23.1129,-33.4008],[23.0664,-33.4003],[22.9348,-33.4291],[22.8303,-33.4191],[22.7744,-33.4197],[22.7845,-33.4155],[22.7357,-33.3948],[22.7393,-33.324],[22.7734,-33.3263],[22.7739,-33.309],[22.7903,-33.3073],[22.8402,-33.2202],[22.8772,-33.1869],[22.8923,-33.1416],[22.9553,-33.0731],[22.9578,-33.0451],[22.9341,-33.0217],[22.9352,-33.013],[22.9693,-32.9934],[22.9488,-32.95],[23.0037,-32.8983],[23.0074,-32.8728],[23.098,-32.8737],[23.1164,-32.858],[23.0893,-32.7992],[23.1493,-32.7667],[23.1875,-32.7674],[23.2011,-32.7854],[23.2504,-32.7886],[23.3052,-32.8095],[23.3786,-32.825],[23.3977,-32.7635],[23.3516,-32.7638],[23.3535,-32.7294],[23.3329,-32.7036],[23.2696,-32.6715],[23.3013,-32.6518],[23.3073,-32.6116],[23.2882,-32.5512],[23.2445,-32.5132],[23.2475,-32.4653],[23.2216,-32.425],[23.2721,-32.4007],[23.2872,-32.4042],[23.3073,-32.3959],[23.3331,-32.3511],[23.3493,-32.3644],[23.4099,-32.3892],[23.4247,-32.3562],[23.449,-32.3233],[23.5236,-32.3288],[23.5555,-32.3354],[23.5918,-32.3408],[23.6651,-32.3442],[23.6784,-32.3291],[23.6569,-32.3039],[23.6489,-32.298],[23.6705,-32.2377],[23.6924,-32.2335],[23.7082,-32.2192],[23.7261,-32.2084],[23.7471,-32.2007],[23.7662,-32.1787],[23.7979,-32.1941],[23.8511,-32.2425],[23.8645,-32.249],[23.8923,-32.2549],[23.921,-32.2334],[23.9354,-32.2319],[23.953,-32.2165],[23.9611,-32.2065],[23.9847,-32.1984],[23.9845,-32.1964],[23.9858,-32.1978],[24.0305,-32.1935],[24.0441,-32.1819],[24.038,-32.1581],[24.0692,-32.1601],[24.0882,-32.1638],[24.1001,-32.164],[24.1129,-32.1509],[24.1022,-32.1488],[24.1176,-32.1352],[24.1304,-32.132],[24.1355,-32.1231],[24.1354,-32.0979],[24.1097,-32.0843],[24.0979,-32.1108],[24.0979,-32.0852],[24.1029,-32.0699],[24.1044,-32.0676],[24.1126,-32.07],[24.1119,-32.0616],[24.1233,-32.0559],[24.1348,-32.0602],[24.1411,-32.0514],[24.1286,-32.0413],[24.1409,-32.0117],[24.1745,-32.0199],[24.1749,-32.0126],[24.1894,-32.0122],[24.1878,-32.0082],[24.1937,-32.0048],[24.183,-31.9959],[24.2224,-31.9556],[24.2054,-31.9417],[24.1998,-31.9426],[24.188,-31.9336],[24.1912,-31.9268],[24.1972,-31.9235],[24.1642,-31.9024],[24.1466,-31.8968],[24.1468,-31.9027],[24.1386,-31.9054],[24.1054,-31.9069],[24.1048,-31.8868],[24.1083,-31.8861],[24.1236,-31.8472],[24.1533,-31.8549],[24.1548,-31.8225],[24.1598,-31.8231],[24.1797,-31.8194],[24.1837,-31.8133],[24.1543,-31.7983],[24.1525,-31.7886]]]]}}]}